ms,event,rssi,seq,label,addr,mfd
# meta, firmware=RX_UCCS_D2B_SCAN90, buf_size=512
# condition_label=F4-03-500
197,ADV,-42,1795,F4-03-500,e0:5a:1b:15:c4:ca,1795_F4-03-500
701,ADV,-42,5,P4-01-500,e0:5a:1b:15:c4:ca,5_P4-01-500
1208,ADV,-42,10,P4-01-500,e0:5a:1b:15:c4:ca,10_P4-01-500
1807,ADV,-36,16,P4-00-100,e0:5a:1b:15:c4:ca,16_P4-00-100
2126,ADV,-42,19,P4-00-100,e0:5a:1b:15:c4:ca,19_P4-00-100
2222,ADV,-36,20,P4-00-100,e0:5a:1b:15:c4:ca,20_P4-00-100
2326,ADV,-36,21,P4-00-100,e0:5a:1b:15:c4:ca,21_P4-00-100
2430,ADV,-34,22,P4-00-100,e0:5a:1b:15:c4:ca,22_P4-00-100
2537,ADV,-43,23,P4-00-100,e0:5a:1b:15:c4:ca,23_P4-00-100
2640,ADV,-42,24,P4-00-100,e0:5a:1b:15:c4:ca,24_P4-00-100
2743,ADV,-39,25,P4-00-100,e0:5a:1b:15:c4:ca,25_P4-00-100
2846,ADV,-34,26,P4-00-100,e0:5a:1b:15:c4:ca,26_P4-00-100
2952,ADV,-34,27,P4-00-100,e0:5a:1b:15:c4:ca,27_P4-00-100
3053,ADV,-42,28,P4-00-100,e0:5a:1b:15:c4:ca,28_P4-00-100
3155,ADV,-37,29,P4-00-100,e0:5a:1b:15:c4:ca,29_P4-00-100
3255,ADV,-36,30,P4-00-100,e0:5a:1b:15:c4:ca,30_P4-00-100
3357,ADV,-34,31,P4-00-100,e0:5a:1b:15:c4:ca,31_P4-00-100
3571,ADV,-42,33,P4-00-100,e0:5a:1b:15:c4:ca,33_P4-00-100
3667,ADV,-35,34,P4-00-100,e0:5a:1b:15:c4:ca,34_P4-00-100
3769,ADV,-36,35,P4-00-100,e0:5a:1b:15:c4:ca,35_P4-00-100
3873,ADV,-34,36,P4-00-100,e0:5a:1b:15:c4:ca,36_P4-00-100
3979,ADV,-43,37,P4-00-100,e0:5a:1b:15:c4:ca,37_P4-00-100
4084,ADV,-42,38,P4-00-100,e0:5a:1b:15:c4:ca,38_P4-00-100
4186,ADV,-36,39,P4-00-100,e0:5a:1b:15:c4:ca,39_P4-00-100
4290,ADV,-34,40,P4-00-100,e0:5a:1b:15:c4:ca,40_P4-00-100
4397,ADV,-34,41,P4-00-100,e0:5a:1b:15:c4:ca,41_P4-00-100
4607,ADV,-36,43,P4-00-100,e0:5a:1b:15:c4:ca,43_P4-00-100
4715,ADV,-36,44,P4-00-100,e0:5a:1b:15:c4:ca,44_P4-00-100
4817,ADV,-34,45,P4-00-100,e0:5a:1b:15:c4:ca,45_P4-00-100
4924,ADV,-42,47,P4-00-100,e0:5a:1b:15:c4:ca,47_P4-00-100
5030,ADV,-42,48,P4-00-100,e0:5a:1b:15:c4:ca,48_P4-00-100
5133,ADV,-36,49,P4-00-100,e0:5a:1b:15:c4:ca,49_P4-00-100
5240,ADV,-33,50,P4-00-100,e0:5a:1b:15:c4:ca,50_P4-00-100
5341,ADV,-34,51,P4-00-100,e0:5a:1b:15:c4:ca,51_P4-00-100
5453,ADV,-43,52,P4-00-100,e0:5a:1b:15:c4:ca,52_P4-00-100
5643,ADV,-36,54,P4-00-100,e0:5a:1b:15:c4:ca,54_P4-00-100
5758,ADV,-34,55,P4-00-100,e0:5a:1b:15:c4:ca,55_P4-00-100
5967,ADV,-43,57,P4-00-100,e0:5a:1b:15:c4:ca,57_P4-00-100
6043,ADV,-36,58,P4-00-500,e0:5a:1b:15:c4:ca,58_P4-00-500
6541,ADV,-36,63,P4-00-500,e0:5a:1b:15:c4:ca,63_P4-00-500
7048,ADV,-36,68,P4-00-500,e0:5a:1b:15:c4:ca,68_P4-00-500
7554,ADV,-36,73,P4-00-500,e0:5a:1b:15:c4:ca,73_P4-00-500
8056,ADV,-36,78,P4-00-500,e0:5a:1b:15:c4:ca,78_P4-00-500
8558,ADV,-36,83,P4-00-500,e0:5a:1b:15:c4:ca,83_P4-00-500
9652,ADV,-33,94,P4-07-100,e0:5a:1b:15:c4:ca,94_P4-07-100
9764,ADV,-42,95,P4-07-100,e0:5a:1b:15:c4:ca,95_P4-07-100
9961,ADV,-36,97,P4-11-100,e0:5a:1b:15:c4:ca,97_P4-11-100
10067,ADV,-34,98,P4-11-100,e0:5a:1b:15:c4:ca,98_P4-11-100
10173,ADV,-34,99,P4-11-100,e0:5a:1b:15:c4:ca,99_P4-11-100
10271,ADV,-42,100,P4-11-100,e0:5a:1b:15:c4:ca,100_P4-11-100
10378,ADV,-36,101,P4-11-100,e0:5a:1b:15:c4:ca,101_P4-11-100
10478,ADV,-36,102,P4-11-100,e0:5a:1b:15:c4:ca,102_P4-11-100
10587,ADV,-34,103,P4-11-100,e0:5a:1b:15:c4:ca,103_P4-11-100
10690,ADV,-42,104,P4-11-100,e0:5a:1b:15:c4:ca,104_P4-11-100
10795,ADV,-43,105,P4-11-100,e0:5a:1b:15:c4:ca,105_P4-11-100
11007,ADV,-34,107,P4-11-100,e0:5a:1b:15:c4:ca,107_P4-11-100
11102,ADV,-34,108,P4-11-100,e0:5a:1b:15:c4:ca,108_P4-11-100
11216,ADV,-42,109,P4-11-100,e0:5a:1b:15:c4:ca,109_P4-11-100
11524,ADV,-33,112,P4-11-100,e0:5a:1b:15:c4:ca,112_P4-11-100
11734,ADV,-42,114,P4-11-100,e0:5a:1b:15:c4:ca,114_P4-11-100
11838,ADV,-36,115,P4-11-100,e0:5a:1b:15:c4:ca,115_P4-11-100
12046,ADV,-34,117,P4-11-100,e0:5a:1b:15:c4:ca,117_P4-11-100
12368,ADV,-104,121,P4-10-100,e0:5a:1b:15:c4:ca,121_P4-10-100
12471,ADV,-34,122,P4-10-100,e0:5a:1b:15:c4:ca,122_P4-10-100
12683,ADV,-42,124,P4-10-100,e0:5a:1b:15:c4:ca,124_P4-10-100
12780,ADV,-36,125,P4-10-100,e0:5a:1b:15:c4:ca,125_P4-10-100
12890,ADV,-36,126,P4-10-100,e0:5a:1b:15:c4:ca,126_P4-10-100
12996,ADV,-33,127,P4-10-100,e0:5a:1b:15:c4:ca,127_P4-10-100
13100,ADV,-42,128,P4-10-100,e0:5a:1b:15:c4:ca,128_P4-10-100
13199,ADV,-42,129,P4-10-100,e0:5a:1b:15:c4:ca,129_P4-10-100
13300,ADV,-36,130,P4-10-100,e0:5a:1b:15:c4:ca,130_P4-10-100
13408,ADV,-34,131,P4-10-100,e0:5a:1b:15:c4:ca,131_P4-10-100
13516,ADV,-34,132,P4-10-100,e0:5a:1b:15:c4:ca,132_P4-10-100
13622,ADV,-42,133,P4-10-100,e0:5a:1b:15:c4:ca,133_P4-10-100
13730,ADV,-36,134,P4-10-100,e0:5a:1b:15:c4:ca,134_P4-10-100
13831,ADV,-36,135,P4-10-100,e0:5a:1b:15:c4:ca,135_P4-10-100
13939,ADV,-34,136,P4-10-100,e0:5a:1b:15:c4:ca,136_P4-10-100
14046,ADV,-43,137,P4-10-100,e0:5a:1b:15:c4:ca,137_P4-10-100
14246,ADV,-36,139,P4-10-100,e0:5a:1b:15:c4:ca,139_P4-10-100
14353,ADV,-33,140,P4-10-100,e0:5a:1b:15:c4:ca,140_P4-10-100
14455,ADV,-34,141,P4-10-100,e0:5a:1b:15:c4:ca,141_P4-10-100
14567,ADV,-42,142,P4-10-100,e0:5a:1b:15:c4:ca,142_P4-10-100
14771,ADV,-36,144,P4-10-100,e0:5a:1b:15:c4:ca,144_P4-10-100
14887,ADV,-34,145,P4-10-100,e0:5a:1b:15:c4:ca,145_P4-10-100
15089,ADV,-42,147,P4-10-100,e0:5a:1b:15:c4:ca,147_P4-10-100
15190,ADV,-37,148,P4-10-100,e0:5a:1b:15:c4:ca,148_P4-10-100
15404,ADV,-34,151,P4-10-100,e0:5a:1b:15:c4:ca,151_P4-10-100
15508,ADV,-43,152,P4-10-100,e0:5a:1b:15:c4:ca,152_P4-10-100
15613,ADV,-42,153,P4-10-100,e0:5a:1b:15:c4:ca,153_P4-10-100
15711,ADV,-36,154,P4-10-100,e0:5a:1b:15:c4:ca,154_P4-10-100
15819,ADV,-34,155,P4-10-100,e0:5a:1b:15:c4:ca,155_P4-10-100
15922,ADV,-33,156,P4-10-100,e0:5a:1b:15:c4:ca,156_P4-10-100
16141,ADV,-36,158,P4-10-100,e0:5a:1b:15:c4:ca,158_P4-10-100
16236,ADV,-36,159,P4-10-100,e0:5a:1b:15:c4:ca,159_P4-10-100
16353,ADV,-34,160,P4-10-100,e0:5a:1b:15:c4:ca,160_P4-10-100
16453,ADV,-42,161,P4-10-100,e0:5a:1b:15:c4:ca,161_P4-10-100
16556,ADV,-42,162,P4-10-100,e0:5a:1b:15:c4:ca,162_P4-10-100
16664,ADV,-36,163,P4-10-100,e0:5a:1b:15:c4:ca,163_P4-10-100
16770,ADV,-34,164,P4-10-100,e0:5a:1b:15:c4:ca,164_P4-10-100
16874,ADV,-34,165,P4-10-100,e0:5a:1b:15:c4:ca,165_P4-10-100
16922,ADV,-42,166,P4-10-500,e0:5a:1b:15:c4:ca,166_P4-10-500
17434,ADV,-43,171,P4-10-500,e0:5a:1b:15:c4:ca,171_P4-10-500
17929,ADV,-42,176,P4-10-500,e0:5a:1b:15:c4:ca,176_P4-10-500
18434,ADV,-42,181,P4-10-500,e0:5a:1b:15:c4:ca,181_P4-10-500
18940,ADV,-42,186,P4-10-500,e0:5a:1b:15:c4:ca,186_P4-10-500
19454,ADV,-42,191,P4-10-500,e0:5a:1b:15:c4:ca,191_P4-10-500
20456,ADV,-35,201,P4-10-500,e0:5a:1b:15:c4:ca,201_P4-10-500
20963,ADV,-36,206,P4-10-500,e0:5a:1b:15:c4:ca,206_P4-10-500
21464,ADV,-35,211,P4-10-500,e0:5a:1b:15:c4:ca,211_P4-10-500
22474,ADV,-38,221,P4-10-500,e0:5a:1b:15:c4:ca,221_P4-10-500
22976,ADV,-36,226,P4-10-500,e0:5a:1b:15:c4:ca,226_P4-10-500
23987,ADV,-34,236,P4-10-500,e0:5a:1b:15:c4:ca,236_P4-10-500
24490,ADV,-33,241,P4-10-500,e0:5a:1b:15:c4:ca,241_P4-10-500
25655,ADV,-42,253,P4-06-100,e0:5a:1b:15:c4:ca,253_P4-06-100
25756,ADV,-36,254,P4-06-100,e0:5a:1b:15:c4:ca,254_P4-06-100
25967,ADV,-34,256,P4-06-100,e0:5a:1b:15:c4:ca,256_P4-06-100
26283,ADV,-39,259,P4-06-100,e0:5a:1b:15:c4:ca,259_P4-06-100
26390,ADV,-34,260,P4-06-100,e0:5a:1b:15:c4:ca,260_P4-06-100
26495,ADV,-33,261,P4-06-100,e0:5a:1b:15:c4:ca,261_P4-06-100
26600,ADV,-43,262,P4-06-100,e0:5a:1b:15:c4:ca,262_P4-06-100
26707,ADV,-36,263,P4-06-100,e0:5a:1b:15:c4:ca,263_P4-06-100
26815,ADV,-36,264,P4-06-100,e0:5a:1b:15:c4:ca,264_P4-06-100
26916,ADV,-33,265,P4-06-100,e0:5a:1b:15:c4:ca,265_P4-06-100
27022,ADV,-43,266,P4-06-100,e0:5a:1b:15:c4:ca,266_P4-06-100
27129,ADV,-42,267,P4-06-100,e0:5a:1b:15:c4:ca,267_P4-06-100
27228,ADV,-36,268,P4-06-100,e0:5a:1b:15:c4:ca,268_P4-06-100
27331,ADV,-34,269,P4-06-100,e0:5a:1b:15:c4:ca,269_P4-06-100
27539,ADV,-42,271,P4-06-100,e0:5a:1b:15:c4:ca,271_P4-06-100
27639,ADV,-36,272,P4-06-100,e0:5a:1b:15:c4:ca,272_P4-06-100
27744,ADV,-36,273,P4-06-100,e0:5a:1b:15:c4:ca,273_P4-06-100
27854,ADV,-34,274,P4-06-100,e0:5a:1b:15:c4:ca,274_P4-06-100
27962,ADV,-42,276,P4-06-100,e0:5a:1b:15:c4:ca,276_P4-06-100
28057,ADV,-42,277,P4-06-100,e0:5a:1b:15:c4:ca,277_P4-06-100
28159,ADV,-37,278,P4-06-100,e0:5a:1b:15:c4:ca,278_P4-06-100
28479,ADV,-42,281,P4-06-100,e0:5a:1b:15:c4:ca,281_P4-06-100
28783,ADV,-34,284,P4-06-100,e0:5a:1b:15:c4:ca,284_P4-06-100
28893,ADV,-34,285,P4-06-100,e0:5a:1b:15:c4:ca,285_P4-06-100
28999,ADV,-42,286,P4-06-100,e0:5a:1b:15:c4:ca,286_P4-06-100
29096,ADV,-36,287,P4-06-100,e0:5a:1b:15:c4:ca,287_P4-06-100
29196,ADV,-36,288,P4-06-100,e0:5a:1b:15:c4:ca,288_P4-06-100
29304,ADV,-33,289,P4-06-100,e0:5a:1b:15:c4:ca,289_P4-06-100
29413,ADV,-42,290,P4-06-100,e0:5a:1b:15:c4:ca,290_P4-06-100
29479,ADV,-42,291,P4-06-500,e0:5a:1b:15:c4:ca,291_P4-06-500
29986,ADV,-42,296,P4-06-500,e0:5a:1b:15:c4:ca,296_P4-06-500
30496,ADV,-42,301,P4-06-500,e0:5a:1b:15:c4:ca,301_P4-06-500
30997,ADV,-39,306,P4-06-500,e0:5a:1b:15:c4:ca,306_P4-06-500
31498,ADV,-36,311,P4-06-500,e0:5a:1b:15:c4:ca,311_P4-06-500
32004,ADV,-36,316,P4-06-500,e0:5a:1b:15:c4:ca,316_P4-06-500
32508,ADV,-36,321,P4-06-500,e0:5a:1b:15:c4:ca,321_P4-06-500
33022,ADV,-36,326,P4-06-500,e0:5a:1b:15:c4:ca,326_P4-06-500
33516,ADV,-36,331,P4-06-500,e0:5a:1b:15:c4:ca,331_P4-06-500
34535,ADV,-37,341,P4-07-500,e0:5a:1b:15:c4:ca,341_P4-07-500
35034,ADV,-33,346,P4-07-500,e0:5a:1b:15:c4:ca,346_P4-07-500
35490,ADV,-33,351,P4-07-100,e0:5a:1b:15:c4:ca,351_P4-07-100
35592,ADV,-34,352,P4-07-100,e0:5a:1b:15:c4:ca,352_P4-07-100
35702,ADV,-42,353,P4-07-100,e0:5a:1b:15:c4:ca,353_P4-07-100
35804,ADV,-36,354,P4-07-100,e0:5a:1b:15:c4:ca,354_P4-07-100
35904,ADV,-36,355,P4-07-100,e0:5a:1b:15:c4:ca,355_P4-07-100
36012,ADV,-33,356,P4-07-100,e0:5a:1b:15:c4:ca,356_P4-07-100
36136,ADV,-42,357,P4-07-100,e0:5a:1b:15:c4:ca,357_P4-07-100
36224,ADV,-42,358,P4-07-100,e0:5a:1b:15:c4:ca,358_P4-07-100
36322,ADV,-36,359,P4-07-100,e0:5a:1b:15:c4:ca,359_P4-07-100
36537,ADV,-33,361,P4-07-100,e0:5a:1b:15:c4:ca,361_P4-07-100
36649,ADV,-42,362,P4-11-100,e0:5a:1b:15:c4:ca,362_P4-11-100
36850,ADV,-39,364,P4-11-100,e0:5a:1b:15:c4:ca,364_P4-11-100
36958,ADV,-34,365,P4-11-100,e0:5a:1b:15:c4:ca,365_P4-11-100
37180,ADV,-42,367,P4-11-100,e0:5a:1b:15:c4:ca,367_P4-11-100
37281,ADV,-36,368,P4-11-100,e0:5a:1b:15:c4:ca,368_P4-11-100
37496,ADV,-34,370,P4-11-100,e0:5a:1b:15:c4:ca,370_P4-11-100
37596,ADV,-42,371,P4-11-100,e0:5a:1b:15:c4:ca,371_P4-11-100
37813,ADV,-36,374,P4-11-100,e0:5a:1b:15:c4:ca,374_P4-11-100
37916,ADV,-33,375,P4-11-100,e0:5a:1b:15:c4:ca,375_P4-11-100
38144,ADV,-42,377,P4-04-100,e0:5a:1b:15:c4:ca,377_P4-04-100
38234,ADV,-36,378,P4-04-100,e0:5a:1b:15:c4:ca,378_P4-04-100
38328,ADV,-36,379,P4-04-100,e0:5a:1b:15:c4:ca,379_P4-04-100
38433,ADV,-33,380,P4-04-100,e0:5a:1b:15:c4:ca,380_P4-04-100
38548,ADV,-42,381,P4-04-100,e0:5a:1b:15:c4:ca,381_P4-04-100
38650,ADV,-42,382,P4-04-100,e0:5a:1b:15:c4:ca,382_P4-04-100
38865,ADV,-34,384,P4-04-100,e0:5a:1b:15:c4:ca,384_P4-04-100
38966,ADV,-34,385,P4-04-100,e0:5a:1b:15:c4:ca,385_P4-04-100
39078,ADV,-43,386,P4-04-100,e0:5a:1b:15:c4:ca,386_P4-04-100
39180,ADV,-36,387,P4-04-100,e0:5a:1b:15:c4:ca,387_P4-04-100
39283,ADV,-36,388,P4-04-100,e0:5a:1b:15:c4:ca,388_P4-04-100
39403,ADV,-34,389,P4-04-100,e0:5a:1b:15:c4:ca,389_P4-04-100
39495,ADV,-42,390,P4-04-100,e0:5a:1b:15:c4:ca,390_P4-04-100
39605,ADV,-42,391,P4-04-100,e0:5a:1b:15:c4:ca,391_P4-04-100
39703,ADV,-36,392,P4-04-100,e0:5a:1b:15:c4:ca,392_P4-04-100
39805,ADV,-34,393,P4-04-100,e0:5a:1b:15:c4:ca,393_P4-04-100
39910,ADV,-34,394,P4-04-100,e0:5a:1b:15:c4:ca,394_P4-04-100
40015,ADV,-42,395,P4-04-100,e0:5a:1b:15:c4:ca,395_P4-04-100
40118,ADV,-36,396,P4-04-100,e0:5a:1b:15:c4:ca,396_P4-04-100
40228,ADV,-36,398,P4-04-100,e0:5a:1b:15:c4:ca,398_P4-04-100
40336,ADV,-34,399,P4-04-100,e0:5a:1b:15:c4:ca,399_P4-04-100
40449,ADV,-42,400,P4-04-100,e0:5a:1b:15:c4:ca,400_P4-04-100
40555,ADV,-42,401,P4-04-100,e0:5a:1b:15:c4:ca,401_P4-04-100
40653,ADV,-36,402,P4-04-100,e0:5a:1b:15:c4:ca,402_P4-04-100
40763,ADV,-34,403,P4-04-100,e0:5a:1b:15:c4:ca,403_P4-04-100
40865,ADV,-33,404,P4-04-100,e0:5a:1b:15:c4:ca,404_P4-04-100
40980,ADV,-42,405,P4-04-100,e0:5a:1b:15:c4:ca,405_P4-04-100
41164,ADV,-37,407,P4-04-100,e0:5a:1b:15:c4:ca,407_P4-04-100
41272,ADV,-34,408,P4-04-100,e0:5a:1b:15:c4:ca,408_P4-04-100
41375,ADV,-34,409,P4-04-100,e0:5a:1b:15:c4:ca,409_P4-04-100
41479,ADV,-43,410,P4-04-100,e0:5a:1b:15:c4:ca,410_P4-04-100
41579,ADV,-36,411,P4-04-100,e0:5a:1b:15:c4:ca,411_P4-04-100
41679,ADV,-38,412,P4-04-100,e0:5a:1b:15:c4:ca,412_P4-04-100
41804,ADV,-34,413,P4-04-100,e0:5a:1b:15:c4:ca,413_P4-04-100
41902,ADV,-42,414,P4-04-100,e0:5a:1b:15:c4:ca,414_P4-04-100
42007,ADV,-42,415,P4-04-100,e0:5a:1b:15:c4:ca,415_P4-04-100
42116,ADV,-36,416,P4-04-100,e0:5a:1b:15:c4:ca,416_P4-04-100
42217,ADV,-34,417,P4-04-100,e0:5a:1b:15:c4:ca,417_P4-04-100
42329,ADV,-34,418,P4-04-100,e0:5a:1b:15:c4:ca,418_P4-04-100
42431,ADV,-42,419,P4-04-100,e0:5a:1b:15:c4:ca,419_P4-04-100
42528,ADV,-36,420,P4-04-100,e0:5a:1b:15:c4:ca,420_P4-04-100
42565,ADV,-35,421,P4-04-500,e0:5a:1b:15:c4:ca,421_P4-04-500
43065,ADV,-36,426,P4-04-500,e0:5a:1b:15:c4:ca,426_P4-04-500
43567,ADV,-37,431,P4-10-500,e0:5a:1b:15:c4:ca,431_P4-10-500
44276,ADV,-43,438,P4-10-100,e0:5a:1b:15:c4:ca,438_P4-10-100
44376,ADV,-42,439,P4-10-100,e0:5a:1b:15:c4:ca,439_P4-10-100
44487,ADV,-36,440,P4-10-100,e0:5a:1b:15:c4:ca,440_P4-10-100
44697,ADV,-34,442,P4-10-100,e0:5a:1b:15:c4:ca,442_P4-10-100
44806,ADV,-42,443,P4-10-100,e0:5a:1b:15:c4:ca,443_P4-10-100
45022,ADV,-36,445,P4-10-100,e0:5a:1b:15:c4:ca,445_P4-10-100
45126,ADV,-33,446,P4-10-100,e0:5a:1b:15:c4:ca,446_P4-10-100
45239,ADV,-42,447,P4-10-100,e0:5a:1b:15:c4:ca,447_P4-10-100
45335,ADV,-42,448,P4-10-100,e0:5a:1b:15:c4:ca,448_P4-10-100
45432,ADV,-37,449,P4-10-100,e0:5a:1b:15:c4:ca,449_P4-10-100
45761,ADV,-43,452,P4-10-100,e0:5a:1b:15:c4:ca,452_P4-10-100
45971,ADV,-36,455,P4-10-100,e0:5a:1b:15:c4:ca,455_P4-10-100
46078,ADV,-34,456,P4-10-100,e0:5a:1b:15:c4:ca,456_P4-10-100
46291,ADV,-42,458,P4-10-100,e0:5a:1b:15:c4:ca,458_P4-10-100
46397,ADV,-36,459,P4-10-100,e0:5a:1b:15:c4:ca,459_P4-10-100
46606,ADV,-33,461,P4-10-100,e0:5a:1b:15:c4:ca,461_P4-10-100
46740,ADV,-43,462,P4-10-100,e0:5a:1b:15:c4:ca,462_P4-10-100
46921,ADV,-36,464,P4-10-100,e0:5a:1b:15:c4:ca,464_P4-10-100
47032,ADV,-34,465,P4-10-100,e0:5a:1b:15:c4:ca,465_P4-10-100
47134,ADV,-34,466,P4-10-100,e0:5a:1b:15:c4:ca,466_P4-10-100
47239,ADV,-42,467,P4-10-100,e0:5a:1b:15:c4:ca,467_P4-10-100
47339,ADV,-39,468,P4-10-100,e0:5a:1b:15:c4:ca,468_P4-10-100
47446,ADV,-39,469,P4-10-100,e0:5a:1b:15:c4:ca,469_P4-10-100
47554,ADV,-33,470,P4-10-100,e0:5a:1b:15:c4:ca,470_P4-10-100
47655,ADV,-43,471,P4-10-100,e0:5a:1b:15:c4:ca,471_P4-10-100
47760,ADV,-43,472,P4-10-100,e0:5a:1b:15:c4:ca,472_P4-10-100
47919,ADV,-36,474,P4-10-500,e0:5a:1b:15:c4:ca,474_P4-10-500
48401,ADV,-36,479,P4-10-500,e0:5a:1b:15:c4:ca,479_P4-10-500
49923,ADV,-34,494,P4-10-500,e0:5a:1b:15:c4:ca,494_P4-10-500
50427,ADV,-33,499,P4-10-500,e0:5a:1b:15:c4:ca,499_P4-10-500
50948,ADV,-33,504,P4-10-500,e0:5a:1b:15:c4:ca,504_P4-10-500
51431,ADV,-34,509,P4-10-500,e0:5a:1b:15:c4:ca,509_P4-10-500
51936,ADV,-33,514,P4-10-500,e0:5a:1b:15:c4:ca,514_P4-10-500
52437,ADV,-43,519,P4-10-500,e0:5a:1b:15:c4:ca,519_P4-10-500
52951,ADV,-42,524,P4-10-500,e0:5a:1b:15:c4:ca,524_P4-10-500
53462,ADV,-42,529,P4-10-500,e0:5a:1b:15:c4:ca,529_P4-10-500
54459,ADV,-43,539,P4-10-500,e0:5a:1b:15:c4:ca,539_P4-10-500
54960,ADV,-42,544,P4-10-500,e0:5a:1b:15:c4:ca,544_P4-10-500
55971,ADV,-35,554,P4-10-500,e0:5a:1b:15:c4:ca,554_P4-10-500
56477,ADV,-35,559,P4-10-500,e0:5a:1b:15:c4:ca,559_P4-10-500
56979,ADV,-36,564,P4-10-500,e0:5a:1b:15:c4:ca,564_P4-10-500
57509,ADV,-36,569,P4-10-500,e0:5a:1b:15:c4:ca,569_P4-10-500
57996,ADV,-36,574,P4-10-500,e0:5a:1b:15:c4:ca,574_P4-10-500
59515,ADV,-33,589,P4-10-500,e0:5a:1b:15:c4:ca,589_P4-10-500
60029,ADV,-34,594,P4-10-500,e0:5a:1b:15:c4:ca,594_P4-10-500
60521,ADV,-34,599,P4-10-500,e0:5a:1b:15:c4:ca,599_P4-10-500
61029,ADV,-34,604,P4-10-500,e0:5a:1b:15:c4:ca,604_P4-10-500
61531,ADV,-34,609,P4-03-500,e0:5a:1b:15:c4:ca,609_P4-03-500
62037,ADV,-42,614,P4-03-500,e0:5a:1b:15:c4:ca,614_P4-03-500
62433,ADV,-34,619,P4-07-100,e0:5a:1b:15:c4:ca,619_P4-07-100
62537,ADV,-43,620,P4-07-100,e0:5a:1b:15:c4:ca,620_P4-07-100
62636,ADV,-43,621,P4-07-100,e0:5a:1b:15:c4:ca,621_P4-07-100
62741,ADV,-36,622,P4-07-100,e0:5a:1b:15:c4:ca,622_P4-07-100
62847,ADV,-34,623,P4-07-100,e0:5a:1b:15:c4:ca,623_P4-07-100
62958,ADV,-34,624,P4-07-100,e0:5a:1b:15:c4:ca,624_P4-07-100
63063,ADV,-43,625,P4-07-100,e0:5a:1b:15:c4:ca,625_P4-07-100
63178,ADV,-36,626,P4-07-100,e0:5a:1b:15:c4:ca,626_P4-07-100
63277,ADV,-36,627,P4-07-100,e0:5a:1b:15:c4:ca,627_P4-07-100
63378,ADV,-34,628,P4-07-100,e0:5a:1b:15:c4:ca,628_P4-07-100
63486,ADV,-43,629,P4-07-100,e0:5a:1b:15:c4:ca,629_P4-07-100
63596,ADV,-43,630,P4-07-100,e0:5a:1b:15:c4:ca,630_P4-07-100
63688,ADV,-36,631,P4-07-100,e0:5a:1b:15:c4:ca,631_P4-07-100
63794,ADV,-33,632,P4-07-100,e0:5a:1b:15:c4:ca,632_P4-07-100
63899,ADV,-34,633,P4-07-100,e0:5a:1b:15:c4:ca,633_P4-07-100
64006,ADV,-43,634,P4-07-100,e0:5a:1b:15:c4:ca,634_P4-07-100
64230,ADV,-35,636,P4-07-100,e0:5a:1b:15:c4:ca,636_P4-07-100
64342,ADV,-34,637,P4-07-100,e0:5a:1b:15:c4:ca,637_P4-07-100
64549,ADV,-43,639,P4-07-100,e0:5a:1b:15:c4:ca,639_P4-07-100
64637,ADV,-36,640,P4-07-100,e0:5a:1b:15:c4:ca,640_P4-07-100
64851,ADV,-33,643,P4-03-100,e0:5a:1b:15:c4:ca,643_P4-03-100
64957,ADV,-42,644,P4-03-100,e0:5a:1b:15:c4:ca,644_P4-03-100
65165,ADV,-35,646,P4-03-100,e0:5a:1b:15:c4:ca,646_P4-03-100
65277,ADV,-34,647,P4-03-100,e0:5a:1b:15:c4:ca,647_P4-03-100
65480,ADV,-42,649,P4-03-100,e0:5a:1b:15:c4:ca,649_P4-03-100
65581,ADV,-35,650,P4-03-100,e0:5a:1b:15:c4:ca,650_P4-03-100
65695,ADV,-35,651,P4-03-100,e0:5a:1b:15:c4:ca,651_P4-03-100
65802,ADV,-34,652,P4-03-100,e0:5a:1b:15:c4:ca,652_P4-03-100
65898,ADV,-42,653,P4-03-100,e0:5a:1b:15:c4:ca,653_P4-03-100
66007,ADV,-42,654,P4-03-100,e0:5a:1b:15:c4:ca,654_P4-03-100
66217,ADV,-33,656,P4-03-100,e0:5a:1b:15:c4:ca,656_P4-03-100
66317,ADV,-33,657,P4-03-100,e0:5a:1b:15:c4:ca,657_P4-03-100
66425,ADV,-44,658,P4-03-100,e0:5a:1b:15:c4:ca,658_P4-03-100
66530,ADV,-36,659,P4-03-100,e0:5a:1b:15:c4:ca,659_P4-03-100
66634,ADV,-36,660,P4-03-100,e0:5a:1b:15:c4:ca,660_P4-03-100
66737,ADV,-34,661,P4-03-100,e0:5a:1b:15:c4:ca,661_P4-03-100
66848,ADV,-45,662,P4-03-100,e0:5a:1b:15:c4:ca,662_P4-03-100
66954,ADV,-45,663,P4-03-100,e0:5a:1b:15:c4:ca,663_P4-03-100
67060,ADV,-36,664,P4-03-100,e0:5a:1b:15:c4:ca,664_P4-03-100
67165,ADV,-34,665,P4-03-100,e0:5a:1b:15:c4:ca,665_P4-03-100
67270,ADV,-34,666,P4-03-100,e0:5a:1b:15:c4:ca,666_P4-03-100
67378,ADV,-45,668,P4-03-100,e0:5a:1b:15:c4:ca,668_P4-03-100
67891,ADV,-45,673,P4-03-100,e0:5a:1b:15:c4:ca,673_P4-03-100
67997,ADV,-36,674,P4-03-100,e0:5a:1b:15:c4:ca,674_P4-03-100
68208,ADV,-34,676,P4-03-100,e0:5a:1b:15:c4:ca,676_P4-03-100
68315,ADV,-44,677,P4-03-100,e0:5a:1b:15:c4:ca,677_P4-03-100
68416,ADV,-43,678,P4-03-100,e0:5a:1b:15:c4:ca,678_P4-03-100
68526,ADV,-35,679,P4-03-100,e0:5a:1b:15:c4:ca,679_P4-03-100
68626,ADV,-34,680,P4-09-100,e0:5a:1b:15:c4:ca,680_P4-09-100
68727,ADV,-34,681,P4-09-100,e0:5a:1b:15:c4:ca,681_P4-09-100
68833,ADV,-45,682,P4-09-100,e0:5a:1b:15:c4:ca,682_P4-09-100
68950,ADV,-36,683,P4-09-100,e0:5a:1b:15:c4:ca,683_P4-09-100
69147,ADV,-34,685,P4-09-100,e0:5a:1b:15:c4:ca,685_P4-09-100
69252,ADV,-44,686,P4-09-100,e0:5a:1b:15:c4:ca,686_P4-09-100
69356,ADV,-45,687,P4-09-100,e0:5a:1b:15:c4:ca,687_P4-09-100
69477,ADV,-35,688,P4-09-100,e0:5a:1b:15:c4:ca,688_P4-09-100
69570,ADV,-34,689,P4-09-100,e0:5a:1b:15:c4:ca,689_P4-09-100
69673,ADV,-37,690,P4-09-100,e0:5a:1b:15:c4:ca,690_P4-09-100
69790,ADV,-45,691,P4-09-100,e0:5a:1b:15:c4:ca,691_P4-09-100
69882,ADV,-36,692,P4-09-100,e0:5a:1b:15:c4:ca,692_P4-09-100
69985,ADV,-36,693,P4-09-100,e0:5a:1b:15:c4:ca,693_P4-09-100
70091,ADV,-34,694,P4-09-100,e0:5a:1b:15:c4:ca,694_P4-09-100
70197,ADV,-44,695,P4-09-100,e0:5a:1b:15:c4:ca,695_P4-09-100
70297,ADV,-44,696,P4-09-100,e0:5a:1b:15:c4:ca,696_P4-09-100
70399,ADV,-36,697,P4-09-100,e0:5a:1b:15:c4:ca,697_P4-09-100
70603,ADV,-34,700,P4-09-100,e0:5a:1b:15:c4:ca,700_P4-09-100
70711,ADV,-45,701,P4-09-100,e0:5a:1b:15:c4:ca,701_P4-09-100
70918,ADV,-35,703,P4-09-100,e0:5a:1b:15:c4:ca,703_P4-09-100
71026,ADV,-33,704,P4-09-100,e0:5a:1b:15:c4:ca,704_P4-09-100
71131,ADV,-33,705,P4-09-100,e0:5a:1b:15:c4:ca,705_P4-09-100
71233,ADV,-42,706,P4-09-100,e0:5a:1b:15:c4:ca,706_P4-09-100
71346,ADV,-35,707,P4-09-100,e0:5a:1b:15:c4:ca,707_P4-09-100
71440,ADV,-36,708,P4-09-100,e0:5a:1b:15:c4:ca,708_P4-09-100
71547,ADV,-34,709,P4-09-100,e0:5a:1b:15:c4:ca,709_P4-09-100
71753,ADV,-42,711,P4-09-100,e0:5a:1b:15:c4:ca,711_P4-09-100
71959,ADV,-33,713,P4-09-100,e0:5a:1b:15:c4:ca,713_P4-09-100
72175,ADV,-42,715,P4-08-100,e0:5a:1b:15:c4:ca,715_P4-08-100
72377,ADV,-35,717,P4-08-100,e0:5a:1b:15:c4:ca,717_P4-08-100
72688,ADV,-42,720,P4-08-100,e0:5a:1b:15:c4:ca,720_P4-08-100
72789,ADV,-35,721,P4-08-100,e0:5a:1b:15:c4:ca,721_P4-08-100
72893,ADV,-35,722,P4-08-100,e0:5a:1b:15:c4:ca,722_P4-08-100
72995,ADV,-34,723,P4-08-100,e0:5a:1b:15:c4:ca,723_P4-08-100
73103,ADV,-42,724,P4-07-100,e0:5a:1b:15:c4:ca,724_P4-07-100
73210,ADV,-43,725,P4-07-100,e0:5a:1b:15:c4:ca,725_P4-07-100
73408,ADV,-34,727,P4-07-100,e0:5a:1b:15:c4:ca,727_P4-07-100
73511,ADV,-33,728,P4-07-100,e0:5a:1b:15:c4:ca,728_P4-07-100
73619,ADV,-42,729,P4-07-100,e0:5a:1b:15:c4:ca,729_P4-07-100
73717,ADV,-35,730,P4-07-100,e0:5a:1b:15:c4:ca,730_P4-07-100
73930,ADV,-33,732,P4-07-100,e0:5a:1b:15:c4:ca,732_P4-07-100
74039,ADV,-42,733,P4-07-100,e0:5a:1b:15:c4:ca,733_P4-07-100
74139,ADV,-43,735,P4-07-100,e0:5a:1b:15:c4:ca,735_P4-07-100
74241,ADV,-35,736,P4-07-100,e0:5a:1b:15:c4:ca,736_P4-07-100
74451,ADV,-33,738,P4-07-100,e0:5a:1b:15:c4:ca,738_P4-07-100
74547,ADV,-42,739,P4-07-100,e0:5a:1b:15:c4:ca,739_P4-07-100
74656,ADV,-42,740,P4-07-100,e0:5a:1b:15:c4:ca,740_P4-07-100
74769,ADV,-35,741,P4-07-100,e0:5a:1b:15:c4:ca,741_P4-07-100
74865,ADV,-34,742,P4-07-100,e0:5a:1b:15:c4:ca,742_P4-07-100
74968,ADV,-34,743,P4-07-100,e0:5a:1b:15:c4:ca,743_P4-07-100
75081,ADV,-43,744,P4-07-100,e0:5a:1b:15:c4:ca,744_P4-07-100
75177,ADV,-35,745,P4-07-100,e0:5a:1b:15:c4:ca,745_P4-07-100
75289,ADV,-35,746,P4-07-100,e0:5a:1b:15:c4:ca,746_P4-07-100
75397,ADV,-35,747,P4-07-100,e0:5a:1b:15:c4:ca,747_P4-07-100
75522,ADV,-43,748,P4-07-100,e0:5a:1b:15:c4:ca,748_P4-07-100
75612,ADV,-42,749,P4-07-100,e0:5a:1b:15:c4:ca,749_P4-07-100
75712,ADV,-37,750,P4-07-100,e0:5a:1b:15:c4:ca,750_P4-07-100
75813,ADV,-34,751,P4-07-100,e0:5a:1b:15:c4:ca,751_P4-07-100
75924,ADV,-34,752,P4-07-100,e0:5a:1b:15:c4:ca,752_P4-07-100
76033,ADV,-45,753,P4-07-100,e0:5a:1b:15:c4:ca,753_P4-07-100
76134,ADV,-36,754,P4-07-100,e0:5a:1b:15:c4:ca,754_P4-07-100
76241,ADV,-36,755,P4-07-100,e0:5a:1b:15:c4:ca,755_P4-07-100
76341,ADV,-35,756,P4-07-100,e0:5a:1b:15:c4:ca,756_P4-07-100
76446,ADV,-45,757,P4-07-100,e0:5a:1b:15:c4:ca,757_P4-07-100
76552,ADV,-43,758,P4-07-100,e0:5a:1b:15:c4:ca,758_P4-07-100
76756,ADV,-33,760,P4-07-100,e0:5a:1b:15:c4:ca,760_P4-07-100
76854,ADV,-33,761,P4-07-100,e0:5a:1b:15:c4:ca,761_P4-07-100
76957,ADV,-42,762,P4-07-100,e0:5a:1b:15:c4:ca,762_P4-07-100
77164,ADV,-35,765,P4-07-100,e0:5a:1b:15:c4:ca,765_P4-07-100
77271,ADV,-34,766,P4-07-100,e0:5a:1b:15:c4:ca,766_P4-07-100
77486,ADV,-43,768,P4-07-100,e0:5a:1b:15:c4:ca,768_P4-07-100
77592,ADV,-39,769,P4-07-100,e0:5a:1b:15:c4:ca,769_P4-07-100
77679,ADV,-40,770,P4-07-500,e0:5a:1b:15:c4:ca,770_P4-07-500
78682,ADV,-36,780,P4-00-100,e0:5a:1b:15:c4:ca,780_P4-00-100
78782,ADV,-38,781,P4-00-100,e0:5a:1b:15:c4:ca,781_P4-00-100
78889,ADV,-43,782,P4-00-100,e0:5a:1b:15:c4:ca,782_P4-00-100
79089,ADV,-40,784,P4-00-100,e0:5a:1b:15:c4:ca,784_P4-00-100
79194,ADV,-35,785,P4-00-100,e0:5a:1b:15:c4:ca,785_P4-00-100
79440,ADV,-43,787,P4-00-100,e0:5a:1b:15:c4:ca,787_P4-00-100
79616,ADV,-36,789,P4-00-100,e0:5a:1b:15:c4:ca,789_P4-00-100
79714,ADV,-34,790,P4-00-100,e0:5a:1b:15:c4:ca,790_P4-00-100
79822,ADV,-43,791,P4-00-100,e0:5a:1b:15:c4:ca,791_P4-00-100
79929,ADV,-44,792,P4-00-100,e0:5a:1b:15:c4:ca,792_P4-00-100
80036,ADV,-37,793,P4-00-100,e0:5a:1b:15:c4:ca,793_P4-00-100
80143,ADV,-36,794,P4-00-100,e0:5a:1b:15:c4:ca,794_P4-00-100
80239,ADV,-39,795,P4-00-100,e0:5a:1b:15:c4:ca,795_P4-00-100
80347,ADV,-45,796,P4-07-100,e0:5a:1b:15:c4:ca,796_P4-07-100
80452,ADV,-40,797,P4-07-100,e0:5a:1b:15:c4:ca,797_P4-07-100
80558,ADV,-40,798,P4-07-100,e0:5a:1b:15:c4:ca,798_P4-07-100
80660,ADV,-39,799,P4-07-100,e0:5a:1b:15:c4:ca,799_P4-07-100
80763,ADV,-46,800,P4-07-100,e0:5a:1b:15:c4:ca,800_P4-07-100
80867,ADV,-46,801,P4-07-100,e0:5a:1b:15:c4:ca,801_P4-07-100
80969,ADV,-40,802,P4-07-100,e0:5a:1b:15:c4:ca,802_P4-07-100
81079,ADV,-39,803,P4-07-100,e0:5a:1b:15:c4:ca,803_P4-07-100
81185,ADV,-39,804,P4-07-100,e0:5a:1b:15:c4:ca,804_P4-07-100
81292,ADV,-47,805,P4-07-100,e0:5a:1b:15:c4:ca,805_P4-07-100
81396,ADV,-40,806,P4-07-100,e0:5a:1b:15:c4:ca,806_P4-07-100
81504,ADV,-40,808,P4-07-100,e0:5a:1b:15:c4:ca,808_P4-07-100
81747,ADV,-46,810,P4-07-100,e0:5a:1b:15:c4:ca,810_P4-07-100
81818,ADV,-45,811,P4-07-100,e0:5a:1b:15:c4:ca,811_P4-07-100
81920,ADV,-36,812,P4-07-100,e0:5a:1b:15:c4:ca,812_P4-07-100
82127,ADV,-39,814,P4-07-100,e0:5a:1b:15:c4:ca,814_P4-07-100
82237,ADV,-44,815,P4-07-100,e0:5a:1b:15:c4:ca,815_P4-07-100
82336,ADV,-45,816,P4-07-100,e0:5a:1b:15:c4:ca,816_P4-07-100
82431,ADV,-39,817,P4-07-100,e0:5a:1b:15:c4:ca,817_P4-07-100
82536,ADV,-39,818,P4-07-100,e0:5a:1b:15:c4:ca,818_P4-07-100
82639,ADV,-40,819,P4-07-100,e0:5a:1b:15:c4:ca,819_P4-07-100
82748,ADV,-45,820,P4-07-100,e0:5a:1b:15:c4:ca,820_P4-07-100
82847,ADV,-39,821,P4-07-100,e0:5a:1b:15:c4:ca,821_P4-07-100
82954,ADV,-39,822,P4-07-100,e0:5a:1b:15:c4:ca,822_P4-07-100
83063,ADV,-40,823,P4-07-100,e0:5a:1b:15:c4:ca,823_P4-07-100
83170,ADV,-44,824,P4-07-100,e0:5a:1b:15:c4:ca,824_P4-07-100
83282,ADV,-45,825,P4-07-100,e0:5a:1b:15:c4:ca,825_P4-07-100
83380,ADV,-40,826,P4-07-100,e0:5a:1b:15:c4:ca,826_P4-07-100
83488,ADV,-40,827,P4-07-100,e0:5a:1b:15:c4:ca,827_P4-07-100
83595,ADV,-40,828,P4-07-100,e0:5a:1b:15:c4:ca,828_P4-07-100
83695,ADV,-43,829,P4-07-100,e0:5a:1b:15:c4:ca,829_P4-07-100
83908,ADV,-40,831,P4-07-100,e0:5a:1b:15:c4:ca,831_P4-07-100
84015,ADV,-40,832,P4-07-100,e0:5a:1b:15:c4:ca,832_P4-07-100
84125,ADV,-43,833,P4-07-100,e0:5a:1b:15:c4:ca,833_P4-07-100
84224,ADV,-43,834,P4-07-100,e0:5a:1b:15:c4:ca,834_P4-07-100
84330,ADV,-40,835,P4-07-100,e0:5a:1b:15:c4:ca,835_P4-07-100
84441,ADV,-40,837,P4-07-100,e0:5a:1b:15:c4:ca,837_P4-07-100
84544,ADV,-40,838,P4-07-100,e0:5a:1b:15:c4:ca,838_P4-07-100
84647,ADV,-43,839,P4-07-100,e0:5a:1b:15:c4:ca,839_P4-07-100
84852,ADV,-37,841,P4-07-100,e0:5a:1b:15:c4:ca,841_P4-07-100
84944,ADV,-38,842,P4-07-500,e0:5a:1b:15:c4:ca,842_P4-07-500
85456,ADV,-38,847,P4-07-500,e0:5a:1b:15:c4:ca,847_P4-07-500
85959,ADV,-39,852,P4-07-500,e0:5a:1b:15:c4:ca,852_P4-07-500
86468,ADV,-35,857,P4-07-500,e0:5a:1b:15:c4:ca,857_P4-07-500
86972,ADV,-34,862,P4-04-500,e0:5a:1b:15:c4:ca,862_P4-04-500
87456,ADV,-34,867,P4-04-100,e0:5a:1b:15:c4:ca,867_P4-04-100
87557,ADV,-42,868,P4-04-100,e0:5a:1b:15:c4:ca,868_P4-04-100
87764,ADV,-36,870,P4-04-100,e0:5a:1b:15:c4:ca,870_P4-04-100
87861,ADV,-34,871,P4-04-100,e0:5a:1b:15:c4:ca,871_P4-04-100
87971,ADV,-42,872,P4-04-100,e0:5a:1b:15:c4:ca,872_P4-04-100
88075,ADV,-42,873,P4-04-100,e0:5a:1b:15:c4:ca,873_P4-04-100
88183,ADV,-37,874,P4-04-100,e0:5a:1b:15:c4:ca,874_P4-04-100
88287,ADV,-34,875,P4-04-100,e0:5a:1b:15:c4:ca,875_P4-04-100
88504,ADV,-42,877,P4-04-100,e0:5a:1b:15:c4:ca,877_P4-04-100
88619,ADV,-38,878,P4-04-100,e0:5a:1b:15:c4:ca,878_P4-04-100
88713,ADV,-36,879,P4-04-100,e0:5a:1b:15:c4:ca,879_P4-04-100
88815,ADV,-34,880,P4-04-100,e0:5a:1b:15:c4:ca,880_P4-04-100
88920,ADV,-42,881,P4-04-100,e0:5a:1b:15:c4:ca,881_P4-04-100
89038,ADV,-42,882,P4-04-100,e0:5a:1b:15:c4:ca,882_P4-04-100
89130,ADV,-36,883,P4-04-100,e0:5a:1b:15:c4:ca,883_P4-04-100
89236,ADV,-35,884,P4-04-100,e0:5a:1b:15:c4:ca,884_P4-04-100
89343,ADV,-34,885,P4-04-100,e0:5a:1b:15:c4:ca,885_P4-04-100
89452,ADV,-42,886,P4-04-100,e0:5a:1b:15:c4:ca,886_P4-04-100
89664,ADV,-36,888,P4-04-100,e0:5a:1b:15:c4:ca,888_P4-04-100
89765,ADV,-34,890,P4-04-100,e0:5a:1b:15:c4:ca,890_P4-04-100
89981,ADV,-42,892,P4-04-100,e0:5a:1b:15:c4:ca,892_P4-04-100
90081,ADV,-36,893,P4-04-100,e0:5a:1b:15:c4:ca,893_P4-04-100
90294,ADV,-34,895,P4-04-100,e0:5a:1b:15:c4:ca,895_P4-04-100
90413,ADV,-42,896,P4-04-100,e0:5a:1b:15:c4:ca,896_P4-04-100
90610,ADV,-36,898,P4-04-100,e0:5a:1b:15:c4:ca,898_P4-04-100
90721,ADV,-35,899,P4-04-100,e0:5a:1b:15:c4:ca,899_P4-04-100
90929,ADV,-42,901,P4-04-100,e0:5a:1b:15:c4:ca,901_P4-04-100
91034,ADV,-36,902,P4-04-100,e0:5a:1b:15:c4:ca,902_P4-04-100
91084,ADV,-36,903,P4-04-500,e0:5a:1b:15:c4:ca,903_P4-04-500
91585,ADV,-36,908,P4-04-500,e0:5a:1b:15:c4:ca,908_P4-04-500
92096,ADV,-36,913,P4-04-500,e0:5a:1b:15:c4:ca,913_P4-04-500
92598,ADV,-35,918,P4-04-500,e0:5a:1b:15:c4:ca,918_P4-04-500
93107,ADV,-34,923,P4-04-500,e0:5a:1b:15:c4:ca,923_P4-04-500
93609,ADV,-39,928,P4-04-500,e0:5a:1b:15:c4:ca,928_P4-04-500
94131,ADV,-39,933,P4-04-500,e0:5a:1b:15:c4:ca,933_P4-04-500
94617,ADV,-39,938,P4-04-500,e0:5a:1b:15:c4:ca,938_P4-04-500
95125,ADV,-36,943,P4-04-500,e0:5a:1b:15:c4:ca,943_P4-04-500
95639,ADV,-44,948,P4-04-500,e0:5a:1b:15:c4:ca,948_P4-04-500
96138,ADV,-47,953,P4-04-500,e0:5a:1b:15:c4:ca,953_P4-04-500
96640,ADV,-46,958,P4-04-500,e0:5a:1b:15:c4:ca,958_P4-04-500
97147,ADV,-47,963,P4-06-500,e0:5a:1b:15:c4:ca,963_P4-06-500
97600,ADV,-45,968,P4-06-100,e0:5a:1b:15:c4:ca,968_P4-06-100
97802,ADV,-40,970,P4-06-100,e0:5a:1b:15:c4:ca,970_P4-06-100
98012,ADV,-39,972,P4-06-100,e0:5a:1b:15:c4:ca,972_P4-06-100
98114,ADV,-44,973,P4-06-100,e0:5a:1b:15:c4:ca,973_P4-06-100
98217,ADV,-40,974,P4-06-100,e0:5a:1b:15:c4:ca,974_P4-06-100
98322,ADV,-40,975,P4-06-100,e0:5a:1b:15:c4:ca,975_P4-06-100
98426,ADV,-39,976,P4-06-100,e0:5a:1b:15:c4:ca,976_P4-06-100
98544,ADV,-46,977,P4-06-100,e0:5a:1b:15:c4:ca,977_P4-06-100
98644,ADV,-46,978,P4-06-100,e0:5a:1b:15:c4:ca,978_P4-06-100
98748,ADV,-36,979,P4-06-100,e0:5a:1b:15:c4:ca,979_P4-06-100
98857,ADV,-39,980,P4-06-100,e0:5a:1b:15:c4:ca,980_P4-06-100
98965,ADV,-39,981,P4-06-100,e0:5a:1b:15:c4:ca,981_P4-06-100
99066,ADV,-45,982,P4-06-100,e0:5a:1b:15:c4:ca,982_P4-06-100
99174,ADV,-102,983,P4-06-100,e0:5a:1b:15:c4:ca,983_P4-06-100
99274,ADV,-40,984,P4-06-100,e0:5a:1b:15:c4:ca,984_P4-06-100
99497,ADV,-46,986,P4-06-100,e0:5a:1b:15:c4:ca,986_P4-06-100
99590,ADV,-45,987,P4-06-100,e0:5a:1b:15:c4:ca,987_P4-06-100
99692,ADV,-40,988,P4-06-100,e0:5a:1b:15:c4:ca,988_P4-06-100
99800,ADV,-40,989,P4-06-100,e0:5a:1b:15:c4:ca,989_P4-06-100
99905,ADV,-40,990,P4-06-100,e0:5a:1b:15:c4:ca,990_P4-06-100
100113,ADV,-40,993,P4-06-100,e0:5a:1b:15:c4:ca,993_P4-06-100
100223,ADV,-39,994,P4-06-100,e0:5a:1b:15:c4:ca,994_P4-06-100
100337,ADV,-39,995,P4-06-100,e0:5a:1b:15:c4:ca,995_P4-06-100
100443,ADV,-45,996,P4-06-100,e0:5a:1b:15:c4:ca,996_P4-06-100
100655,ADV,-40,998,P4-06-100,e0:5a:1b:15:c4:ca,998_P4-06-100
100763,ADV,-39,999,P4-06-100,e0:5a:1b:15:c4:ca,999_P4-06-100
100867,ADV,-39,1000,P4-06-100,e0:5a:1b:15:c4:ca,1000_P4-06-100
100974,ADV,-44,1001,P4-06-100,e0:5a:1b:15:c4:ca,1001_P4-06-100
101190,ADV,-40,1003,P4-06-100,e0:5a:1b:15:c4:ca,1003_P4-06-100
101286,ADV,-36,1004,P4-06-100,e0:5a:1b:15:c4:ca,1004_P4-06-100
101510,ADV,-46,1006,P4-06-100,e0:5a:1b:15:c4:ca,1006_P4-06-100
101596,ADV,-40,1007,P4-06-100,e0:5a:1b:15:c4:ca,1007_P4-06-100
101696,ADV,-40,1008,P4-06-100,e0:5a:1b:15:c4:ca,1008_P4-06-100
102245,ADV,-39,1014,P4-06-500,e0:5a:1b:15:c4:ca,1014_P4-06-500
102753,ADV,-105,1019,P4-06-500,e0:5a:1b:15:c4:ca,1019_P4-06-500
103758,ADV,-39,1029,P4-06-500,e0:5a:1b:15:c4:ca,1029_P4-06-500
104767,ADV,-44,1039,P4-05-500,e0:5a:1b:15:c4:ca,1039_P4-05-500
105275,ADV,-46,1044,P4-05-500,e0:5a:1b:15:c4:ca,1044_P4-05-500
105749,ADV,-46,1049,P4-05-100,e0:5a:1b:15:c4:ca,1049_P4-05-100
105856,ADV,-46,1050,P4-05-100,e0:5a:1b:15:c4:ca,1050_P4-05-100
105955,ADV,-39,1051,P4-05-100,e0:5a:1b:15:c4:ca,1051_P4-05-100
106166,ADV,-39,1053,P4-05-100,e0:5a:1b:15:c4:ca,1053_P4-05-100
106280,ADV,-46,1054,P4-05-100,e0:5a:1b:15:c4:ca,1054_P4-05-100
106385,ADV,-40,1055,P4-09-100,e0:5a:1b:15:c4:ca,1055_P4-09-100
106496,ADV,-39,1056,P4-09-100,e0:5a:1b:15:c4:ca,1056_P4-09-100
106694,ADV,-46,1058,P4-09-100,e0:5a:1b:15:c4:ca,1058_P4-09-100
106802,ADV,-46,1059,P4-09-100,e0:5a:1b:15:c4:ca,1059_P4-09-100
106901,ADV,-37,1060,P4-09-100,e0:5a:1b:15:c4:ca,1060_P4-09-100
107011,ADV,-39,1061,P4-09-100,e0:5a:1b:15:c4:ca,1061_P4-09-100
107124,ADV,-38,1062,P4-09-100,e0:5a:1b:15:c4:ca,1062_P4-09-100
107226,ADV,-46,1063,P4-09-100,e0:5a:1b:15:c4:ca,1063_P4-09-100
107333,ADV,-39,1064,P4-09-100,e0:5a:1b:15:c4:ca,1064_P4-09-100
107440,ADV,-39,1065,P4-09-100,e0:5a:1b:15:c4:ca,1065_P4-09-100
107539,ADV,-39,1066,P4-09-100,e0:5a:1b:15:c4:ca,1066_P4-09-100
107644,ADV,-46,1067,P4-09-100,e0:5a:1b:15:c4:ca,1067_P4-09-100
107747,ADV,-45,1068,P4-09-100,e0:5a:1b:15:c4:ca,1068_P4-09-100
107850,ADV,-40,1069,P4-09-100,e0:5a:1b:15:c4:ca,1069_P4-09-100
108060,ADV,-39,1071,P4-09-100,e0:5a:1b:15:c4:ca,1071_P4-09-100
108172,ADV,-46,1073,P4-09-100,e0:5a:1b:15:c4:ca,1073_P4-09-100
108376,ADV,-104,1075,P4-09-100,e0:5a:1b:15:c4:ca,1075_P4-09-100
108484,ADV,-36,1076,P4-09-100,e0:5a:1b:15:c4:ca,1076_P4-09-100
108693,ADV,-46,1078,P4-09-100,e0:5a:1b:15:c4:ca,1078_P4-09-100
108796,ADV,-40,1079,P4-09-100,e0:5a:1b:15:c4:ca,1079_P4-09-100
109014,ADV,-39,1081,P4-09-100,e0:5a:1b:15:c4:ca,1081_P4-09-100
109119,ADV,-46,1082,P4-09-100,e0:5a:1b:15:c4:ca,1082_P4-09-100
109324,ADV,-39,1084,P4-09-100,e0:5a:1b:15:c4:ca,1084_P4-09-100
109431,ADV,-39,1085,P4-09-100,e0:5a:1b:15:c4:ca,1085_P4-09-100
109644,ADV,-43,1087,P4-02-100,e0:5a:1b:15:c4:ca,1087_P4-02-100
109755,ADV,-40,1088,P4-02-100,e0:5a:1b:15:c4:ca,1088_P4-02-100
109847,ADV,-40,1089,P4-02-100,e0:5a:1b:15:c4:ca,1089_P4-02-100
109950,ADV,-39,1090,P4-02-100,e0:5a:1b:15:c4:ca,1090_P4-02-100
110054,ADV,-45,1091,P4-02-100,e0:5a:1b:15:c4:ca,1091_P4-02-100
110268,ADV,-39,1093,P4-02-100,e0:5a:1b:15:c4:ca,1093_P4-02-100
110479,ADV,-39,1095,P4-02-100,e0:5a:1b:15:c4:ca,1095_P4-02-100
110688,ADV,-37,1098,P4-02-100,e0:5a:1b:15:c4:ca,1098_P4-02-100
110798,ADV,-39,1099,P4-02-100,e0:5a:1b:15:c4:ca,1099_P4-02-100
110898,ADV,-39,1100,P4-02-100,e0:5a:1b:15:c4:ca,1100_P4-02-100
111011,ADV,-46,1101,P4-02-100,e0:5a:1b:15:c4:ca,1101_P4-02-100
111104,ADV,-46,1102,P4-02-100,e0:5a:1b:15:c4:ca,1102_P4-02-100
111204,ADV,-40,1103,P4-02-100,e0:5a:1b:15:c4:ca,1103_P4-02-100
111519,ADV,-46,1106,P4-02-100,e0:5a:1b:15:c4:ca,1106_P4-02-100
112045,ADV,-47,1111,P4-02-100,e0:5a:1b:15:c4:ca,1111_P4-02-100
112144,ADV,-40,1112,P4-02-100,e0:5a:1b:15:c4:ca,1112_P4-02-100
112356,ADV,-39,1114,P4-02-100,e0:5a:1b:15:c4:ca,1114_P4-02-100
112474,ADV,-46,1115,P4-02-100,e0:5a:1b:15:c4:ca,1115_P4-02-100
112573,ADV,-45,1116,P4-02-100,e0:5a:1b:15:c4:ca,1116_P4-02-100
112670,ADV,-40,1117,P4-02-100,e0:5a:1b:15:c4:ca,1117_P4-02-100
112781,ADV,-40,1118,P4-02-100,e0:5a:1b:15:c4:ca,1118_P4-02-100
112881,ADV,-40,1119,P4-02-100,e0:5a:1b:15:c4:ca,1119_P4-02-100
112985,ADV,-44,1120,P4-02-100,e0:5a:1b:15:c4:ca,1120_P4-02-100
113092,ADV,-40,1121,P4-02-100,e0:5a:1b:15:c4:ca,1121_P4-02-100
113205,ADV,-40,1122,P4-02-100,e0:5a:1b:15:c4:ca,1122_P4-02-100
113408,ADV,-45,1124,P4-02-100,e0:5a:1b:15:c4:ca,1124_P4-02-100
113511,ADV,-46,1125,P4-02-100,e0:5a:1b:15:c4:ca,1125_P4-02-100
113723,ADV,-39,1128,P4-09-100,e0:5a:1b:15:c4:ca,1128_P4-09-100
113831,ADV,-39,1129,P4-09-100,e0:5a:1b:15:c4:ca,1129_P4-09-100
113943,ADV,-45,1130,P4-04-100,e0:5a:1b:15:c4:ca,1130_P4-04-100
114046,ADV,-39,1131,P4-04-100,e0:5a:1b:15:c4:ca,1131_P4-04-100
114156,ADV,-40,1132,P4-04-100,e0:5a:1b:15:c4:ca,1132_P4-04-100
114263,ADV,-39,1133,P4-04-100,e0:5a:1b:15:c4:ca,1133_P4-04-100
114378,ADV,-44,1134,P4-04-100,e0:5a:1b:15:c4:ca,1134_P4-04-100
114482,ADV,-45,1135,P4-04-100,e0:5a:1b:15:c4:ca,1135_P4-04-100
114577,ADV,-40,1136,P4-04-100,e0:5a:1b:15:c4:ca,1136_P4-04-100
114680,ADV,-40,1137,P4-04-100,e0:5a:1b:15:c4:ca,1137_P4-04-100
114781,ADV,-39,1138,P4-04-100,e0:5a:1b:15:c4:ca,1138_P4-04-100
114890,ADV,-44,1139,P4-04-100,e0:5a:1b:15:c4:ca,1139_P4-04-100
115108,ADV,-40,1141,P4-04-100,e0:5a:1b:15:c4:ca,1141_P4-04-100
115198,ADV,-39,1142,P4-04-100,e0:5a:1b:15:c4:ca,1142_P4-04-100
115405,ADV,-45,1144,P4-04-100,e0:5a:1b:15:c4:ca,1144_P4-04-100
115523,ADV,-40,1145,P4-04-100,e0:5a:1b:15:c4:ca,1145_P4-04-100
115611,ADV,-37,1146,P4-04-100,e0:5a:1b:15:c4:ca,1146_P4-04-100
115723,ADV,-36,1147,P4-04-100,e0:5a:1b:15:c4:ca,1147_P4-04-100
115829,ADV,-46,1148,P4-04-100,e0:5a:1b:15:c4:ca,1148_P4-04-100
115932,ADV,-46,1149,P4-04-100,e0:5a:1b:15:c4:ca,1149_P4-04-100
116132,ADV,-39,1151,P4-04-100,e0:5a:1b:15:c4:ca,1151_P4-04-100
116253,ADV,-39,1152,P4-04-100,e0:5a:1b:15:c4:ca,1152_P4-04-100
116348,ADV,-44,1154,P4-04-100,e0:5a:1b:15:c4:ca,1154_P4-04-100
116446,ADV,-37,1155,P4-04-100,e0:5a:1b:15:c4:ca,1155_P4-04-100
116552,ADV,-40,1156,P4-04-100,e0:5a:1b:15:c4:ca,1156_P4-04-100
116650,ADV,-39,1157,P4-04-100,e0:5a:1b:15:c4:ca,1157_P4-04-100
116866,ADV,-47,1159,P4-04-100,e0:5a:1b:15:c4:ca,1159_P4-04-100
116966,ADV,-40,1160,P4-04-100,e0:5a:1b:15:c4:ca,1160_P4-04-100
117179,ADV,-39,1162,P4-04-100,e0:5a:1b:15:c4:ca,1162_P4-04-100
117282,ADV,-45,1163,P4-04-100,e0:5a:1b:15:c4:ca,1163_P4-04-100
117490,ADV,-39,1165,P4-04-100,e0:5a:1b:15:c4:ca,1165_P4-04-100
117810,ADV,-46,1168,P4-04-100,e0:5a:1b:15:c4:ca,1168_P4-04-100
118129,ADV,-39,1171,P4-04-100,e0:5a:1b:15:c4:ca,1171_P4-04-100
118242,ADV,-46,1172,P4-04-100,e0:5a:1b:15:c4:ca,1172_P4-04-100
118451,ADV,-40,1174,P4-04-100,e0:5a:1b:15:c4:ca,1174_P4-04-100
118472,ADV,-40,1175,P4-04-500,e0:5a:1b:15:c4:ca,1175_P4-04-500
119496,ADV,-39,1185,P4-04-500,e0:5a:1b:15:c4:ca,1185_P4-04-500
119998,ADV,-35,1190,P4-04-500,e0:5a:1b:15:c4:ca,1190_P4-04-500
120511,ADV,-36,1195,P4-04-500,e0:5a:1b:15:c4:ca,1195_P4-04-500
121015,ADV,-39,1200,P4-04-500,e0:5a:1b:15:c4:ca,1200_P4-04-500
122533,ADV,-46,1215,P4-04-500,e0:5a:1b:15:c4:ca,1215_P4-04-500
123041,ADV,-46,1220,P4-04-500,e0:5a:1b:15:c4:ca,1220_P4-04-500
123544,ADV,-46,1225,P4-09-500,e0:5a:1b:15:c4:ca,1225_P4-09-500
123992,ADV,-45,1230,P4-09-100,e0:5a:1b:15:c4:ca,1230_P4-09-100
124086,ADV,-45,1231,P4-09-100,e0:5a:1b:15:c4:ca,1231_P4-09-100
124185,ADV,-39,1232,P4-09-100,e0:5a:1b:15:c4:ca,1232_P4-09-100
124290,ADV,-35,1233,P4-09-100,e0:5a:1b:15:c4:ca,1233_P4-09-100
124392,ADV,-36,1234,P4-09-100,e0:5a:1b:15:c4:ca,1234_P4-09-100
124502,ADV,-46,1235,P4-09-100,e0:5a:1b:15:c4:ca,1235_P4-09-100
124629,ADV,-39,1236,P4-09-100,e0:5a:1b:15:c4:ca,1236_P4-09-100
124708,ADV,-37,1237,P4-09-100,e0:5a:1b:15:c4:ca,1237_P4-09-100
124939,ADV,-46,1239,P4-09-100,e0:5a:1b:15:c4:ca,1239_P4-09-100
125029,ADV,-46,1240,P4-09-100,e0:5a:1b:15:c4:ca,1240_P4-09-100
125130,ADV,-39,1241,P4-09-100,e0:5a:1b:15:c4:ca,1241_P4-09-100
125236,ADV,-39,1242,P4-09-100,e0:5a:1b:15:c4:ca,1242_P4-09-100
125341,ADV,-39,1243,P4-09-100,e0:5a:1b:15:c4:ca,1243_P4-09-100
125443,ADV,-44,1244,P4-09-100,e0:5a:1b:15:c4:ca,1244_P4-09-100
125747,ADV,-38,1247,P4-09-100,e0:5a:1b:15:c4:ca,1247_P4-09-100
125957,ADV,-46,1249,P4-09-100,e0:5a:1b:15:c4:ca,1249_P4-09-100
126059,ADV,-40,1250,P4-09-100,e0:5a:1b:15:c4:ca,1250_P4-09-100
126162,ADV,-40,1251,P4-09-100,e0:5a:1b:15:c4:ca,1251_P4-09-100
126265,ADV,-38,1252,P4-09-100,e0:5a:1b:15:c4:ca,1252_P4-09-100
126370,ADV,-45,1253,P4-09-100,e0:5a:1b:15:c4:ca,1253_P4-09-100
126483,ADV,-46,1254,P4-09-100,e0:5a:1b:15:c4:ca,1254_P4-09-100
126587,ADV,-40,1255,P4-09-100,e0:5a:1b:15:c4:ca,1255_P4-09-100
126689,ADV,-38,1256,P4-09-100,e0:5a:1b:15:c4:ca,1256_P4-09-100
126804,ADV,-35,1257,P4-09-100,e0:5a:1b:15:c4:ca,1257_P4-09-100
127213,ADV,-39,1262,P4-09-100,e0:5a:1b:15:c4:ca,1262_P4-09-100
127321,ADV,-44,1263,P4-09-100,e0:5a:1b:15:c4:ca,1263_P4-09-100
127426,ADV,-44,1264,P4-09-100,e0:5a:1b:15:c4:ca,1264_P4-09-100
127529,ADV,-39,1265,P4-09-100,e0:5a:1b:15:c4:ca,1265_P4-09-100
127635,ADV,-35,1266,P4-09-100,e0:5a:1b:15:c4:ca,1266_P4-09-100
127843,ADV,-43,1268,P4-09-100,e0:5a:1b:15:c4:ca,1268_P4-09-100
128026,ADV,-37,1270,P4-09-500,e0:5a:1b:15:c4:ca,1270_P4-09-500
128524,ADV,-36,1275,P4-09-500,e0:5a:1b:15:c4:ca,1275_P4-09-500
129031,ADV,-40,1280,P4-09-500,e0:5a:1b:15:c4:ca,1280_P4-09-500
129533,ADV,-39,1285,P4-00-500,e0:5a:1b:15:c4:ca,1285_P4-00-500
130135,ADV,-39,1291,P4-00-100,e0:5a:1b:15:c4:ca,1291_P4-00-100
130245,ADV,-46,1292,P4-00-100,e0:5a:1b:15:c4:ca,1292_P4-00-100
130457,ADV,-40,1294,P4-00-100,e0:5a:1b:15:c4:ca,1294_P4-00-100
130563,ADV,-39,1295,P4-00-100,e0:5a:1b:15:c4:ca,1295_P4-00-100
130782,ADV,-45,1297,P4-00-100,e0:5a:1b:15:c4:ca,1297_P4-00-100
131097,ADV,-35,1300,P4-09-100,e0:5a:1b:15:c4:ca,1300_P4-09-100
131212,ADV,-45,1301,P4-09-100,e0:5a:1b:15:c4:ca,1301_P4-09-100
131406,ADV,-39,1303,P4-09-100,e0:5a:1b:15:c4:ca,1303_P4-09-100
131513,ADV,-38,1304,P4-09-100,e0:5a:1b:15:c4:ca,1304_P4-09-100
131616,ADV,-35,1305,P4-09-100,e0:5a:1b:15:c4:ca,1305_P4-09-100
131727,ADV,-44,1306,P4-09-100,e0:5a:1b:15:c4:ca,1306_P4-09-100
131830,ADV,-36,1307,P4-09-100,e0:5a:1b:15:c4:ca,1307_P4-09-100
131927,ADV,-39,1308,P4-09-100,e0:5a:1b:15:c4:ca,1308_P4-09-100
132033,ADV,-38,1309,P4-09-100,e0:5a:1b:15:c4:ca,1309_P4-09-100
132245,ADV,-43,1312,P4-09-100,e0:5a:1b:15:c4:ca,1312_P4-09-100
132354,ADV,-36,1313,P4-09-100,e0:5a:1b:15:c4:ca,1313_P4-09-100
132461,ADV,-34,1314,P4-09-100,e0:5a:1b:15:c4:ca,1314_P4-09-100
132567,ADV,-35,1315,P4-09-100,e0:5a:1b:15:c4:ca,1315_P4-09-100
132679,ADV,-43,1316,P4-09-100,e0:5a:1b:15:c4:ca,1316_P4-09-100
132783,ADV,-39,1317,P4-09-100,e0:5a:1b:15:c4:ca,1317_P4-09-100
132891,ADV,-36,1318,P4-09-100,e0:5a:1b:15:c4:ca,1318_P4-09-100
132998,ADV,-38,1319,P4-09-100,e0:5a:1b:15:c4:ca,1319_P4-09-100
133101,ADV,-44,1320,P4-09-100,e0:5a:1b:15:c4:ca,1320_P4-09-100
133216,ADV,-45,1321,P4-09-100,e0:5a:1b:15:c4:ca,1321_P4-09-100
133312,ADV,-37,1322,P4-09-100,e0:5a:1b:15:c4:ca,1322_P4-09-100
133415,ADV,-38,1323,P4-09-100,e0:5a:1b:15:c4:ca,1323_P4-09-100
133518,ADV,-35,1324,P4-09-100,e0:5a:1b:15:c4:ca,1324_P4-09-100
133624,ADV,-44,1325,P4-09-100,e0:5a:1b:15:c4:ca,1325_P4-09-100
133763,ADV,-39,1326,P4-09-100,e0:5a:1b:15:c4:ca,1326_P4-09-100
133836,ADV,-40,1327,P4-09-100,e0:5a:1b:15:c4:ca,1327_P4-09-100
133957,ADV,-35,1328,P4-09-100,e0:5a:1b:15:c4:ca,1328_P4-09-100
134050,ADV,-45,1329,P4-09-100,e0:5a:1b:15:c4:ca,1329_P4-09-100
134161,ADV,-46,1330,P4-09-100,e0:5a:1b:15:c4:ca,1330_P4-09-100
134264,ADV,-39,1332,P4-09-100,e0:5a:1b:15:c4:ca,1332_P4-09-100
134370,ADV,-35,1333,P4-09-100,e0:5a:1b:15:c4:ca,1333_P4-09-100
134477,ADV,-35,1334,P4-09-100,e0:5a:1b:15:c4:ca,1334_P4-09-100
134581,ADV,-43,1335,P4-09-100,e0:5a:1b:15:c4:ca,1335_P4-09-100
134921,ADV,-34,1338,P4-09-100,e0:5a:1b:15:c4:ca,1338_P4-09-100
135000,ADV,-43,1339,P4-09-100,e0:5a:1b:15:c4:ca,1339_P4-09-100
135105,ADV,-43,1340,P4-09-100,e0:5a:1b:15:c4:ca,1340_P4-09-100
135205,ADV,-36,1341,P4-09-100,e0:5a:1b:15:c4:ca,1341_P4-09-100
135407,ADV,-34,1343,P4-09-100,e0:5a:1b:15:c4:ca,1343_P4-09-100
135519,ADV,-44,1344,P4-09-100,e0:5a:1b:15:c4:ca,1344_P4-09-100
135701,ADV,-36,1346,P4-09-500,e0:5a:1b:15:c4:ca,1346_P4-09-500
136703,ADV,-39,1356,P4-09-500,e0:5a:1b:15:c4:ca,1356_P4-09-500
137207,ADV,-36,1361,P4-09-500,e0:5a:1b:15:c4:ca,1361_P4-09-500
137719,ADV,-35,1366,P4-09-500,e0:5a:1b:15:c4:ca,1366_P4-09-500
138224,ADV,-34,1371,P4-09-500,e0:5a:1b:15:c4:ca,1371_P4-09-500
139231,ADV,-35,1381,P4-09-500,e0:5a:1b:15:c4:ca,1381_P4-09-500
139741,ADV,-35,1386,P4-09-500,e0:5a:1b:15:c4:ca,1386_P4-09-500
140256,ADV,-35,1391,P4-09-500,e0:5a:1b:15:c4:ca,1391_P4-09-500
141257,ADV,-43,1401,P4-09-500,e0:5a:1b:15:c4:ca,1401_P4-09-500
142199,ADV,-44,1411,P4-02-100,e0:5a:1b:15:c4:ca,1411_P4-02-100
142307,ADV,-45,1412,P4-02-100,e0:5a:1b:15:c4:ca,1412_P4-02-100
142412,ADV,-40,1413,P4-02-100,e0:5a:1b:15:c4:ca,1413_P4-02-100
142611,ADV,-38,1415,P4-08-100,e0:5a:1b:15:c4:ca,1415_P4-08-100
142716,ADV,-45,1416,P4-08-100,e0:5a:1b:15:c4:ca,1416_P4-08-100
142924,ADV,-40,1418,P4-08-100,e0:5a:1b:15:c4:ca,1418_P4-08-100
143035,ADV,-39,1419,P4-08-100,e0:5a:1b:15:c4:ca,1419_P4-08-100
143254,ADV,-46,1421,P4-08-100,e0:5a:1b:15:c4:ca,1421_P4-08-100
143382,ADV,-40,1422,P4-08-100,e0:5a:1b:15:c4:ca,1422_P4-08-100
143456,ADV,-38,1423,P4-08-100,e0:5a:1b:15:c4:ca,1423_P4-08-100
143765,ADV,-46,1426,P4-08-100,e0:5a:1b:15:c4:ca,1426_P4-08-100
144178,ADV,-46,1430,P4-08-100,e0:5a:1b:15:c4:ca,1430_P4-08-100
144281,ADV,-40,1431,P4-08-100,e0:5a:1b:15:c4:ca,1431_P4-08-100
144387,ADV,-40,1432,P4-08-100,e0:5a:1b:15:c4:ca,1432_P4-08-100
144508,ADV,-39,1433,P4-08-100,e0:5a:1b:15:c4:ca,1433_P4-08-100
144602,ADV,-46,1434,P4-08-100,e0:5a:1b:15:c4:ca,1434_P4-08-100
144706,ADV,-45,1435,P4-08-100,e0:5a:1b:15:c4:ca,1435_P4-08-100
144809,ADV,-40,1436,P4-08-100,e0:5a:1b:15:c4:ca,1436_P4-08-100
144921,ADV,-39,1438,P4-08-100,e0:5a:1b:15:c4:ca,1438_P4-08-100
145135,ADV,-45,1440,P4-08-100,e0:5a:1b:15:c4:ca,1440_P4-08-100
145340,ADV,-40,1442,P4-08-100,e0:5a:1b:15:c4:ca,1442_P4-08-100
145445,ADV,-36,1443,P4-08-100,e0:5a:1b:15:c4:ca,1443_P4-08-100
145655,ADV,-46,1445,P4-08-100,e0:5a:1b:15:c4:ca,1445_P4-08-100
145758,ADV,-40,1446,P4-08-100,e0:5a:1b:15:c4:ca,1446_P4-08-100
145972,ADV,-39,1448,P4-08-100,e0:5a:1b:15:c4:ca,1448_P4-08-100
146072,ADV,-46,1449,P4-08-100,e0:5a:1b:15:c4:ca,1449_P4-08-100
146280,ADV,-40,1451,P4-08-100,e0:5a:1b:15:c4:ca,1451_P4-08-100
146392,ADV,-39,1452,P4-08-100,e0:5a:1b:15:c4:ca,1452_P4-08-100
146606,ADV,-46,1454,P4-08-100,e0:5a:1b:15:c4:ca,1454_P4-08-100
146722,ADV,-40,1455,P4-08-100,e0:5a:1b:15:c4:ca,1455_P4-08-100
146932,ADV,-36,1457,P4-08-100,e0:5a:1b:15:c4:ca,1457_P4-08-100
147032,ADV,-46,1458,P4-06-100,e0:5a:1b:15:c4:ca,1458_P4-06-100
147236,ADV,-40,1460,P4-06-100,e0:5a:1b:15:c4:ca,1460_P4-06-100
147340,ADV,-39,1462,P4-06-100,e0:5a:1b:15:c4:ca,1462_P4-06-100
147445,ADV,-34,1463,P4-06-100,e0:5a:1b:15:c4:ca,1463_P4-06-100
147550,ADV,-46,1464,P4-06-100,e0:5a:1b:15:c4:ca,1464_P4-06-100
147653,ADV,-40,1465,P4-06-100,e0:5a:1b:15:c4:ca,1465_P4-06-100
147762,ADV,-40,1466,P4-06-100,e0:5a:1b:15:c4:ca,1466_P4-06-100
147875,ADV,-39,1467,P4-06-100,e0:5a:1b:15:c4:ca,1467_P4-06-100
147974,ADV,-46,1468,P4-06-100,e0:5a:1b:15:c4:ca,1468_P4-06-100
148185,ADV,-41,1470,P4-06-100,e0:5a:1b:15:c4:ca,1470_P4-06-100
148311,ADV,-36,1471,P4-06-100,e0:5a:1b:15:c4:ca,1471_P4-06-100
148396,ADV,-39,1472,P4-06-100,e0:5a:1b:15:c4:ca,1472_P4-06-100
148498,ADV,-46,1473,P4-06-100,e0:5a:1b:15:c4:ca,1473_P4-06-100
148602,ADV,-40,1474,P4-06-100,e0:5a:1b:15:c4:ca,1474_P4-06-100
148702,ADV,-40,1475,P4-06-100,e0:5a:1b:15:c4:ca,1475_P4-06-100
148806,ADV,-39,1476,P4-06-100,e0:5a:1b:15:c4:ca,1476_P4-06-100
149021,ADV,-45,1478,P4-06-100,e0:5a:1b:15:c4:ca,1478_P4-06-100
149127,ADV,-40,1479,P4-06-100,e0:5a:1b:15:c4:ca,1479_P4-06-100
149344,ADV,-39,1481,P4-06-100,e0:5a:1b:15:c4:ca,1481_P4-06-100
149441,ADV,-44,1482,P4-06-100,e0:5a:1b:15:c4:ca,1482_P4-06-100
149649,ADV,-40,1484,P4-06-100,e0:5a:1b:15:c4:ca,1484_P4-06-100
149760,ADV,-39,1485,P4-06-100,e0:5a:1b:15:c4:ca,1485_P4-06-100
149978,ADV,-44,1488,P4-06-100,e0:5a:1b:15:c4:ca,1488_P4-06-100
150077,ADV,-40,1489,P4-06-100,e0:5a:1b:15:c4:ca,1489_P4-06-100
150318,ADV,-38,1491,P4-06-100,e0:5a:1b:15:c4:ca,1491_P4-06-100
150395,ADV,-45,1492,P4-06-100,e0:5a:1b:15:c4:ca,1492_P4-06-100
150600,ADV,-40,1494,P4-06-100,e0:5a:1b:15:c4:ca,1494_P4-06-100
150702,ADV,-39,1495,P4-06-100,e0:5a:1b:15:c4:ca,1495_P4-06-100
150806,ADV,-39,1496,P4-06-100,e0:5a:1b:15:c4:ca,1496_P4-06-100
150911,ADV,-45,1497,P4-06-100,e0:5a:1b:15:c4:ca,1497_P4-06-100
151009,ADV,-40,1498,P4-06-100,e0:5a:1b:15:c4:ca,1498_P4-06-100
151121,ADV,-40,1499,P4-06-100,e0:5a:1b:15:c4:ca,1499_P4-06-100
151224,ADV,-36,1500,P4-06-100,e0:5a:1b:15:c4:ca,1500_P4-06-100
151329,ADV,-46,1501,P4-06-100,e0:5a:1b:15:c4:ca,1501_P4-06-100
151434,ADV,-46,1502,P4-06-100,e0:5a:1b:15:c4:ca,1502_P4-06-100
151540,ADV,-41,1503,P4-06-100,e0:5a:1b:15:c4:ca,1503_P4-06-100
152096,ADV,-41,1509,P4-06-500,e0:5a:1b:15:c4:ca,1509_P4-06-500
152600,ADV,-39,1514,P4-06-500,e0:5a:1b:15:c4:ca,1514_P4-06-500
153110,ADV,-39,1519,P4-06-500,e0:5a:1b:15:c4:ca,1519_P4-06-500
153609,ADV,-39,1524,P4-11-500,e0:5a:1b:15:c4:ca,1524_P4-11-500
154103,ADV,-39,1529,P4-11-100,e0:5a:1b:15:c4:ca,1529_P4-11-100
154209,ADV,-45,1530,P4-11-100,e0:5a:1b:15:c4:ca,1530_P4-11-100
154316,ADV,-46,1531,P4-11-100,e0:5a:1b:15:c4:ca,1531_P4-11-100
154416,ADV,-41,1532,P4-11-100,e0:5a:1b:15:c4:ca,1532_P4-11-100
154525,ADV,-36,1533,P4-11-100,e0:5a:1b:15:c4:ca,1533_P4-11-100
154623,ADV,-39,1534,P4-11-100,e0:5a:1b:15:c4:ca,1534_P4-11-100
154731,ADV,-46,1535,P4-11-100,e0:5a:1b:15:c4:ca,1535_P4-11-100
155042,ADV,-39,1538,P4-11-100,e0:5a:1b:15:c4:ca,1538_P4-11-100
155260,ADV,-45,1540,P4-11-100,e0:5a:1b:15:c4:ca,1540_P4-11-100
155366,ADV,-40,1541,P4-11-100,e0:5a:1b:15:c4:ca,1541_P4-11-100
155681,ADV,-45,1544,P4-11-100,e0:5a:1b:15:c4:ca,1544_P4-11-100
155888,ADV,-105,1546,P4-11-100,e0:5a:1b:15:c4:ca,1546_P4-11-100
155989,ADV,-39,1547,P4-11-100,e0:5a:1b:15:c4:ca,1547_P4-11-100
156090,ADV,-39,1548,P4-11-100,e0:5a:1b:15:c4:ca,1548_P4-11-100
156200,ADV,-44,1549,P4-11-100,e0:5a:1b:15:c4:ca,1549_P4-11-100
156400,ADV,-41,1551,P4-11-100,e0:5a:1b:15:c4:ca,1551_P4-11-100
156504,ADV,-39,1552,P4-11-100,e0:5a:1b:15:c4:ca,1552_P4-11-100
156607,ADV,-44,1553,P4-11-100,e0:5a:1b:15:c4:ca,1553_P4-11-100
156716,ADV,-45,1555,P4-11-100,e0:5a:1b:15:c4:ca,1555_P4-11-100
156816,ADV,-40,1556,P4-11-100,e0:5a:1b:15:c4:ca,1556_P4-11-100
156921,ADV,-39,1557,P4-11-100,e0:5a:1b:15:c4:ca,1557_P4-11-100
157029,ADV,-39,1558,P4-11-100,e0:5a:1b:15:c4:ca,1558_P4-11-100
157135,ADV,-45,1559,P4-11-100,e0:5a:1b:15:c4:ca,1559_P4-11-100
157341,ADV,-41,1561,P4-11-100,e0:5a:1b:15:c4:ca,1561_P4-11-100
157446,ADV,-39,1562,P4-11-100,e0:5a:1b:15:c4:ca,1562_P4-11-100
157656,ADV,-44,1564,P4-11-100,e0:5a:1b:15:c4:ca,1564_P4-11-100
157761,ADV,-40,1565,P4-11-100,e0:5a:1b:15:c4:ca,1565_P4-11-100
158072,ADV,-45,1568,P4-11-100,e0:5a:1b:15:c4:ca,1568_P4-11-100
158144,ADV,-46,1569,P4-11-500,e0:5a:1b:15:c4:ca,1569_P4-11-500
158640,ADV,-44,1574,P4-11-500,e0:5a:1b:15:c4:ca,1574_P4-11-500
159655,ADV,-39,1584,P4-05-500,e0:5a:1b:15:c4:ca,1584_P4-05-500
160138,ADV,-40,1589,P4-05-100,e0:5a:1b:15:c4:ca,1589_P4-05-100
160238,ADV,-40,1590,P4-05-100,e0:5a:1b:15:c4:ca,1590_P4-05-100
160341,ADV,-40,1591,P4-05-100,e0:5a:1b:15:c4:ca,1591_P4-05-100
160451,ADV,-45,1592,P4-05-100,e0:5a:1b:15:c4:ca,1592_P4-05-100
160556,ADV,-46,1593,P4-05-100,e0:5a:1b:15:c4:ca,1593_P4-05-100
160663,ADV,-38,1594,P4-05-100,e0:5a:1b:15:c4:ca,1594_P4-05-100
160768,ADV,-39,1595,P4-05-100,e0:5a:1b:15:c4:ca,1595_P4-05-100
160875,ADV,-39,1596,P4-05-100,e0:5a:1b:15:c4:ca,1596_P4-05-100
161082,ADV,-40,1598,P4-05-100,e0:5a:1b:15:c4:ca,1598_P4-05-100
161192,ADV,-40,1599,P4-05-100,e0:5a:1b:15:c4:ca,1599_P4-05-100
161303,ADV,-39,1600,P4-05-100,e0:5a:1b:15:c4:ca,1600_P4-05-100
161406,ADV,-46,1601,P4-05-100,e0:5a:1b:15:c4:ca,1601_P4-05-100
161511,ADV,-45,1602,P4-05-100,e0:5a:1b:15:c4:ca,1602_P4-05-100
161616,ADV,-40,1603,P4-01-100,e0:5a:1b:15:c4:ca,1603_P4-01-100
161726,ADV,-39,1604,P4-01-100,e0:5a:1b:15:c4:ca,1604_P4-01-100
161827,ADV,-39,1605,P4-01-100,e0:5a:1b:15:c4:ca,1605_P4-01-100
161936,ADV,-46,1606,P4-01-100,e0:5a:1b:15:c4:ca,1606_P4-01-100
162046,ADV,-40,1607,P4-01-100,e0:5a:1b:15:c4:ca,1607_P4-01-100
162157,ADV,-37,1608,P4-01-100,e0:5a:1b:15:c4:ca,1608_P4-01-100
162361,ADV,-44,1611,P4-01-100,e0:5a:1b:15:c4:ca,1611_P4-01-100
162570,ADV,-40,1613,P4-01-100,e0:5a:1b:15:c4:ca,1613_P4-01-100
162679,ADV,-39,1614,P4-02-100,e0:5a:1b:15:c4:ca,1614_P4-02-100
162786,ADV,-39,1615,P4-02-100,e0:5a:1b:15:c4:ca,1615_P4-02-100
162887,ADV,-44,1616,P4-02-100,e0:5a:1b:15:c4:ca,1616_P4-02-100
163096,ADV,-40,1618,P4-02-100,e0:5a:1b:15:c4:ca,1618_P4-02-100
163199,ADV,-39,1619,P4-02-100,e0:5a:1b:15:c4:ca,1619_P4-02-100
163413,ADV,-46,1621,P4-02-100,e0:5a:1b:15:c4:ca,1621_P4-02-100
163510,ADV,-38,1622,P4-02-100,e0:5a:1b:15:c4:ca,1622_P4-02-100
163616,ADV,-40,1623,P4-02-100,e0:5a:1b:15:c4:ca,1623_P4-02-100
163721,ADV,-39,1624,P4-02-100,e0:5a:1b:15:c4:ca,1624_P4-02-100
163832,ADV,-45,1625,P4-02-100,e0:5a:1b:15:c4:ca,1625_P4-02-100
163935,ADV,-46,1626,P4-02-100,e0:5a:1b:15:c4:ca,1626_P4-02-100
164039,ADV,-40,1627,P4-08-100,e0:5a:1b:15:c4:ca,1627_P4-08-100
164151,ADV,-39,1628,P4-08-100,e0:5a:1b:15:c4:ca,1628_P4-08-100
164373,ADV,-44,1630,P4-08-100,e0:5a:1b:15:c4:ca,1630_P4-08-100
164475,ADV,-40,1632,P4-08-100,e0:5a:1b:15:c4:ca,1632_P4-08-100
164575,ADV,-40,1633,P4-08-100,e0:5a:1b:15:c4:ca,1633_P4-08-100
164687,ADV,-38,1634,P4-08-100,e0:5a:1b:15:c4:ca,1634_P4-08-100
164793,ADV,-42,1635,P4-08-100,e0:5a:1b:15:c4:ca,1635_P4-08-100
165003,ADV,-37,1637,P4-08-100,e0:5a:1b:15:c4:ca,1637_P4-08-100
165114,ADV,-39,1638,P4-08-100,e0:5a:1b:15:c4:ca,1638_P4-08-100
165334,ADV,-43,1640,P4-08-100,e0:5a:1b:15:c4:ca,1640_P4-08-100
165444,ADV,-37,1641,P4-08-100,e0:5a:1b:15:c4:ca,1641_P4-08-100
165651,ADV,-35,1643,P4-08-100,e0:5a:1b:15:c4:ca,1643_P4-08-100
165753,ADV,-43,1644,P4-08-100,e0:5a:1b:15:c4:ca,1644_P4-08-100
165965,ADV,-36,1646,P4-08-100,e0:5a:1b:15:c4:ca,1646_P4-08-100
166083,ADV,-35,1647,P4-08-100,e0:5a:1b:15:c4:ca,1647_P4-08-100
166168,ADV,-35,1648,P4-08-100,e0:5a:1b:15:c4:ca,1648_P4-08-100
166277,ADV,-42,1649,P4-08-100,e0:5a:1b:15:c4:ca,1649_P4-08-100
166379,ADV,-37,1650,P4-08-100,e0:5a:1b:15:c4:ca,1650_P4-08-100
166486,ADV,-37,1651,P4-08-100,e0:5a:1b:15:c4:ca,1651_P4-08-100
166594,ADV,-35,1653,P4-08-100,e0:5a:1b:15:c4:ca,1653_P4-08-100
166704,ADV,-43,1654,P4-08-100,e0:5a:1b:15:c4:ca,1654_P4-08-100
166800,ADV,-43,1655,P4-08-100,e0:5a:1b:15:c4:ca,1655_P4-08-100
166902,ADV,-37,1656,P4-08-100,e0:5a:1b:15:c4:ca,1656_P4-08-100
167008,ADV,-38,1657,P4-08-100,e0:5a:1b:15:c4:ca,1657_P4-08-100
167117,ADV,-39,1658,P4-08-100,e0:5a:1b:15:c4:ca,1658_P4-08-100
167227,ADV,-43,1659,P4-08-100,e0:5a:1b:15:c4:ca,1659_P4-08-100
167328,ADV,-36,1660,P4-08-100,e0:5a:1b:15:c4:ca,1660_P4-08-100
167439,ADV,-39,1661,P4-08-100,e0:5a:1b:15:c4:ca,1661_P4-08-100
167542,ADV,-39,1662,P4-08-100,e0:5a:1b:15:c4:ca,1662_P4-08-100
167667,ADV,-43,1663,P4-08-100,e0:5a:1b:15:c4:ca,1663_P4-08-100
167853,ADV,-37,1665,P4-08-100,e0:5a:1b:15:c4:ca,1665_P4-08-100
167966,ADV,-39,1666,P4-08-100,e0:5a:1b:15:c4:ca,1666_P4-08-100
168071,ADV,-39,1667,P4-08-100,e0:5a:1b:15:c4:ca,1667_P4-08-100
168171,ADV,-44,1668,P4-08-100,e0:5a:1b:15:c4:ca,1668_P4-08-100
168479,ADV,-39,1671,P4-08-100,e0:5a:1b:15:c4:ca,1671_P4-08-100
168690,ADV,-43,1673,P4-08-100,e0:5a:1b:15:c4:ca,1673_P4-08-100
168726,ADV,-43,1674,P4-08-500,e0:5a:1b:15:c4:ca,1674_P4-08-500
169725,ADV,-40,1684,P4-01-100,e0:5a:1b:15:c4:ca,1684_P4-01-100
169832,ADV,-39,1685,P4-01-100,e0:5a:1b:15:c4:ca,1685_P4-01-100
169941,ADV,-39,1686,P4-01-100,e0:5a:1b:15:c4:ca,1686_P4-01-100
170049,ADV,-45,1687,P4-01-100,e0:5a:1b:15:c4:ca,1687_P4-01-100
170164,ADV,-45,1688,P4-01-100,e0:5a:1b:15:c4:ca,1688_P4-01-100
170264,ADV,-39,1689,P4-01-100,e0:5a:1b:15:c4:ca,1689_P4-01-100
170371,ADV,-36,1690,P4-01-100,e0:5a:1b:15:c4:ca,1690_P4-01-100
170474,ADV,-39,1691,P4-01-100,e0:5a:1b:15:c4:ca,1691_P4-01-100
170583,ADV,-46,1692,P4-01-100,e0:5a:1b:15:c4:ca,1692_P4-01-100
170682,ADV,-40,1693,P4-01-100,e0:5a:1b:15:c4:ca,1693_P4-01-100
170788,ADV,-40,1694,P4-01-100,e0:5a:1b:15:c4:ca,1694_P4-01-100
170891,ADV,-36,1695,P4-01-100,e0:5a:1b:15:c4:ca,1695_P4-01-100
171108,ADV,-46,1697,P4-02-100,e0:5a:1b:15:c4:ca,1697_P4-02-100
171210,ADV,-40,1698,P4-02-100,e0:5a:1b:15:c4:ca,1698_P4-02-100
171323,ADV,-39,1699,P4-02-100,e0:5a:1b:15:c4:ca,1699_P4-02-100
171424,ADV,-39,1700,P4-02-100,e0:5a:1b:15:c4:ca,1700_P4-02-100
171528,ADV,-46,1701,P4-01-100,e0:5a:1b:15:c4:ca,1701_P4-01-100
171840,ADV,-39,1705,P4-01-100,e0:5a:1b:15:c4:ca,1705_P4-01-100
172053,ADV,-45,1707,P4-01-100,e0:5a:1b:15:c4:ca,1707_P4-01-100
172245,ADV,-40,1709,P4-01-100,e0:5a:1b:15:c4:ca,1709_P4-01-100
172350,ADV,-40,1710,P4-01-100,e0:5a:1b:15:c4:ca,1710_P4-01-100
172466,ADV,-46,1711,P4-01-100,e0:5a:1b:15:c4:ca,1711_P4-01-100
172559,ADV,-46,1712,P4-01-100,e0:5a:1b:15:c4:ca,1712_P4-01-100
172658,ADV,-39,1713,P4-01-100,e0:5a:1b:15:c4:ca,1713_P4-01-100
172767,ADV,-39,1714,P4-01-100,e0:5a:1b:15:c4:ca,1714_P4-01-100
172875,ADV,-39,1715,P4-01-100,e0:5a:1b:15:c4:ca,1715_P4-01-100
172979,ADV,-46,1716,P4-01-100,e0:5a:1b:15:c4:ca,1716_P4-01-100
173081,ADV,-40,1717,P4-01-100,e0:5a:1b:15:c4:ca,1717_P4-01-100
173187,ADV,-40,1718,P4-01-100,e0:5a:1b:15:c4:ca,1718_P4-01-100
173291,ADV,-40,1719,P4-01-100,e0:5a:1b:15:c4:ca,1719_P4-01-100
173401,ADV,-45,1720,P4-01-100,e0:5a:1b:15:c4:ca,1720_P4-01-100
173505,ADV,-44,1721,P4-01-100,e0:5a:1b:15:c4:ca,1721_P4-01-100
173605,ADV,-40,1722,P4-01-100,e0:5a:1b:15:c4:ca,1722_P4-01-100
173722,ADV,-39,1723,P4-01-100,e0:5a:1b:15:c4:ca,1723_P4-01-100
173823,ADV,-40,1724,P4-01-100,e0:5a:1b:15:c4:ca,1724_P4-01-100
173933,ADV,-44,1725,P4-01-100,e0:5a:1b:15:c4:ca,1725_P4-01-100
174136,ADV,-39,1727,P4-01-100,e0:5a:1b:15:c4:ca,1727_P4-01-100
174244,ADV,-39,1728,P4-01-100,e0:5a:1b:15:c4:ca,1728_P4-01-100
174459,ADV,-46,1730,P4-01-100,e0:5a:1b:15:c4:ca,1730_P4-01-100
174552,ADV,-40,1731,P4-01-100,e0:5a:1b:15:c4:ca,1731_P4-01-100
174772,ADV,-40,1734,P4-01-100,e0:5a:1b:15:c4:ca,1734_P4-01-100
174878,ADV,-45,1735,P4-01-100,e0:5a:1b:15:c4:ca,1735_P4-01-100
175084,ADV,-40,1737,P4-01-100,e0:5a:1b:15:c4:ca,1737_P4-01-100
175190,ADV,-39,1738,P4-01-100,e0:5a:1b:15:c4:ca,1738_P4-01-100
175294,ADV,-39,1739,P4-01-100,e0:5a:1b:15:c4:ca,1739_P4-01-100
175395,ADV,-44,1740,P4-01-100,e0:5a:1b:15:c4:ca,1740_P4-01-100
175507,ADV,-40,1741,P4-01-100,e0:5a:1b:15:c4:ca,1741_P4-01-100
175595,ADV,-40,1742,P4-01-100,e0:5a:1b:15:c4:ca,1742_P4-01-100
175696,ADV,-40,1743,P4-01-100,e0:5a:1b:15:c4:ca,1743_P4-01-100
175816,ADV,-44,1744,P4-01-100,e0:5a:1b:15:c4:ca,1744_P4-01-100
175909,ADV,-45,1745,P4-01-100,e0:5a:1b:15:c4:ca,1745_P4-01-100
175990,ADV,-40,1746,P4-01-500,e0:5a:1b:15:c4:ca,1746_P4-01-500
176498,ADV,-40,1751,P4-01-500,e0:5a:1b:15:c4:ca,1751_P4-01-500
177000,ADV,-40,1756,P4-01-500,e0:5a:1b:15:c4:ca,1756_P4-01-500
177502,ADV,-41,1761,P4-01-500,e0:5a:1b:15:c4:ca,1761_P4-01-500
178492,ADV,-40,1771,P4-03-100,e0:5a:1b:15:c4:ca,1771_P4-03-100
178595,ADV,-40,1772,P4-03-100,e0:5a:1b:15:c4:ca,1772_P4-03-100
178705,ADV,-46,1773,P4-03-100,e0:5a:1b:15:c4:ca,1773_P4-03-100
178816,ADV,-44,1774,P4-03-100,e0:5a:1b:15:c4:ca,1774_P4-03-100
179030,ADV,-40,1776,P4-03-100,e0:5a:1b:15:c4:ca,1776_P4-03-100
179238,ADV,-43,1778,P4-03-100,e0:5a:1b:15:c4:ca,1778_P4-03-100
179339,ADV,-37,1779,P4-03-100,e0:5a:1b:15:c4:ca,1779_P4-03-100
179439,ADV,-40,1780,P4-03-100,e0:5a:1b:15:c4:ca,1780_P4-03-100
179655,ADV,-43,1782,P4-03-100,e0:5a:1b:15:c4:ca,1782_P4-03-100
179852,ADV,-39,1784,P4-03-100,e0:5a:1b:15:c4:ca,1784_P4-03-100
179962,ADV,-38,1785,P4-03-100,e0:5a:1b:15:c4:ca,1785_P4-03-100
180067,ADV,-39,1786,P4-03-100,e0:5a:1b:15:c4:ca,1786_P4-03-100
180172,ADV,-44,1787,P4-03-100,e0:5a:1b:15:c4:ca,1787_P4-03-100
180373,ADV,-39,1789,P4-03-100,e0:5a:1b:15:c4:ca,1789_P4-03-100
180478,ADV,-39,1790,P4-03-100,e0:5a:1b:15:c4:ca,1790_P4-03-100
180683,ADV,-45,1792,P4-03-100,e0:5a:1b:15:c4:ca,1792_P4-03-100
180790,ADV,-39,1793,P4-03-100,e0:5a:1b:15:c4:ca,1793_P4-03-100
181007,ADV,-39,1795,P4-03-100,e0:5a:1b:15:c4:ca,1795_P4-03-100
181118,ADV,-44,1797,P4-03-100,e0:5a:1b:15:c4:ca,1797_P4-03-100
