scenario_id,method,env_id,prior_env_id,filter_env_id,switch_env_id,switch_at,after_switch_k,actions,actions_used,tau_s,epsilon,reward_mode,cost_unit,constraint_ci,constraint_delta,init_strategy,filter_margin,filter_prior_weight,filter_reset_on_switch,avg_cost_mean,avg_cost_std,violation_rate_mean,violation_rate_std,violations_first_100_mean,violations_first_100_std,violations_last_100_mean,violations_last_100_std,violations_after_switch_mean,violations_after_switch_std,violations_first_after_switch_k_mean,violations_first_after_switch_k_std,safe_set_empty_rate_mean,safe_set_empty_rate_std,safe_set_size_mean_mean,safe_set_size_mean_std,distinct_actions_pulled_mean,distinct_actions_pulled_std,pull_100_mean,pull_1000_mean,pull_2000_mean,pull_500_mean,regret_vs_oracle_mean,regret_vs_oracle_std,n_reps
E1_actions_100_500_1000_2000_cold,filter_ucb,E1_scan90_stress_v5,,,,,50,"100,500,1000,2000","100,500,1000",1.0,0.1,per_60s,mJ_per_60s,wilson,0.05,safe_seed,,,,1096.4745925279299,4.998541743675601,0.05771,0.007722844244986639,6.0,2.300636714679067,5.5,2.4924127290882647,,,,,,,,,3.0,0.0,1.1,997.81,0.0,1.09,2903.677505057696,1016.3702182210328,100
E1_actions_100_500_1000_2000_cold,filter_ucb_online_w1_m0_r0,E1_scan90_stress_v5,,E1_scan90_stress_v5,,,50,"100,500,1000,2000","100,500,1000,2000",1.0,0.1,per_60s,mJ_per_60s,wilson,0.05,safe_seed,0.0,1.0,0,1121.3791603151994,98.42606364635543,0.05633,0.009747369497521478,5.84,2.263991290985141,5.43,2.5712277458856354,,,,,0.0,0.0,2.94069,0.23594219866550178,3.0,0.0,1.11,938.5,0.0,60.39,27808.245292327338,99139.46268405774,100
E1_actions_100_500_1000_2000_cold,fixed_ccs,E1_scan90_stress_v5,,,,,50,"100,500,1000,2000","100,500,1000,2000",1.0,0.1,per_60s,mJ_per_60s,wilson,0.05,safe_seed,,,,1093.5709150228722,4.958449996469031,0.05775,0.007716406501275663,6.04,2.3308211584605267,5.5,2.4924127290882647,,,,,,,,,1.0,0.0,0.0,1000.0,0.0,0.0,0.0,0.0,100
E1_actions_100_500_1000_2000_cold,oracle,E1_scan90_stress_v5,,,,,50,"100,500,1000,2000","100,500,1000,2000",1.0,0.1,per_60s,mJ_per_60s,wilson,0.05,safe_seed,,,,1093.5709150228722,4.958449996469031,0.05775,0.007716406501275663,6.04,2.3308211584605267,5.5,2.4924127290882647,,,,,,,,,1.0,0.0,0.0,1000.0,0.0,0.0,0.0,0.0,100
E1_actions_100_500_1000_2000_cold,safe_ucb,E1_scan90_stress_v5,,,,,50,"100,500,1000,2000","100,500,1000,2000",1.0,0.1,per_60s,mJ_per_60s,wilson,0.05,safe_seed,,,,3364.3718997443343,45.74493978326367,0.00386,0.001775364523673713,0.43,0.7142842712828139,0.41,0.6976873775321415,,,,,0.027422266800401204,0.009159750812041866,0.9725777331995988,0.009159750812041862,3.0,0.0,998.0,1.0,0.0,1.0,2270800.9847214622,40789.35965071413,100
E1_actions_100_500_1000_2000_cold,ucb,E1_scan90_stress_v5,,,,,50,"100,500,1000,2000","100,500,1000,2000",1.0,0.1,per_60s,mJ_per_60s,wilson,0.05,safe_seed,,,,1082.9007323614067,8.0055832326425,0.33912,0.16875343797470566,32.41,16.049856036359916,33.76,17.360188985611927,,,,,,,,,4.0,0.0,1.08,262.28,735.61,1.03,-10670.182661465707,8336.33506717092,100
E1_to_E2_actions_500_1000_2000_switch_mid,filter_ucb,E1_scan90_stress_v5,,E1_scan90_stress_v5,E2_fixed_v01,500,50,"500,1000,2000","500,1000",1.0,0.1,per_60s,mJ_per_60s,wilson,0.05,safe_seed,,,,1094.06546221833,4.95634994130069,0.08483,0.009490085203606828,6.03,2.337463876456142,10.81,3.237079991085619,55.51,7.156963127760352,5.75,2.0713290516970106,,,,,2.0,0.0,0.0,998.82,0.0,1.18,,,100
E1_to_E2_actions_500_1000_2000_switch_mid,filter_ucb_online_w0.2_m0.01_r0,E1_scan90_stress_v5,,E1_scan90_stress_v5,E2_fixed_v01,500,50,"500,1000,2000","500,1000,2000",1.0,0.1,per_60s,mJ_per_60s,wilson,0.05,safe_seed,0.01,0.2,0,1149.1899099063612,141.2055132228809,0.07539,0.023910563575646866,5.59,2.1977720582903997,9.13,4.706872259223364,47.71,19.649604822921237,4.98,2.726525150065444,0.0,0.0,1.82928,0.3745165524790701,2.0,0.0,0.0,868.06,0.0,131.94,,,100
E1_to_E2_actions_500_1000_2000_switch_mid,filter_ucb_online_w0.2_m0.01_r1,E1_scan90_stress_v5,,E1_scan90_stress_v5,E2_fixed_v01,500,50,"500,1000,2000","500,1000,2000",1.0,0.1,per_60s,mJ_per_60s,wilson,0.05,safe_seed,0.01,0.2,1,1171.397023957753,127.19212850480825,0.06928,0.018902770894097705,5.59,2.1977720582903997,5.98,5.3672783389420715,41.6,15.776853010315172,5.32,2.2467934502487776,0.0,0.0,1.79625,0.3062760481604261,2.0,0.0,0.0,815.03,0.0,184.97,,,100
E1_to_E2_actions_500_1000_2000_switch_mid,filter_ucb_online_w0.2_m0.02_r0,E1_scan90_stress_v5,,E1_scan90_stress_v5,E2_fixed_v01,500,50,"500,1000,2000","500,1000,2000",1.0,0.1,per_60s,mJ_per_60s,wilson,0.05,safe_seed,0.02,0.2,0,1164.4675179842798,148.49342287911088,0.07182000000000001,0.02374927112119189,5.56,2.166410241236256,7.77,5.140166644313502,44.43,20.11494996566514,4.82,2.764785779050594,1e-05,0.0001,1.7931899999999998,0.38587978174503507,2.0,0.0,0.0,831.98,0.0,168.02,,,100
E1_to_E2_actions_500_1000_2000_switch_mid,filter_ucb_online_w0.2_m0.02_r1,E1_scan90_stress_v5,,E1_scan90_stress_v5,E2_fixed_v01,500,50,"500,1000,2000","500,1000,2000",1.0,0.1,per_60s,mJ_per_60s,wilson,0.05,safe_seed,0.02,0.2,1,1223.8273045591613,127.00025843053345,0.05713,0.018116154407187262,5.56,2.166410241236256,2.69,4.554263182043077,29.74,15.2253244645395,5.2,2.238325492438714,1e-05,0.0001,1.6721700000000002,0.3027001067830414,2.0,0.0,0.0,690.96,0.0,309.04,,,100
E1_to_E2_actions_500_1000_2000_switch_mid,filter_ucb_online_w0.2_m0.03_r0,E1_scan90_stress_v5,,E1_scan90_stress_v5,E2_fixed_v01,500,50,"500,1000,2000","500,1000,2000",1.0,0.1,per_60s,mJ_per_60s,wilson,0.05,safe_seed,0.03,0.2,0,1246.0940550929035,176.15406225053775,0.056139999999999995,0.0259190737457646,5.26,2.072523470398716,3.71,4.759456296933951,30.65,22.145239130829363,3.79,3.0361292475915453,3e-05,0.00022270150335361368,1.59916,0.43009897193153757,2.0,0.0,0.0,637.97,0.0,362.03,,,100
E1_to_E2_actions_500_1000_2000_switch_mid,filter_ucb_online_w0.2_m0.03_r1,E1_scan90_stress_v5,,E1_scan90_stress_v5,E2_fixed_v01,500,50,"500,1000,2000","500,1000,2000",1.0,0.1,per_60s,mJ_per_60s,wilson,0.05,safe_seed,0.03,0.2,1,1297.9248477096626,131.5219136825951,0.043230000000000005,0.015531561220282849,5.26,2.072523470398716,0.67,2.108448613449129,17.74,12.110284468128317,4.78,2.134753315297043,3e-05,0.00022270150335361368,1.49614,0.31690673579449075,2.0,0.0,0.0,514.95,0.0,485.05,,,100
E1_to_E2_actions_500_1000_2000_switch_mid,filter_ucb_online_w0.2_m0_r0,E1_scan90_stress_v5,,E1_scan90_stress_v5,E2_fixed_v01,500,50,"500,1000,2000","500,1000,2000",1.0,0.1,per_60s,mJ_per_60s,wilson,0.05,safe_seed,0.0,0.2,0,1140.0838803065242,131.31080290169592,0.07712,0.02280540428596838,5.66,2.2572889791414696,9.6,4.6122366887148445,49.14,18.66884186460576,5.06,2.639329575111946,0.0,0.0,1.85077,0.35703557401344627,2.0,0.0,0.0,889.55,0.0,110.45,,,100
E1_to_E2_actions_500_1000_2000_switch_mid,filter_ucb_online_w0.2_m0_r1,E1_scan90_stress_v5,,E1_scan90_stress_v5,E2_fixed_v01,500,50,"500,1000,2000","500,1000,2000",1.0,0.1,per_60s,mJ_per_60s,wilson,0.05,safe_seed,0.0,0.2,1,1143.3242488764447,119.85605623783195,0.07639,0.019036326251977227,5.66,2.2572889791414696,8.53,5.036142102118173,48.41,15.63994820317445,5.38,2.1685539565863383,0.0,0.0,1.8629499999999999,0.2937765375934641,2.0,0.0,0.0,881.73,0.0,118.27,,,100
E1_to_E2_actions_500_1000_2000_switch_mid,filter_ucb_online_w0.5_m0.01_r0,E1_scan90_stress_v5,,E1_scan90_stress_v5,E2_fixed_v01,500,50,"500,1000,2000","500,1000,2000",1.0,0.1,per_60s,mJ_per_60s,wilson,0.05,safe_seed,0.01,0.5,0,1140.7095468289212,130.91735238468974,0.07681,0.022394847441302025,5.67,2.1883760871911155,9.35,4.56241784207196,48.87,18.48321925259217,5.11,2.6472589215979228,0.0,0.0,1.8493000000000002,0.35569745116837254,2.0,0.0,0.0,888.08,0.0,111.92,,,100
E1_to_E2_actions_500_1000_2000_switch_mid,filter_ucb_online_w0.5_m0.01_r1,E1_scan90_stress_v5,,E1_scan90_stress_v5,E2_fixed_v01,500,50,"500,1000,2000","500,1000,2000",1.0,0.1,per_60s,mJ_per_60s,wilson,0.05,safe_seed,0.01,0.5,1,1140.5324404596158,119.10686102738663,0.07682,0.018877799477993007,5.67,2.1883760871911155,8.73,4.802892646913709,48.88,15.714163976965157,5.38,2.2553191894861904,0.0,0.0,1.86965,0.2924697126683084,2.0,0.0,0.0,888.43,0.0,111.57,,,100
E1_to_E2_actions_500_1000_2000_switch_mid,filter_ucb_online_w0.5_m0.02_r0,E1_scan90_stress_v5,,E1_scan90_stress_v5,E2_fixed_v01,500,50,"500,1000,2000","500,1000,2000",1.0,0.1,per_60s,mJ_per_60s,wilson,0.05,safe_seed,0.02,0.5,0,1164.412719044245,148.45839182232194,0.07184,0.023760046253738603,5.56,2.166410241236256,7.78,5.139626209731363,44.45,20.118525057892555,4.82,2.764785779050594,0.0,0.0,1.79333,0.38580329564337956,2.0,0.0,0.0,832.11,0.0,167.89,,,100
E1_to_E2_actions_500_1000_2000_switch_mid,filter_ucb_online_w0.5_m0.02_r1,E1_scan90_stress_v5,,E1_scan90_stress_v5,E2_fixed_v01,500,50,"500,1000,2000","500,1000,2000",1.0,0.1,per_60s,mJ_per_60s,wilson,0.05,safe_seed,0.02,0.5,1,1182.0132542785855,138.9112560058165,0.06722,0.020226285528060422,5.56,2.166410241236256,5.37,5.2525222416463775,39.83,17.224046498363204,5.06,2.4610911598251897,0.0,0.0,1.7712299999999999,0.33155823886245955,2.0,0.0,0.0,790.01,0.0,209.99,,,100
E1_to_E2_actions_500_1000_2000_switch_mid,filter_ucb_online_w0.5_m0.03_r0,E1_scan90_stress_v5,,E1_scan90_stress_v5,E2_fixed_v01,500,50,"500,1000,2000","500,1000,2000",1.0,0.1,per_60s,mJ_per_60s,wilson,0.05,safe_seed,0.03,0.5,0,1226.1072830215517,166.96631814873916,0.05926,0.024446445280831463,5.35,2.0269646910062,4.06,4.82171016226493,33.13,21.371960768041546,4.1,2.983117479917594,1e-05,0.0001,1.6463999999999999,0.4141496094286448,2.0,0.0,0.0,685.19,0.0,314.81,,,100
E1_to_E2_actions_500_1000_2000_switch_mid,filter_ucb_online_w0.5_m0.03_r1,E1_scan90_stress_v5,,E1_scan90_stress_v5,E2_fixed_v01,500,50,"500,1000,2000","500,1000,2000",1.0,0.1,per_60s,mJ_per_60s,wilson,0.05,safe_seed,0.03,0.5,1,1256.593575083144,142.90745162243908,0.052110000000000004,0.018737902494649447,5.35,2.0269646910062,1.59,3.4233157770049356,25.98,15.488659911644577,4.66,2.4171942997674565,4e-05,0.00019694638556693237,1.5780500000000002,0.35542662869267183,2.0,0.0,0.0,612.74,0.0,387.26,,,100
E1_to_E2_actions_500_1000_2000_switch_mid,filter_ucb_online_w0.5_m0_r0,E1_scan90_stress_v5,,E1_scan90_stress_v5,E2_fixed_v01,500,50,"500,1000,2000","500,1000,2000",1.0,0.1,per_60s,mJ_per_60s,wilson,0.05,safe_seed,0.0,0.5,0,1131.6035172290844,119.52772994552542,0.07854,0.021093548250063987,5.74,2.2456242523691006,9.82,4.441266540621998,50.3,17.340616185619524,5.19,2.5532510470165106,0.0,0.0,1.8707900000000002,0.33595130404103013,2.0,0.0,0.0,909.57,0.0,90.43,,,100
E1_to_E2_actions_500_1000_2000_switch_mid,filter_ucb_online_w0.5_m0_r1,E1_scan90_stress_v5,,E1_scan90_stress_v5,E2_fixed_v01,500,50,"500,1000,2000","500,1000,2000",1.0,0.1,per_60s,mJ_per_60s,wilson,0.05,safe_seed,0.0,0.5,1,1128.4789318131664,110.38280085291004,0.07951,0.01898563784665778,5.74,2.2456242523691006,9.9,4.319324675984158,51.27,15.358250505375231,5.42,2.1935626664668533,0.0,0.0,1.89823,0.2753964582051106,2.0,0.0,0.0,917.01,0.0,82.99,,,100
E1_to_E2_actions_500_1000_2000_switch_mid,filter_ucb_online_w0_m0.01_r0,E1_scan90_stress_v5,,E1_scan90_stress_v5,E2_fixed_v01,500,50,"500,1000,2000","500,1000,2000",1.0,0.1,per_60s,mJ_per_60s,wilson,0.05,safe_seed,0.01,0.0,0,1149.1899099063612,141.2055132228809,0.07539,0.023910563575646866,5.59,2.1977720582903997,9.13,4.706872259223364,47.71,19.649604822921237,4.98,2.726525150065444,0.0,0.0,1.82928,0.3745165524790701,2.0,0.0,0.0,868.06,0.0,131.94,,,100
E1_to_E2_actions_500_1000_2000_switch_mid,filter_ucb_online_w0_m0.01_r1,E1_scan90_stress_v5,,E1_scan90_stress_v5,E2_fixed_v01,500,50,"500,1000,2000","500,1000,2000",1.0,0.1,per_60s,mJ_per_60s,wilson,0.05,safe_seed,0.01,0.0,1,1260.3932640713044,109.10521336736338,0.04661,0.019195377705388483,5.59,2.1977720582903997,1.89,4.067349669420289,18.93,17.877956066936544,3.8,1.9898733526523644,0.0,0.0,1.58507,0.2690629551580519,2.0,0.0,0.0,603.85,0.0,396.15,,,100
E1_to_E2_actions_500_1000_2000_switch_mid,filter_ucb_online_w0_m0.02_r0,E1_scan90_stress_v5,,E1_scan90_stress_v5,E2_fixed_v01,500,50,"500,1000,2000","500,1000,2000",1.0,0.1,per_60s,mJ_per_60s,wilson,0.05,safe_seed,0.02,0.0,0,1164.4675179842798,148.49342287911088,0.07182000000000001,0.02374927112119189,5.56,2.166410241236256,7.77,5.140166644313502,44.43,20.11494996566514,4.82,2.764785779050594,1e-05,0.0001,1.7931899999999998,0.38587978174503507,2.0,0.0,0.0,831.98,0.0,168.02,,,100
E1_to_E2_actions_500_1000_2000_switch_mid,filter_ucb_online_w0_m0.02_r1,E1_scan90_stress_v5,,E1_scan90_stress_v5,E2_fixed_v01,500,50,"500,1000,2000","500,1000,2000",1.0,0.1,per_60s,mJ_per_60s,wilson,0.05,safe_seed,0.02,0.0,1,1289.0141716510652,102.9692713475615,0.03992,0.015729840392956277,5.56,2.166410241236256,0.9,2.794294330968161,12.53,13.624439567753,3.6,1.8856180831641265,1e-05,0.0001,1.5172700000000001,0.25224110059283134,2.0,0.0,0.0,536.06,0.0,463.94,,,100
E1_to_E2_actions_500_1000_2000_switch_mid,filter_ucb_online_w0_m0.03_r0,E1_scan90_stress_v5,,E1_scan90_stress_v5,E2_fixed_v01,500,50,"500,1000,2000","500,1000,2000",1.0,0.1,per_60s,mJ_per_60s,wilson,0.05,safe_seed,0.03,0.0,0,1246.0940550929035,176.15406225053775,0.056139999999999995,0.0259190737457646,5.26,2.072523470398716,3.71,4.759456296933951,30.65,22.145239130829363,3.79,3.0361292475915453,3e-05,0.00022270150335361368,1.59916,0.43009897193153757,2.0,0.0,0.0,637.97,0.0,362.03,,,100
E1_to_E2_actions_500_1000_2000_switch_mid,filter_ucb_online_w0_m0.03_r1,E1_scan90_stress_v5,,E1_scan90_stress_v5,E2_fixed_v01,500,50,"500,1000,2000","500,1000,2000",1.0,0.1,per_60s,mJ_per_60s,wilson,0.05,safe_seed,0.03,0.0,1,1338.0560041279273,104.30590719808929,0.0329,0.011183953150867901,5.26,2.072523470398716,0.07,0.7,7.41,8.569496054393317,3.11,1.7689522094143526,3e-05,0.00022270150335361368,1.401,0.2535820151032766,2.0,0.0,0.0,419.81,0.0,580.19,,,100
E1_to_E2_actions_500_1000_2000_switch_mid,filter_ucb_online_w0_m0_r0,E1_scan90_stress_v5,,E1_scan90_stress_v5,E2_fixed_v01,500,50,"500,1000,2000","500,1000,2000",1.0,0.1,per_60s,mJ_per_60s,wilson,0.05,safe_seed,0.0,0.0,0,1140.0838803065242,131.31080290169592,0.07712,0.02280540428596838,5.66,2.2572889791414696,9.6,4.6122366887148445,49.14,18.66884186460576,5.06,2.639329575111946,0.0,0.0,1.85077,0.35703557401344627,2.0,0.0,0.0,889.55,0.0,110.45,,,100
E1_to_E2_actions_500_1000_2000_switch_mid,filter_ucb_online_w0_m0_r1,E1_scan90_stress_v5,,E1_scan90_stress_v5,E2_fixed_v01,500,50,"500,1000,2000","500,1000,2000",1.0,0.1,per_60s,mJ_per_60s,wilson,0.05,safe_seed,0.0,0.0,1,1227.0399196460094,121.81406835656212,0.05432000000000001,0.023417976346422766,5.66,2.2572889791414696,3.71,5.217095054537611,26.34,21.708453876243002,4.03,2.115145003028961,0.0,0.0,1.66422,0.29397435399721655,2.0,0.0,0.0,683.0,0.0,317.0,,,100
E1_to_E2_actions_500_1000_2000_switch_mid,filter_ucb_online_w1_m0.01_r0,E1_scan90_stress_v5,,E1_scan90_stress_v5,E2_fixed_v01,500,50,"500,1000,2000","500,1000,2000",1.0,0.1,per_60s,mJ_per_60s,wilson,0.05,safe_seed,0.01,1.0,0,1136.4368992733791,125.16226920749352,0.07759,0.021608123706166858,5.72,2.216011523144018,9.52,4.511444481885076,49.48,17.852074547697967,5.14,2.6054333283127447,0.0,0.0,1.8993600000000002,0.29779708093623325,2.0,0.0,0.0,898.18,0.0,101.82,,,100
E1_to_E2_actions_500_1000_2000_switch_mid,filter_ucb_online_w1_m0.01_r1,E1_scan90_stress_v5,,E1_scan90_stress_v5,E2_fixed_v01,500,50,"500,1000,2000","500,1000,2000",1.0,0.1,per_60s,mJ_per_60s,wilson,0.05,safe_seed,0.01,1.0,1,1136.4368992733791,125.16226920749352,0.07759,0.021608123706166858,5.72,2.216011523144018,9.52,4.511444481885076,49.48,17.852074547697967,5.14,2.6054333283127447,0.0,0.0,1.8993600000000002,0.29779708093623325,2.0,0.0,0.0,898.18,0.0,101.82,,,100
E1_to_E2_actions_500_1000_2000_switch_mid,filter_ucb_online_w1_m0.02_r0,E1_scan90_stress_v5,,E1_scan90_stress_v5,E2_fixed_v01,500,50,"500,1000,2000","500,1000,2000",1.0,0.1,per_60s,mJ_per_60s,wilson,0.05,safe_seed,0.02,1.0,0,1156.029220782548,139.60438573436406,0.07323,0.022430973805401,5.64,2.1580013199647716,7.97,5.022082549233249,45.58,19.14758206640982,4.95,2.6944574611785965,0.0,0.0,1.81315,0.3694234212139427,2.0,0.0,0.0,851.93,0.0,148.07,,,100
E1_to_E2_actions_500_1000_2000_switch_mid,filter_ucb_online_w1_m0.02_r1,E1_scan90_stress_v5,,E1_scan90_stress_v5,E2_fixed_v01,500,50,"500,1000,2000","500,1000,2000",1.0,0.1,per_60s,mJ_per_60s,wilson,0.05,safe_seed,0.02,1.0,1,1156.029220782548,139.60438573436406,0.07323,0.022430973805401,5.64,2.1580013199647716,7.97,5.022082549233249,45.58,19.14758206640982,4.95,2.6944574611785965,0.0,0.0,1.81315,0.3694234212139427,2.0,0.0,0.0,851.93,0.0,148.07,,,100
E1_to_E2_actions_500_1000_2000_switch_mid,filter_ucb_online_w1_m0.03_r0,E1_scan90_stress_v5,,E1_scan90_stress_v5,E2_fixed_v01,500,50,"500,1000,2000","500,1000,2000",1.0,0.1,per_60s,mJ_per_60s,wilson,0.05,safe_seed,0.03,1.0,0,1214.664941224303,159.98006972533207,0.061020000000000005,0.023247886837823407,5.5,2.0768079625067206,4.29,4.814319969390981,34.42,20.853592573758682,4.27,2.9089030873711095,0.0,0.0,1.67358,0.4011717730787543,2.0,0.0,0.0,712.36,0.0,287.64,,,100
E1_to_E2_actions_500_1000_2000_switch_mid,filter_ucb_online_w1_m0.03_r1,E1_scan90_stress_v5,,E1_scan90_stress_v5,E2_fixed_v01,500,50,"500,1000,2000","500,1000,2000",1.0,0.1,per_60s,mJ_per_60s,wilson,0.05,safe_seed,0.03,1.0,1,1214.664941224303,159.98006972533207,0.061020000000000005,0.023247886837823407,5.5,2.0768079625067206,4.29,4.814319969390981,34.42,20.853592573758682,4.27,2.9089030873711095,0.0,0.0,1.67358,0.4011717730787543,2.0,0.0,0.0,712.36,0.0,287.64,,,100
E1_to_E2_actions_500_1000_2000_switch_mid,filter_ucb_online_w1_m0_r0,E1_scan90_stress_v5,,E1_scan90_stress_v5,E2_fixed_v01,500,50,"500,1000,2000","500,1000,2000",1.0,0.1,per_60s,mJ_per_60s,wilson,0.05,safe_seed,0.0,1.0,0,1114.8677213640867,90.9899156891943,0.08132,0.016905488917968496,5.88,2.275384305424852,10.25,3.960346378076472,52.65,14.027660265534399,5.37,2.3383279876394116,0.0,0.0,1.9506000000000001,0.21641855257576675,2.0,0.0,0.0,949.42,0.0,50.58,,,100
E1_to_E2_actions_500_1000_2000_switch_mid,filter_ucb_online_w1_m0_r1,E1_scan90_stress_v5,,E1_scan90_stress_v5,E2_fixed_v01,500,50,"500,1000,2000","500,1000,2000",1.0,0.1,per_60s,mJ_per_60s,wilson,0.05,safe_seed,0.0,1.0,1,1114.8677213640867,90.9899156891943,0.08132,0.016905488917968496,5.88,2.275384305424852,10.25,3.960346378076472,52.65,14.027660265534399,5.37,2.3383279876394116,0.0,0.0,1.9506000000000001,0.21641855257576675,2.0,0.0,0.0,949.42,0.0,50.58,,,100
E1_to_E2_actions_500_1000_2000_switch_mid,fixed_ccs,E1_scan90_stress_v5,,E1_scan90_stress_v5,E2_fixed_v01,500,50,"500,1000,2000","500,1000,2000",1.0,0.1,per_60s,mJ_per_60s,wilson,0.05,safe_seed,,,,1093.5709150228722,4.958449996469031,0.08484,0.00946734952722815,6.04,2.3308211584605267,10.81,3.237079991085619,55.51,7.156963127760352,5.75,2.0713290516970106,,,,,1.0,0.0,0.0,1000.0,0.0,0.0,,,100
E1_to_E2_actions_500_1000_2000_switch_mid,oracle,E1_scan90_stress_v5,,E1_scan90_stress_v5,E2_fixed_v01,500,50,"500,1000,2000","500,1000,2000",1.0,0.1,per_60s,mJ_per_60s,wilson,0.05,safe_seed,,,,1093.5709150228722,4.958449996469031,0.08484,0.00946734952722815,6.04,2.3308211584605267,10.81,3.237079991085619,55.51,7.156963127760352,5.75,2.0713290516970106,,,,,1.0,0.0,0.0,1000.0,0.0,0.0,,,100
E1_to_E2_actions_500_1000_2000_switch_mid,safe_ucb,E1_scan90_stress_v5,,E1_scan90_stress_v5,E2_fixed_v01,500,50,"500,1000,2000","500,1000,2000",1.0,0.1,per_60s,mJ_per_60s,wilson,0.05,safe_seed,,,,1514.9701878898363,8.442206130557468,0.01584,0.0038683381966989902,3.29,1.81071446359907,0.0,0.0,0.0,0.0,0.0,0.0,0.06317635270541082,0.03770313486974882,0.9368236472945891,0.0377031348697488,2.0,0.0,0.0,1.0,0.0,999.0,,,100
E1_to_E2_actions_500_1000_2000_switch_mid,ucb,E1_scan90_stress_v5,,E1_scan90_stress_v5,E2_fixed_v01,500,50,"500,1000,2000","500,1000,2000",1.0,0.1,per_60s,mJ_per_60s,wilson,0.05,safe_seed,,,,1078.8024358667174,7.036084903771253,0.42936,0.15046523945027399,35.88,14.945206319057355,47.98,17.038862294262145,240.45,80.97591299175629,23.61,8.637357199626479,,,,,3.0,0.0,0.0,165.44,833.46,1.1,,,100
E2_actions_500_1000_2000_cold,filter_ucb,E2_fixed_v01,,,,,50,"500,1000,2000",500,1.0,0.1,per_60s,mJ_per_60s,wilson,0.05,safe_seed,,,,1515.3998368280422,8.436709832082496,0.0,0.0,0.0,0.0,0.0,0.0,,,,,,,,,1.0,0.0,0.0,0.0,0.0,1000.0,0.0,0.0,100
E2_actions_500_1000_2000_cold,filter_ucb_online_w1_m0_r0,E2_fixed_v01,,E2_fixed_v01,,,50,"500,1000,2000","500,1000,2000",1.0,0.1,per_60s,mJ_per_60s,wilson,0.05,safe_seed,0.0,1.0,0,1515.3998368280422,8.436709832082496,0.0,0.0,0.0,0.0,0.0,0.0,,,,,0.0,0.0,1.0,0.0,1.0,0.0,0.0,0.0,0.0,1000.0,0.0,0.0,100
E2_actions_500_1000_2000_cold,fixed_ccs,E2_fixed_v01,,,,,50,"500,1000,2000","500,1000,2000",1.0,0.1,per_60s,mJ_per_60s,wilson,0.05,safe_seed,,,,1093.5709150228722,4.958449996469031,0.11279,0.009993224977680902,11.47,2.999848481022151,10.81,3.237079991085619,,,,,,,,,1.0,0.0,0.0,1000.0,0.0,0.0,-421828.9218051698,3478.259835613417,100
E2_actions_500_1000_2000_cold,oracle,E2_fixed_v01,,,,,50,"500,1000,2000","500,1000,2000",1.0,0.1,per_60s,mJ_per_60s,wilson,0.05,safe_seed,,,,1515.3998368280422,8.436709832082496,0.0,0.0,0.0,0.0,0.0,0.0,,,,,,,,,1.0,0.0,0.0,0.0,0.0,1000.0,0.0,0.0,100
E2_actions_500_1000_2000_cold,safe_ucb,E2_fixed_v01,,,,,50,"500,1000,2000","500,1000,2000",1.0,0.1,per_60s,mJ_per_60s,wilson,0.05,safe_seed,,,,1515.3998368280422,8.436709832082496,0.0,0.0,0.0,0.0,0.0,0.0,,,,,0.024024024024024024,0.0,0.975975975975976,0.0,1.0,0.0,0.0,0.0,0.0,1000.0,0.0,0.0,100
E2_actions_500_1000_2000_cold,ucb,E2_fixed_v01,,,,,50,"500,1000,2000","500,1000,2000",1.0,0.1,per_60s,mJ_per_60s,wilson,0.05,safe_seed,,,,1078.8024358667174,7.036084903771253,0.48156,0.16131857683578552,46.0,16.941968688151416,47.98,17.038862294262145,,,,,,,,,3.0,0.0,0.0,165.44,833.46,1.1,-436597.4009613246,8816.021098051326,100
E2_actions_500_1000_2000_tau2_cold,filter_ucb,E2_fixed_v01,,,,,50,"500,1000,2000","500,1000",2.0,0.1,per_60s,mJ_per_60s,wilson,0.05,safe_seed,,,,1094.06546221833,4.95634994130069,0.04503,0.006417235315220184,4.54,2.114977851688124,4.34,2.19374685242515,,,,,,,,,2.0,0.0,0.0,998.82,0.0,1.18,494.5471954576671,179.01534339750907,100
E2_actions_500_1000_2000_tau2_cold,filter_ucb_online_w1_m0_r0,E2_fixed_v01,,E2_fixed_v01,,,50,"500,1000,2000","500,1000,2000",2.0,0.1,per_60s,mJ_per_60s,wilson,0.05,safe_seed,0.0,1.0,0,1094.06546221833,4.95634994130069,0.04503,0.006417235315220184,4.54,2.114977851688124,4.34,2.19374685242515,,,,,0.0,0.0,2.0,0.0,2.0,0.0,0.0,998.82,0.0,1.18,494.5471954576671,179.01534339750907,100
E2_actions_500_1000_2000_tau2_cold,fixed_ccs,E2_fixed_v01,,,,,50,"500,1000,2000","500,1000,2000",2.0,0.1,per_60s,mJ_per_60s,wilson,0.05,safe_seed,,,,1093.5709150228722,4.958449996469031,0.04508,0.006374950980203692,4.59,2.1229624812911077,4.34,2.19374685242515,,,,,,,,,1.0,0.0,0.0,1000.0,0.0,0.0,0.0,0.0,100
E2_actions_500_1000_2000_tau2_cold,oracle,E2_fixed_v01,,,,,50,"500,1000,2000","500,1000,2000",2.0,0.1,per_60s,mJ_per_60s,wilson,0.05,safe_seed,,,,1093.5709150228722,4.958449996469031,0.04508,0.006374950980203692,4.59,2.1229624812911077,4.34,2.19374685242515,,,,,,,,,1.0,0.0,0.0,1000.0,0.0,0.0,0.0,0.0,100
E2_actions_500_1000_2000_tau2_cold,safe_ucb,E2_fixed_v01,,,,,50,"500,1000,2000","500,1000,2000",2.0,0.1,per_60s,mJ_per_60s,wilson,0.05,safe_seed,,,,1514.9701878898363,8.442206130557468,2e-05,0.00014070529413628974,0.02,0.1407052941362897,0.0,0.0,,,,,0.024048096192384773,0.0,0.9759519038076152,0.0,2.0,0.0,0.0,1.0,0.0,999.0,421399.2728669643,3484.404256950533,100
E2_actions_500_1000_2000_tau2_cold,ucb,E2_fixed_v01,,,,,50,"500,1000,2000","500,1000,2000",2.0,0.1,per_60s,mJ_per_60s,wilson,0.05,safe_seed,,,,1078.8024358667174,7.036084903771253,0.15661999999999998,0.04961198535544704,14.93,6.035676759021639,15.24,6.073821954199278,,,,,,,,,3.0,0.0,0.0,165.44,833.46,1.1,-14768.479156154737,6988.759284121223,100
E2_actions_500_1000_2000_warm_in_domain,filter_ucb,E2_fixed_v01,E2_fixed_v01,,,,50,"500,1000,2000",500,1.0,0.1,per_60s,mJ_per_60s,wilson,0.05,safe_seed,,,,1515.3998368280422,8.436709832082496,0.0,0.0,0.0,0.0,0.0,0.0,,,,,,,,,1.0,0.0,0.0,0.0,0.0,1000.0,0.0,0.0,100
E2_actions_500_1000_2000_warm_in_domain,filter_ucb_online_w1_m0_r0,E2_fixed_v01,E2_fixed_v01,E2_fixed_v01,,,50,"500,1000,2000","500,1000,2000",1.0,0.1,per_60s,mJ_per_60s,wilson,0.05,safe_seed,0.0,1.0,0,1515.3998368280422,8.436709832082496,0.0,0.0,0.0,0.0,0.0,0.0,,,,,0.0,0.0,1.0,0.0,1.0,0.0,0.0,0.0,0.0,1000.0,0.0,0.0,100
E2_actions_500_1000_2000_warm_in_domain,fixed_ccs,E2_fixed_v01,E2_fixed_v01,,,,50,"500,1000,2000","500,1000,2000",1.0,0.1,per_60s,mJ_per_60s,wilson,0.05,safe_seed,,,,1093.5709150228722,4.958449996469031,0.11279,0.009993224977680902,11.47,2.999848481022151,10.81,3.237079991085619,,,,,,,,,1.0,0.0,0.0,1000.0,0.0,0.0,-421828.9218051698,3478.259835613417,100
E2_actions_500_1000_2000_warm_in_domain,oracle,E2_fixed_v01,E2_fixed_v01,,,,50,"500,1000,2000","500,1000,2000",1.0,0.1,per_60s,mJ_per_60s,wilson,0.05,safe_seed,,,,1515.3998368280422,8.436709832082496,0.0,0.0,0.0,0.0,0.0,0.0,,,,,,,,,1.0,0.0,0.0,0.0,0.0,1000.0,0.0,0.0,100
E2_actions_500_1000_2000_warm_in_domain,safe_ucb_warm,E2_fixed_v01,E2_fixed_v01,,,,50,"500,1000,2000","500,1000,2000",1.0,0.1,per_60s,mJ_per_60s,wilson,0.05,safe_seed,,,,1515.3998368280422,8.436709832082496,0.0,0.0,0.0,0.0,0.0,0.0,,,,,0.02,0.0,0.98,0.0,3.0,0.0,0.0,5.0,5.0,1005.0,0.0,0.0,100
E2_actions_500_1000_2000_warm_in_domain,ucb,E2_fixed_v01,E2_fixed_v01,,,,50,"500,1000,2000","500,1000,2000",1.0,0.1,per_60s,mJ_per_60s,wilson,0.05,safe_seed,,,,1078.8024358667174,7.036084903771253,0.48156,0.16131857683578552,46.0,16.941968688151416,47.98,17.038862294262145,,,,,,,,,3.0,0.0,0.0,165.44,833.46,1.1,-436597.4009613246,8816.021098051326,100
E2_actions_500_1000_2000_warm_shift_from_E1,filter_ucb,E2_fixed_v01,E1_scan90_stress_v5,E1_scan90_stress_v5,,,50,"500,1000,2000","500,1000",1.0,0.1,per_60s,mJ_per_60s,wilson,0.05,safe_seed,,,,1094.06546221833,4.95634994130069,0.11263999999999999,0.010044869035452576,11.32,2.960616916328846,10.81,3.237079991085619,,,,,,,,,2.0,0.0,0.0,998.82,0.0,1.18,-421334.37460971216,3488.1834776229853,100
E2_actions_500_1000_2000_warm_shift_from_E1,filter_ucb_online_w0.2_m0.01_r0,E2_fixed_v01,E1_scan90_stress_v5,E1_scan90_stress_v5,,,50,"500,1000,2000","500,1000,2000",1.0,0.1,per_60s,mJ_per_60s,wilson,0.05,safe_seed,0.01,0.2,0,1426.2240464870483,114.26791256766018,0.024470000000000002,0.02781121603550872,6.84,4.054477509962027,0.64,2.819556523621931,,,,,0.0,0.0,1.21255,0.2699512254860387,2.0,0.0,0.0,211.39,0.0,788.61,-89175.79034099367,113759.66095960866,100
E2_actions_500_1000_2000_warm_shift_from_E1,filter_ucb_online_w0.2_m0.02_r0,E2_fixed_v01,E1_scan90_stress_v5,E1_scan90_stress_v5,,,50,"500,1000,2000","500,1000,2000",1.0,0.1,per_60s,mJ_per_60s,wilson,0.05,safe_seed,0.02,0.2,0,1469.8039973079829,58.75806876962728,0.0127,0.013679225567305048,6.1,3.6721721752728973,0.0,0.0,,,,,0.0,0.0,1.10897,0.13775541603314426,2.0,0.0,0.0,107.81,0.0,892.19,-45595.83952005897,58171.73077406626,100
E2_actions_500_1000_2000_warm_shift_from_E1,filter_ucb_online_w0.2_m0.03_r0,E2_fixed_v01,E1_scan90_stress_v5,E1_scan90_stress_v5,,,50,"500,1000,2000","500,1000,2000",1.0,0.1,per_60s,mJ_per_60s,wilson,0.05,safe_seed,0.03,0.2,0,1487.6624095433904,37.564934321147085,0.0076300000000000005,0.008145960143940471,4.93,3.35825531904273,0.0,0.0,,,,,0.0,0.0,1.06681,0.08793233107614544,2.0,0.0,0.0,65.65,0.0,934.35,-27737.427284651603,37084.56786361413,100
E2_actions_500_1000_2000_warm_shift_from_E1,filter_ucb_online_w0.2_m0_r0,E2_fixed_v01,E1_scan90_stress_v5,E1_scan90_stress_v5,,,50,"500,1000,2000","500,1000,2000",1.0,0.1,per_60s,mJ_per_60s,wilson,0.05,safe_seed,0.0,0.2,0,1353.5040550534277,169.67771708614197,0.04359,0.0419066049132298,7.59,4.399483440752396,2.51,4.889681983420793,,,,,0.0,0.0,1.3844900000000002,0.40255934991255676,2.0,0.0,0.0,383.33,0.0,616.67,-161895.78177461444,170014.0557687287,100
E2_actions_500_1000_2000_warm_shift_from_E1,filter_ucb_online_w0.5_m0.01_r0,E2_fixed_v01,E1_scan90_stress_v5,E1_scan90_stress_v5,,,50,"500,1000,2000","500,1000,2000",1.0,0.1,per_60s,mJ_per_60s,wilson,0.05,safe_seed,0.01,0.5,0,1425.466920783923,113.83255914973334,0.02475,0.027646533382701132,7.05,3.9679906117516834,0.64,2.819556523621931,,,,,0.0,0.0,1.21431,0.2689907698089737,2.0,0.0,0.0,213.15,0.0,786.85,-89932.91604411934,113348.46125943755,100
E2_actions_500_1000_2000_warm_shift_from_E1,filter_ucb_online_w0.5_m0.02_r0,E2_fixed_v01,E1_scan90_stress_v5,E1_scan90_stress_v5,,,50,"500,1000,2000","500,1000,2000",1.0,0.1,per_60s,mJ_per_60s,wilson,0.05,safe_seed,0.02,0.5,0,1468.9583731976234,58.69034181849453,0.01295,0.013631051153728225,6.25,3.6247605284885904,0.0,0.0,,,,,0.0,0.0,1.1109499999999999,0.1375074194508806,2.0,0.0,0.0,109.79,0.0,890.21,-46441.46363041863,58089.63728940062,100
E2_actions_500_1000_2000_warm_shift_from_E1,filter_ucb_online_w0.5_m0.03_r0,E2_fixed_v01,E1_scan90_stress_v5,E1_scan90_stress_v5,,,50,"500,1000,2000","500,1000,2000",1.0,0.1,per_60s,mJ_per_60s,wilson,0.05,safe_seed,0.03,0.5,0,1485.4691845632894,38.93584043203816,0.008199999999999999,0.00831330927555995,5.27,3.253141449880298,0.0,0.0,,,,,0.0,0.0,1.07193,0.09080996418873648,2.0,0.0,0.0,70.77,0.0,929.23,-29930.652264752658,38346.93291631245,100
E2_actions_500_1000_2000_warm_shift_from_E1,filter_ucb_online_w0.5_m0_r0,E2_fixed_v01,E1_scan90_stress_v5,E1_scan90_stress_v5,,,50,"500,1000,2000","500,1000,2000",1.0,0.1,per_60s,mJ_per_60s,wilson,0.05,safe_seed,0.0,0.5,0,1353.0229056795363,169.2842942060529,0.04381,0.04172800212826109,7.79,4.2385794265951375,2.51,4.889681983420793,,,,,0.0,0.0,1.3856,0.40165898395770927,2.0,0.0,0.0,384.44,0.0,615.56,-162376.93114850574,169623.81920672886,100
E2_actions_500_1000_2000_warm_shift_from_E1,filter_ucb_online_w0_m0.01_r0,E2_fixed_v01,E1_scan90_stress_v5,E1_scan90_stress_v5,,,50,"500,1000,2000","500,1000,2000",1.0,0.1,per_60s,mJ_per_60s,wilson,0.05,safe_seed,0.01,0.0,0,1426.2550220873225,114.26243834767227,0.024460000000000003,0.027808660812085436,6.84,4.054477509962027,0.64,2.819556523621931,,,,,0.0,0.0,1.21248,0.2699376089530185,2.0,0.0,0.0,211.32,0.0,788.68,-89144.81474071968,113753.50364283595,100
E2_actions_500_1000_2000_warm_shift_from_E1,filter_ucb_online_w0_m0.02_r0,E2_fixed_v01,E1_scan90_stress_v5,E1_scan90_stress_v5,,,50,"500,1000,2000","500,1000,2000",1.0,0.1,per_60s,mJ_per_60s,wilson,0.05,safe_seed,0.02,0.0,0,1469.8039973079829,58.75806876962728,0.0127,0.013679225567305048,6.1,3.6721721752728973,0.0,0.0,,,,,0.0,0.0,1.10897,0.13775541603314426,2.0,0.0,0.0,107.81,0.0,892.19,-45595.83952005897,58171.73077406626,100
E2_actions_500_1000_2000_warm_shift_from_E1,filter_ucb_online_w0_m0.03_r0,E2_fixed_v01,E1_scan90_stress_v5,E1_scan90_stress_v5,,,50,"500,1000,2000","500,1000,2000",1.0,0.1,per_60s,mJ_per_60s,wilson,0.05,safe_seed,0.03,0.0,0,1487.700442973324,37.54545580286455,0.00762,0.008138671869413326,4.93,3.35825531904273,0.0,0.0,,,,,0.0,0.0,1.06672,0.08787158674779785,2.0,0.0,0.0,65.56,0.0,934.44,-27699.393854717928,37061.31038522148,100
E2_actions_500_1000_2000_warm_shift_from_E1,filter_ucb_online_w0_m0_r0,E2_fixed_v01,E1_scan90_stress_v5,E1_scan90_stress_v5,,,50,"500,1000,2000","500,1000,2000",1.0,0.1,per_60s,mJ_per_60s,wilson,0.05,safe_seed,0.0,0.0,0,1353.9696825604115,169.96626130911778,0.04341999999999999,0.0419949924864786,7.49,4.363519569144045,2.51,4.889681983420793,,,,,0.0,0.0,1.38339,0.4031937122475493,2.0,0.0,0.0,382.23,0.0,617.77,-161430.15426763045,170283.72340581816,100
E2_actions_500_1000_2000_warm_shift_from_E1,filter_ucb_online_w1_m0.01_r0,E2_fixed_v01,E1_scan90_stress_v5,E1_scan90_stress_v5,,,50,"500,1000,2000","500,1000,2000",1.0,0.1,per_60s,mJ_per_60s,wilson,0.05,safe_seed,0.01,1.0,0,1422.5773509728904,113.47395443283818,0.02556,0.027532650956398456,7.27,3.920562214888073,0.64,2.819556523621931,,,,,0.0,0.0,1.22109,0.2680835877109974,2.0,0.0,0.0,219.93,0.0,780.07,-92822.48585515188,112971.11535434383,100
E2_actions_500_1000_2000_warm_shift_from_E1,filter_ucb_online_w1_m0.02_r0,E2_fixed_v01,E1_scan90_stress_v5,E1_scan90_stress_v5,,,50,"500,1000,2000","500,1000,2000",1.0,0.1,per_60s,mJ_per_60s,wilson,0.05,safe_seed,0.02,1.0,0,1468.157773611096,58.59609857049473,0.01322,0.013568070063665102,6.46,3.543153876695082,0.0,0.0,,,,,0.0,0.0,1.11285,0.13742409291362018,2.0,0.0,0.0,111.69,0.0,888.31,-47242.06321694621,58035.33127807003,100
E2_actions_500_1000_2000_warm_shift_from_E1,filter_ucb_online_w1_m0.03_r0,E2_fixed_v01,E1_scan90_stress_v5,E1_scan90_stress_v5,,,50,"500,1000,2000","500,1000,2000",1.0,0.1,per_60s,mJ_per_60s,wilson,0.05,safe_seed,0.03,1.0,0,1484.3941192567736,38.72469148296472,0.00856,0.0081999260898369,5.57,3.1342197327777344,0.0,0.0,,,,,0.0,0.0,1.07446,0.09015289145880927,2.0,0.0,0.0,73.3,0.0,926.7,-31005.71757126849,38061.51487909122,100
E2_actions_500_1000_2000_warm_shift_from_E1,filter_ucb_online_w1_m0_r0,E2_fixed_v01,E1_scan90_stress_v5,E1_scan90_stress_v5,,,50,"500,1000,2000","500,1000,2000",1.0,0.1,per_60s,mJ_per_60s,wilson,0.05,safe_seed,0.0,1.0,0,1336.045441424547,168.4824137651827,0.04846999999999999,0.041151470634152726,8.48,3.7671627455573433,2.71,4.987448893437052,,,,,0.0,0.0,1.42583,0.39898449515455775,2.0,0.0,0.0,424.65,0.0,575.35,-179354.3954034947,168490.45148868446,100
E2_actions_500_1000_2000_warm_shift_from_E1,fixed_ccs,E2_fixed_v01,E1_scan90_stress_v5,E1_scan90_stress_v5,,,50,"500,1000,2000","500,1000,2000",1.0,0.1,per_60s,mJ_per_60s,wilson,0.05,safe_seed,,,,1093.5709150228722,4.958449996469031,0.11279,0.009993224977680902,11.47,2.999848481022151,10.81,3.237079991085619,,,,,,,,,1.0,0.0,0.0,1000.0,0.0,0.0,-421828.9218051698,3478.259835613417,100
E2_actions_500_1000_2000_warm_shift_from_E1,oracle,E2_fixed_v01,E1_scan90_stress_v5,E1_scan90_stress_v5,,,50,"500,1000,2000","500,1000,2000",1.0,0.1,per_60s,mJ_per_60s,wilson,0.05,safe_seed,,,,1515.3998368280422,8.436709832082496,0.0,0.0,0.0,0.0,0.0,0.0,,,,,,,,,1.0,0.0,0.0,0.0,0.0,1000.0,0.0,0.0,100
E2_actions_500_1000_2000_warm_shift_from_E1,safe_ucb_warm,E2_fixed_v01,E1_scan90_stress_v5,E1_scan90_stress_v5,,,50,"500,1000,2000","500,1000,2000",1.0,0.1,per_60s,mJ_per_60s,wilson,0.05,safe_seed,,,,1515.3998368280422,8.436709832082496,0.0,0.0,0.0,0.0,0.0,0.0,,,,,0.024,0.0,0.976,0.0,3.0,0.0,0.0,2.0,2.0,1002.0,0.0,0.0,100
E2_actions_500_1000_2000_warm_shift_from_E1,ucb,E2_fixed_v01,E1_scan90_stress_v5,E1_scan90_stress_v5,,,50,"500,1000,2000","500,1000,2000",1.0,0.1,per_60s,mJ_per_60s,wilson,0.05,safe_seed,,,,1078.8024358667174,7.036084903771253,0.48156,0.16131857683578552,46.0,16.941968688151416,47.98,17.038862294262145,,,,,,,,,3.0,0.0,0.0,165.44,833.46,1.1,-436597.4009613246,8816.021098051326,100
scan70_actions_100_500_cold,filter_ucb,E1_uccs_d4b_scan70,,,,,50,"100,500",100,1.0,0.1,per_60s,mJ_per_60s,wilson,0.05,safe_seed,,,,3368.598085376012,45.61571281340492,0.0251,0.004569331228832934,2.56,1.5197022568565688,2.46,1.6722331285929115,,,,,,,,,1.0,0.0,1000.0,0.0,0.0,0.0,0.0,0.0,100
scan70_actions_100_500_cold,filter_ucb_online_w1_m0_r0,E1_uccs_d4b_scan70,,E1_uccs_d4b_scan70,,,50,"100,500","100,500",1.0,0.1,per_60s,mJ_per_60s,wilson,0.05,safe_seed,0.0,1.0,0,3368.598085376012,45.61571281340492,0.0251,0.004569331228832934,2.56,1.5197022568565688,2.46,1.6722331285929115,,,,,0.0,0.0,1.0,0.0,1.0,0.0,1000.0,0.0,0.0,0.0,0.0,0.0,100
scan70_actions_100_500_cold,fixed_ccs,E1_uccs_d4b_scan70,,,,,50,"100,500","100,500",1.0,0.1,per_60s,mJ_per_60s,wilson,0.05,safe_seed,,,,1515.3998368280422,8.436709832082496,0.22878,0.014118960673684537,23.02,4.325120422215625,22.16,4.222881394584422,,,,,,,,,1.0,0.0,0.0,0.0,0.0,1000.0,-1853198.24854797,37179.002981322395,100
scan70_actions_100_500_cold,oracle,E1_uccs_d4b_scan70,,,,,50,"100,500","100,500",1.0,0.1,per_60s,mJ_per_60s,wilson,0.05,safe_seed,,,,3368.598085376012,45.61571281340492,0.0251,0.004569331228832934,2.56,1.5197022568565688,2.46,1.6722331285929115,,,,,,,,,1.0,0.0,1000.0,0.0,0.0,0.0,0.0,0.0,100
scan70_actions_100_500_cold,safe_ucb,E1_uccs_d4b_scan70,,,,,50,"100,500","100,500",1.0,0.1,per_60s,mJ_per_60s,wilson,0.05,safe_seed,,,,3368.598085376012,45.61571281340492,0.0251,0.004569331228832934,2.56,1.5197022568565688,2.46,1.6722331285929115,,,,,0.047177177177177176,0.024249061034536314,0.9528228228228228,0.024249061034536314,1.0,0.0,1000.0,0.0,0.0,0.0,0.0,0.0,100
scan70_actions_100_500_cold,ucb,E1_uccs_d4b_scan70,,,,,50,"100,500","100,500",1.0,0.1,per_60s,mJ_per_60s,wilson,0.05,safe_seed,,,,1517.498322528814,8.426508756266765,0.22855,0.014123821127171051,22.79,4.274176629315391,22.16,4.222881394584422,,,,,,,,,2.0,0.0,1.14,0.0,0.0,998.86,-1851099.762847198,37243.404511266795,100
scan70_actions_100_500_warm_from_scan90,filter_ucb,E1_uccs_d4b_scan70,E1_uccs_d4b_scan90,E1_uccs_d4b_scan90,,,50,"100,500",100,1.0,0.1,per_60s,mJ_per_60s,wilson,0.05,safe_seed,,,,3368.598085376012,45.61571281340492,0.0251,0.004569331228832934,2.56,1.5197022568565688,2.46,1.6722331285929115,,,,,,,,,1.0,0.0,1000.0,0.0,0.0,0.0,0.0,0.0,100
scan70_actions_100_500_warm_from_scan90,filter_ucb_online_w1_m0_r0,E1_uccs_d4b_scan70,E1_uccs_d4b_scan90,E1_uccs_d4b_scan90,,,50,"100,500","100,500",1.0,0.1,per_60s,mJ_per_60s,wilson,0.05,safe_seed,0.0,1.0,0,3368.598085376012,45.61571281340492,0.0251,0.004569331228832934,2.56,1.5197022568565688,2.46,1.6722331285929115,,,,,1e-05,0.0001,0.9999899999999999,0.00010000000000000175,1.0,0.0,1000.0,0.0,0.0,0.0,0.0,0.0,100
scan70_actions_100_500_warm_from_scan90,fixed_ccs,E1_uccs_d4b_scan70,E1_uccs_d4b_scan90,E1_uccs_d4b_scan90,,,50,"100,500","100,500",1.0,0.1,per_60s,mJ_per_60s,wilson,0.05,safe_seed,,,,1515.3998368280422,8.436709832082496,0.22878,0.014118960673684537,23.02,4.325120422215625,22.16,4.222881394584422,,,,,,,,,1.0,0.0,0.0,0.0,0.0,1000.0,-1853198.24854797,37179.002981322395,100
scan70_actions_100_500_warm_from_scan90,oracle,E1_uccs_d4b_scan70,E1_uccs_d4b_scan90,E1_uccs_d4b_scan90,,,50,"100,500","100,500",1.0,0.1,per_60s,mJ_per_60s,wilson,0.05,safe_seed,,,,3368.598085376012,45.61571281340492,0.0251,0.004569331228832934,2.56,1.5197022568565688,2.46,1.6722331285929115,,,,,,,,,1.0,0.0,1000.0,0.0,0.0,0.0,0.0,0.0,100
scan70_actions_100_500_warm_from_scan90,safe_ucb_warm,E1_uccs_d4b_scan70,E1_uccs_d4b_scan90,E1_uccs_d4b_scan90,,,50,"100,500","100,500",1.0,0.1,per_60s,mJ_per_60s,wilson,0.05,safe_seed,,,,3368.598085376012,45.61571281340492,0.0251,0.004569331228832934,2.56,1.5197022568565688,2.46,1.6722331285929115,,,,,0.04984,0.02369832283201714,0.95016,0.02369832283201713,2.0,0.0,1003.0,0.0,0.0,3.0,0.0,0.0,100
scan70_actions_100_500_warm_from_scan90,ucb,E1_uccs_d4b_scan70,E1_uccs_d4b_scan90,E1_uccs_d4b_scan90,,,50,"100,500","100,500",1.0,0.1,per_60s,mJ_per_60s,wilson,0.05,safe_seed,,,,1517.498322528814,8.426508756266765,0.22855,0.014123821127171051,22.79,4.274176629315391,22.16,4.222881394584422,,,,,,,,,2.0,0.0,1.14,0.0,0.0,998.86,-1851099.762847198,37243.404511266795,100
scan90_to_scan70_actions_100_500_switch_mid,filter_ucb,E1_uccs_d4b_scan90,,,E1_uccs_d4b_scan70,500,50,"100,500",100,1.0,0.1,per_60s,mJ_per_60s,wilson,0.05,safe_seed,,,,3368.598085376012,45.61571281340492,0.05403,0.006685511244928139,8.58,2.55516905289824,2.46,1.6722331285929115,12.54,3.4536468794126556,1.28,1.07383951926315,,,,,1.0,0.0,1000.0,0.0,0.0,0.0,,,100
scan90_to_scan70_actions_100_500_switch_mid,filter_ucb_online_w1_m0_r0,E1_uccs_d4b_scan90,,E1_uccs_d4b_scan90,E1_uccs_d4b_scan70,500,50,"100,500","100,500",1.0,0.1,per_60s,mJ_per_60s,wilson,0.05,safe_seed,0.0,1.0,0,3368.598085376012,45.61571281340492,0.05403,0.006685511244928139,8.58,2.55516905289824,2.46,1.6722331285929115,12.54,3.4536468794126556,1.28,1.07383951926315,0.00214,0.007448164305058766,0.99786,0.007448164305058784,1.0,0.0,1000.0,0.0,0.0,0.0,,,100
scan90_to_scan70_actions_100_500_switch_mid,fixed_ccs,E1_uccs_d4b_scan90,,,E1_uccs_d4b_scan70,500,50,"100,500","100,500",1.0,0.1,per_60s,mJ_per_60s,wilson,0.05,safe_seed,,,,1515.3998368280422,8.436709832082496,0.18027,0.012243204670594242,13.36,2.9662069783452125,22.16,4.222881394584422,113.53,10.259713308456393,11.84,2.841681107223595,,,,,1.0,0.0,0.0,0.0,0.0,1000.0,,,100
scan90_to_scan70_actions_100_500_switch_mid,oracle,E1_uccs_d4b_scan90,,,E1_uccs_d4b_scan70,500,50,"100,500","100,500",1.0,0.1,per_60s,mJ_per_60s,wilson,0.05,safe_seed,,,,3368.598085376012,45.61571281340492,0.05403,0.006685511244928139,8.58,2.55516905289824,2.46,1.6722331285929115,12.54,3.4536468794126556,1.28,1.07383951926315,,,,,1.0,0.0,1000.0,0.0,0.0,0.0,,,100
scan90_to_scan70_actions_100_500_switch_mid,safe_ucb,E1_uccs_d4b_scan90,,,E1_uccs_d4b_scan70,500,50,"100,500","100,500",1.0,0.1,per_60s,mJ_per_60s,wilson,0.05,safe_seed,,,,3368.598085376012,45.61571281340492,0.05403,0.006685511244928139,8.58,2.55516905289824,2.46,1.6722331285929115,12.54,3.4536468794126556,1.28,1.07383951926315,0.4737437437437438,0.16453168998894088,0.5262562562562563,0.16453168998894085,1.0,0.0,1000.0,0.0,0.0,0.0,,,100
scan90_to_scan70_actions_100_500_switch_mid,ucb,E1_uccs_d4b_scan90,,,E1_uccs_d4b_scan70,500,50,"100,500","100,500",1.0,0.1,per_60s,mJ_per_60s,wilson,0.05,safe_seed,,,,1517.498322528814,8.426508756266765,0.18021,0.012247692010985566,13.3,2.9422042173455023,22.16,4.222881394584422,113.53,10.259713308456393,11.84,2.841681107223595,,,,,2.0,0.0,1.14,0.0,0.0,998.86,,,100
