ms,mV,ÂµA,p_mW
# meta, firmware=TXSD_PowerLogger_PASS_THRU_ON_v2, trial_index=11, adv_interval_ms=100
8,3308,055700,184.3
18,3312,063500,210.3
28,3308,055700,184.3
38,3312,135100,447.5
48,3312,055900,185.1
58,3312,067400,223.2
68,3308,056300,186.2
78,3308,070400,232.9
88,3312,056400,186.8
98,3308,076500,253.1
108,3312,059000,195.4
118,3308,055700,184.3
128,3312,060800,201.4
138,3308,055700,184.3
148,3220,152500,491.1
158,3308,055700,184.3
168,3312,066700,220.9
178,3308,055700,184.3
188,3312,067000,221.9
198,3288,066300,218.0
208,3312,069400,229.9
218,3312,056300,186.5
228,3308,056700,187.6
238,3312,058000,192.1
248,3308,055800,184.6
258,3216,219700,706.6
268,3308,055800,184.6
278,3312,062500,207.0
288,3308,055800,184.6
298,3288,065700,216.0
308,3308,055700,184.3
318,3312,067200,222.6
328,3308,056200,185.9
338,3308,068100,225.3
348,3308,056400,186.6
358,3300,168800,557.0
368,3308,058000,191.9
378,3308,055900,184.9
388,3312,060000,198.7
398,3308,084200,278.5
408,3312,061700,204.4
418,3312,055700,184.5
428,3312,064300,213.0
438,3308,055700,184.3
448,3312,067200,222.6
458,3308,055800,184.6
468,3228,233500,753.7
478,3312,056400,186.8
488,3312,070900,234.8
498,3280,060000,196.8
508,3308,056100,185.6
518,3312,059200,196.1
528,3312,055700,184.5
538,3312,061100,202.4
548,3308,055700,184.3
558,3312,063200,209.3
568,3208,144300,462.9
578,3312,067200,222.6
588,3308,055800,184.6
598,3300,068000,224.4
608,3312,056400,186.8
618,3312,070200,232.5
628,3308,056400,186.6
638,3308,056700,187.6
648,3312,058800,194.7
658,3308,055700,184.3
668,3308,088200,291.8
678,3308,055800,184.6
688,3312,063200,209.3
698,3296,077100,254.1
708,3312,066500,220.2
718,3308,055700,184.3
728,3312,067100,222.2
738,3312,056300,186.5
748,3312,068900,228.2
758,3312,056300,186.5
768,3312,072300,239.5
778,3312,058800,194.7
788,3308,055800,184.6
798,3280,061100,200.4
808,3308,055800,184.6
818,3312,062400,206.7
828,3312,055700,184.5
838,3312,065300,216.3
848,3308,055700,184.3
858,3312,067300,222.9
868,3308,056100,185.6
878,3308,156100,516.4
888,3308,056400,186.6
898,3308,073400,242.8
908,3312,057700,191.1
918,3308,055900,184.9
928,3312,059800,198.1
938,3308,055700,184.3
948,3312,061500,203.7
958,3312,055700,184.5
968,3312,064000,212.0
978,3308,055700,184.3
988,3220,157000,505.5
998,3288,068700,225.9
1008,3308,068000,224.9
1018,3308,056300,186.2
1028,3308,070900,234.5
1038,3308,056700,187.6
1048,3308,056300,186.2
1058,3312,059100,195.7
1068,3308,055800,184.6
1078,3312,061100,202.4
1088,3308,055700,184.3
1098,3192,190300,607.4
1108,3308,055700,184.3
1118,3312,067100,222.2
1128,3308,055700,184.3
1138,3308,067200,222.3
1148,3312,056300,186.5
1158,3312,069800,231.2
1168,3312,056300,186.5
1178,3312,056700,187.8
1188,3312,058300,193.1
1198,3128,175200,548.0
1208,3312,061100,202.4
1218,3308,055700,184.3
1228,3312,062800,208.0
1238,3308,055600,183.9
1248,3312,065900,218.3
1258,3312,055700,184.5
1268,3312,067100,222.2
1278,3308,056300,186.2
1288,3312,068400,226.5
1298,3284,061200,201.0
1308,3224,226500,730.2
1318,3312,058600,194.1
1328,3308,055900,184.9
1338,3312,060400,200.0
1348,3312,055800,184.8
1358,3312,062100,205.7
1368,3308,055700,184.3
1378,3312,064900,214.9
1388,3312,055700,184.5
1398,3296,068100,224.5
1408,3216,144500,464.7
1418,3312,068800,227.9
1428,3308,056400,186.6
1438,3312,070700,234.2
1448,3312,057400,190.1
1458,3308,056000,185.2
1468,3312,059500,197.1
1478,3308,055800,184.6
1488,3312,061300,203.0
1498,3304,081500,269.3
1508,3312,063800,211.3
1518,3184,188400,599.9
1528,3312,067400,223.2
1538,3308,056000,185.2
1548,3308,067600,223.6
1558,3312,056400,186.8
1568,3312,070600,233.8
1578,3308,056600,187.2
1588,3308,056500,186.9
1598,3280,060000,196.8
1608,3304,055800,184.4
1618,3312,060900,201.7
1628,3304,055900,184.7
1638,3312,063700,211.0
1648,3312,055700,184.5
1658,3312,066900,221.6
1668,3308,055800,184.6
1678,3312,066900,221.6
1688,3308,056300,186.2
1698,3304,069600,230.0
1708,3312,056400,186.8
1718,3308,056600,187.2
1728,3128,133300,417.0
1738,3308,055800,184.6
1748,3312,061000,202.0
1758,3312,055800,184.8
1768,3312,062700,207.7
1778,3312,055700,184.5
1788,3312,065800,217.9
1798,3292,072900,240.0
1808,3312,067100,222.2
1818,3312,056200,186.1
1828,3228,235400,759.9
1838,3312,056400,186.8
1848,3308,056700,187.6
1858,3312,058200,192.8
1868,3308,055800,184.6
1878,3312,060100,199.1
1888,3308,055800,184.6
1898,3284,062300,204.6
1908,3312,055700,184.5
1918,3312,064700,214.3
1928,3308,055700,184.3
1938,3224,141600,456.5
1948,3308,056300,186.2
1958,3312,068400,226.5
1968,3312,056400,186.8
1978,3312,070800,234.5
1988,3312,057100,189.1
1998,3308,086500,286.1
2008,3312,059400,196.7
2018,3308,055700,184.3
2028,3312,061200,202.7
2038,3308,058000,191.9
2048,3312,064600,214.0
2058,3308,055800,184.6
2068,3312,067300,222.9
2078,3312,055900,185.1
2088,3312,067300,222.9
2098,3284,064300,211.2
2108,3312,070400,233.2
2118,3308,056500,186.9
2128,3312,056600,187.5
2138,3312,058800,194.7
2148,3148,143200,450.8
2158,3312,061200,202.7
2168,3308,055700,184.3
2178,3312,063400,210.0
2188,3308,055700,184.3
2198,3292,066800,219.9
2208,3308,055700,184.3
2218,3312,066900,221.6
2228,3312,056300,186.5
2238,3312,069200,229.2
2248,3312,056400,186.8
2258,3184,143900,458.2
2268,3312,058800,194.7
2278,3308,055800,184.6
2288,3312,060800,201.4
2298,3304,083200,274.9
2308,3312,062500,207.0
2318,3308,055700,184.3
2328,3312,065500,216.9
2338,3308,055700,184.3
2348,3312,067300,222.9
2358,3308,056200,185.9
2368,3216,218600,703.0
2378,3308,056300,186.2
2388,3312,070600,233.8
2398,3276,060100,196.9
2408,3308,055800,184.6
2418,3312,059900,198.4
2428,3312,055700,184.5
2438,3312,061600,204.0
2448,3308,055700,184.3
2458,3312,064300,213.0
2468,3308,055700,184.3
2478,3224,228600,737.0
2488,3308,056200,185.9
2498,3300,068400,225.7
2508,3308,056300,186.2
2518,3312,070900,234.8
2528,3312,056900,188.5
2538,3308,056200,185.9
2548,3308,059200,195.8
2558,3308,055800,184.6
2568,3312,061100,202.4
2578,3308,058000,191.9
2588,3312,064300,213.0
2598,3296,075300,248.2
2608,3308,067300,222.6
2618,3312,055800,184.8
2628,3312,067300,222.9
2638,3308,056300,186.2
2648,3312,070200,232.5
2658,3308,056400,186.6
2668,3308,056700,187.6
2678,3312,058600,194.1
2688,3220,165600,533.2
2698,3280,061800,202.7
2708,3308,055700,184.3
2718,3308,063200,209.1
2728,3308,055700,184.3
2738,3312,066400,219.9
2748,3308,055700,184.3
2758,3312,067000,221.9
2768,3308,056300,186.2
2778,3312,068900,228.2
2788,3216,158000,508.1
2798,3308,072500,239.8
2808,3312,058800,194.7
2818,3308,055800,184.6
2828,3312,060700,201.0
2838,3312,055700,184.5
2848,3312,062300,206.3
2858,3312,055700,184.5
2868,3312,065200,215.9
2878,3308,055700,184.3
2888,3224,229400,739.6
2898,3288,066900,220.0
2908,3312,069000,228.5
2918,3312,056400,186.8
2928,3312,070600,233.8
2938,3312,057600,190.8
2948,3308,055900,184.9
2958,3312,059700,197.7
2968,3308,055700,184.3
2978,3312,061400,203.4
2988,3312,055700,184.5
2998,3200,186100,595.5
3008,3308,055800,184.6
3018,3312,067300,222.9
3028,3308,056100,185.6
3038,3312,067800,224.6
3048,3308,056400,186.6
3058,3312,070800,234.5
3068,3312,056600,187.5
3078,3308,056400,186.6
3088,3312,059000,195.4
3098,3304,084600,279.5
3108,3124,122600,383.0
3118,3308,055700,184.3
3128,3312,064100,212.3
3138,3308,055700,184.3
3148,3312,067100,222.2
3158,3312,055700,184.5
3168,3312,067100,222.2
3178,3312,056300,186.5
3188,3312,069800,231.2
3198,3280,060300,197.8
3208,3216,226300,727.8
3218,3312,059200,196.1
3228,3308,055800,184.6
3238,3312,061200,202.7
3248,3312,055800,184.8
3258,3312,063100,209.0
3268,3308,055700,184.3
3278,3312,066300,219.6
3288,3308,055700,184.3
3298,3300,068200,225.1
3308,3308,056600,187.2
3318,3312,070200,232.5
3328,3312,056400,186.8
3338,3308,056700,187.6
3348,3312,058700,194.4
3358,3308,055800,184.6
3368,3312,060600,200.7
3378,3308,055800,184.6
3388,3312,062200,206.0
3398,3300,079300,261.7
3408,3308,114100,377.4
3418,3312,055800,184.8
3428,3312,067000,221.9
3438,3308,056300,186.2
3448,3312,069000,228.5
3458,3308,056300,186.2
3468,3312,070700,234.2
3478,3312,057600,190.8
3488,3308,055900,184.9
3498,3280,060300,197.8
3508,3308,055700,184.3
3518,3312,062300,206.3
3528,3308,055800,184.6
3538,3312,065200,215.9
3548,3308,055800,184.6
3558,3312,067300,222.9
3568,3308,056100,185.6
3578,3312,067800,224.6
3588,3312,056400,186.8
3598,3304,071100,234.9
3608,3308,056700,187.6
3618,3308,056300,186.2
3628,3312,059800,198.1
3638,3308,055700,184.3
3648,3312,061500,203.7
3658,3308,055700,184.3
3668,3312,064000,212.0
3678,3308,055800,184.6
3688,3312,067100,222.2
3698,3292,070300,231.4
3708,3312,067100,222.2
3718,3312,056300,186.5
3728,3212,215000,690.6
3738,3312,056800,188.1
3748,3308,056300,186.2
3758,3312,059100,195.7
3768,3304,055800,184.4
3778,3312,061100,202.4
3788,3308,055700,184.3
3798,3284,063300,207.9
3808,3308,055700,184.3
3818,3312,066200,219.3
3828,3308,055700,184.3
3838,3228,141300,456.1
3848,3308,056400,186.6
3858,3308,069800,230.9
3868,3308,056400,186.6
3878,3308,056600,187.2
3888,3312,058400,193.4
3898,3304,086500,285.8
3908,3312,060400,200.0
3918,3308,055700,184.3
3928,3312,062100,205.7
3938,3136,133700,419.3
3948,3312,066100,218.9
3958,3308,055800,184.6
3968,3312,067100,222.2
3978,3312,056200,186.1
3988,3312,068600,227.2
3998,3284,062400,204.9
4008,3308,070800,234.2
4018,3312,057400,190.1
4028,3308,056000,185.2
4038,3224,136100,438.8
4048,3308,055800,184.6
4058,3312,062000,205.3
4068,3308,055800,184.6
4078,3312,064800,214.6
4088,3308,055700,184.3
4098,3296,068100,224.5
4108,3312,056000,185.5
4118,3308,067600,223.6
4128,3308,056400,186.6
4138,3216,158300,509.1
4148,3308,057500,190.2
4158,3308,056000,185.2
4168,3312,059600,197.4
4178,3312,055700,184.5
4188,3312,061300,203.0
4198,3304,081500,269.3
4208,3312,063700,211.0
4218,3312,055700,184.5
4228,3312,066900,221.6
4238,3308,055800,184.6
4248,3224,231100,745.1
4258,3308,056400,186.6
4268,3312,070600,233.8
4278,3312,056600,187.5
4288,3308,056500,186.9
4298,3280,060100,197.1
4308,3308,055700,184.3
4318,3312,060900,201.7
4328,3308,055700,184.3
4338,3312,062700,207.7
4348,3312,055700,184.5
4358,3156,102300,322.9
4368,3308,055800,184.6
4378,3312,067000,221.9
4388,3312,056300,186.5
4398,3304,069600,230.0
4408,3312,056300,186.5
4418,3312,056700,187.8
4428,3312,058200,192.8
4438,3308,055800,184.6
4448,3312,060100,199.1
4458,3164,156900,496.4
4468,3308,062700,207.4
4478,3312,055700,184.5
4488,3312,065800,217.9
4498,3292,072800,239.7
4508,3312,067200,222.6
4518,3308,056200,185.9
4528,3312,068300,226.2
4538,3308,056300,186.2
4548,3308,070800,234.2
4558,3200,143900,460.5
4568,3308,055800,184.6
4578,3312,060200,199.4
4588,3308,055800,184.6
4598,3284,062200,204.3
4608,3308,055700,184.3
4618,3312,064700,214.3
4628,3308,055700,184.3
4638,3312,067200,222.6
4648,3308,055900,184.9
4658,3312,067300,222.9
4668,3220,141900,456.9
4678,3312,070800,234.5
4688,3308,057100,188.9
4698,3308,086600,286.5
4708,3312,059400,196.7
4718,3312,055800,184.8
4728,3312,061200,202.7
4738,3308,055700,184.3
4748,3312,063400,210.0
4758,3312,055700,184.5
4768,3308,117700,389.4
4778,3308,055900,184.9
4788,3312,067400,223.2
4798,3284,064400,211.5
4808,3308,070400,232.9
4818,3308,056400,186.6
4828,3308,056600,187.2
4838,3312,058900,195.1
4848,3308,055800,184.6
4858,3312,060800,201.4
4868,3308,055800,184.6
4878,3220,146200,470.8
4888,3312,055800,184.8
4898,3292,066900,220.2
4908,3308,055700,184.3
4918,3312,067000,221.9
4928,3312,056200,186.1
4938,3312,069200,229.2
4948,3308,056300,186.2
4958,3312,056700,187.8
4968,3312,057900,191.8
4978,3308,055900,184.9
4988,3188,140300,447.3
4998,3304,083100,274.6
5008,3312,062500,207.0
5018,3308,055700,184.3
5028,3312,065500,216.9
5038,3308,055700,184.3
5048,3312,067300,222.9
5058,3308,056200,185.9
5068,3312,068100,225.5
5078,3308,056300,186.2
5088,3308,158400,524.0
5098,3280,060100,197.1
5108,3308,055800,184.6
5118,3312,060000,198.7
5128,3312,055800,184.8
5138,3312,061700,204.4
5148,3308,055700,184.3
5158,3312,064300,213.0
5168,3308,055800,184.6
5178,3312,067100,222.2
5188,3308,055700,184.3
5198,3200,220600,705.9
5208,3308,056400,186.6
5218,3312,070900,234.8
5228,3308,056900,188.2
5238,3308,056300,186.2
5248,3312,059300,196.4
5258,3308,055700,184.3
5268,3312,061100,202.4
5278,3312,055700,184.5
5288,3312,063100,209.0
5298,3300,076000,250.8
5308,3228,150900,487.1
5318,3308,055900,184.9
5328,3312,067400,223.2
5338,3312,056300,186.5
5348,3312,070400,233.2
5358,3312,056400,186.8
5368,3308,056600,187.2
5378,3312,058900,195.1
5388,3308,055800,184.6
5398,3280,061200,200.7
5408,3216,142700,458.9
5418,3312,064200,212.6
5428,3308,055800,184.6
5438,3312,067100,222.2
5448,3308,055800,184.6
5458,3312,067100,222.2
5468,3308,056400,186.6
5478,3312,069900,231.5
5488,3308,056400,186.6
5498,3308,071000,234.9
5508,3312,058600,194.1
5518,3224,183000,590.0
5528,3312,061100,202.4
5538,3308,055700,184.3
5548,3312,063000,208.7
5558,3312,055800,184.8
5568,3312,066200,219.3
5578,3312,055800,184.8
5588,3312,067100,222.2
5598,3288,067300,221.3
5608,3312,068800,227.9
5618,3132,140100,438.8
5628,3312,056700,187.8
5638,3312,058600,194.1
5648,3308,055800,184.6
5658,3312,060500,200.4
5668,3308,055800,184.6
5678,3312,062100,205.7
5688,3308,055700,184.3
5698,3288,065100,214.0
5708,3308,055800,184.6
5718,3220,149800,482.4
5728,3312,056300,186.5
5738,3312,068800,227.9
5748,3312,056400,186.8
5758,3312,070700,234.2
5768,3308,057500,190.2
5778,3308,056000,185.2
5788,3312,059500,197.1
5798,3308,084800,280.5
5808,3312,061300,203.0
5818,3312,055700,184.5
5828,3228,159800,515.8
5838,3308,055800,184.6
5848,3312,067300,222.9
5858,3308,056000,185.2
5868,3312,067700,224.2
5878,3308,056300,186.2
5888,3312,070700,234.2
5898,3280,060200,197.5
5908,3312,056400,186.8
5918,3312,059100,195.7
5928,3216,143100,460.2
5938,3312,061300,203.0
5948,3308,055700,184.3
5958,3312,063700,211.0
5968,3312,055800,184.8
5978,3308,066900,221.3
5988,3308,055600,183.9
5998,3300,068100,224.7
6008,3312,056300,186.5
6018,3308,069600,230.2
6028,3220,147100,473.7
6038,3308,056500,186.9
6048,3312,059100,195.7
6058,3304,055800,184.4
6068,3312,061000,202.0
6078,3308,055700,184.3
6088,3308,062700,207.4
6098,3300,078100,257.7
6108,3312,066000,218.6
6118,3308,055700,184.3
6128,3220,157500,507.1
6138,3312,056400,186.8
6148,3312,069600,230.5
6158,3308,056400,186.6
6168,3312,056600,187.5
6178,3312,058300,193.1
6188,3308,055800,184.6
6198,3280,060600,198.8
6208,3312,055800,184.8
6218,3312,062000,205.3
6228,3312,055700,184.5
6238,3312,066100,218.9
6248,3312,055800,184.8
6258,3312,067100,222.2
6268,3308,056300,186.2
6278,3312,068400,226.5
6288,3312,056400,186.8
6298,3308,071500,236.5
6308,3308,057300,189.5
6318,3308,056000,185.2
6328,3312,059400,196.7
6338,3260,155400,506.6
6348,3312,061900,205.0
6358,3308,055800,184.6
6368,3312,064600,214.0
6378,3308,055700,184.3
6388,3312,067300,222.9
6398,3292,069400,228.5
6408,3312,067500,223.6
6418,3312,056300,186.5
6428,3308,070500,233.2
6438,3312,056500,187.1
6448,3220,228100,734.5
6458,3312,059400,196.7
6468,3308,055800,184.6
6478,3312,061200,202.7
6488,3308,055700,184.3
6498,3288,063700,209.4
6508,3308,055700,184.3
6518,3312,066800,221.2
6528,3312,055700,184.5
6538,3312,067000,221.9
6548,3308,056300,186.2
6558,3196,078400,250.6
6568,3308,056500,186.9
6578,3312,056500,187.1
6588,3312,058900,195.1
6598,3308,086100,284.8
6608,3312,060900,201.7
6618,3312,055700,184.5
6628,3312,062500,207.0
6638,3312,055700,184.5
6648,3312,065600,217.3
6658,3216,143000,459.9
6668,3312,067000,221.9
6678,3308,056300,186.2
6688,3308,069400,229.6
6698,3280,061500,201.7
6708,3312,056700,187.8
6718,3312,058100,192.4
6728,3308,055900,184.9
6738,3312,060000,198.7
6748,3308,055700,184.3
6758,3208,148800,477.4
6768,3312,055800,184.8
6778,3312,065600,217.3
6788,3312,055700,184.5
6798,3296,068200,224.8
6808,3308,056200,185.9
6818,3312,068200,225.9
6848,3312,056400,186.8
6849,3312,070800,234.5
6849,3312,057000,188.8
6858,3308,056200,185.9
6868,3228,172100,555.5
6878,3308,055800,184.6
6888,3312,061700,204.4
6898,3304,080400,265.6
6908,3312,064400,213.3
6918,3312,055700,184.5
6928,3312,067300,222.9
6938,3308,055800,184.6
6948,3312,067300,222.9
6958,3312,056300,186.5
6968,3216,160700,516.8
6978,3312,057000,188.8
6988,3308,056200,185.9
6998,3280,060200,197.5
7008,3308,055800,184.6
7018,3312,061200,202.7
7028,3308,055800,184.6
7038,3312,063300,209.6
7048,3308,055800,184.6
7058,3312,066500,220.2
7068,3312,055700,184.5
7078,3220,225500,726.1
7088,3312,056400,186.8
7098,3304,070300,232.3
7108,3312,056400,186.8
7118,3312,056600,187.5
7128,3312,058800,194.7
7138,3308,055700,184.3
7148,3312,060700,201.0
7158,3308,055700,184.3
7168,3312,062400,206.7
7178,3308,055800,184.6
7188,3224,150000,483.6
7198,3292,071700,236.0
7208,3312,067100,222.2
7218,3308,056300,186.2
7228,3312,069100,228.9
7238,3312,056400,186.8
7248,3308,070600,233.5
7258,3312,057800,191.4
7268,3308,055900,184.9
7278,3312,059800,198.1
7288,3140,135500,425.5
7298,3284,062800,206.2
7308,3312,055700,184.5
7318,3312,065400,216.6
7328,3308,055700,184.3
7338,3312,067200,222.6
7348,3308,056100,185.6
7358,3312,067900,224.9
7368,3312,056300,186.5
7378,3308,070800,234.2
7388,3312,056700,187.8
7398,3208,088100,282.6
7408,3312,059800,198.1
7418,3308,055700,184.3
7428,3312,061500,203.7
7438,3308,055700,184.3
7448,3312,064100,212.3
7458,3308,055800,184.6
7468,3312,067100,222.2
7478,3308,055700,184.3
7488,3312,067100,222.2
7498,3192,167500,534.7
7508,3308,070800,234.2
7518,3308,056800,187.9
7528,3308,056300,186.2
7538,3312,059100,195.7
7548,3304,055800,184.4
7558,3312,061100,202.4
7568,3312,055700,184.5
7578,3312,062900,208.3
7588,3308,055700,184.3
7598,3292,066200,217.9
7608,3200,202800,649.0
7618,3312,067100,222.2
7628,3312,056300,186.5
7638,3308,070100,231.9
7648,3312,056400,186.8
7658,3308,056600,187.2
7668,3308,058600,193.8
7678,3308,055800,184.6
7688,3312,060500,200.4
7698,3304,082900,273.9
7708,3224,143000,461.0
7718,3312,055700,184.5
7728,3312,066800,221.2
7738,3308,055700,184.3
7748,3312,067000,221.9
7758,3312,056300,186.5
7768,3312,069300,229.5
7778,3312,056300,186.5
7788,3312,056700,187.8
7798,3280,059400,194.8
7808,3300,166100,548.1
7818,3312,060900,201.7
7828,3312,055800,184.8
7838,3312,062600,207.3
7848,3312,055700,184.5
7858,3312,065600,217.3
7868,3308,055700,184.3
7878,3312,067200,222.6
7888,3308,056200,185.9
7898,3300,068500,226.1
7908,3308,056400,186.6
7918,3224,226200,729.3
7928,3312,058200,192.8
7938,3308,055800,184.6
7948,3312,060000,198.7
7958,3308,055700,184.3
7968,3312,061700,204.4
7978,3308,055700,184.3
7988,3312,064400,213.3
7998,3296,075100,247.5
8008,3312,067300,222.9
8018,3312,055800,184.8
8028,3228,144600,466.8
8038,3308,056400,186.6
8048,3312,070900,234.8
8058,3312,057000,188.8
8068,3308,056100,185.6
8078,3312,059300,196.4
8088,3312,055800,184.8
8098,3280,061900,203.0
8108,3308,055700,184.3
8118,3312,063300,209.6
8128,3212,144200,463.2
8138,3312,067200,222.6
8148,3308,055900,184.9
8158,3312,067300,222.9
8168,3308,056300,186.2
8178,3312,070400,233.2
8188,3312,056400,186.8
8198,3308,086100,284.8
8208,3312,058900,195.1
8218,3308,055800,184.6
8228,3308,072000,238.2
8238,3308,055800,184.6
8248,3312,063400,210.0
8258,3312,055800,184.8
8268,3308,066600,220.3
8278,3308,055700,184.3
8288,3312,067000,221.9
8298,3288,066500,218.7
8308,3308,069200,228.9
8318,3312,056400,186.8
8328,3312,070600,233.8
8338,3308,059800,197.8
8348,3304,055800,184.4
8358,3312,060700,201.0
8368,3308,055700,184.3
8378,3312,062300,206.3
8388,3308,055800,184.6
8398,3288,065500,215.4
8408,3312,055700,184.5
8418,3312,067200,222.6
8428,3312,056200,186.1
8438,3312,068000,225.2
8448,3308,056700,187.6
8458,3308,070500,233.2
8468,3312,057900,191.8
8478,3308,055800,184.6
8488,3312,059800,198.1
8498,3308,084300,278.9
8508,3312,061700,204.4
8518,3308,055600,183.9
8528,3312,064300,213.0
8538,3308,055800,184.6
8548,3312,067200,222.6
8558,3220,143100,460.8
8568,3312,068000,225.2
8578,3312,056400,186.8
8588,3312,070800,234.5
8598,3280,060100,197.1
8608,3308,056200,185.9
8618,3312,059200,196.1
8628,3312,055700,184.5
8638,3312,061100,202.4
8648,3312,055700,184.5
8658,3312,063100,209.0
8668,3296,056000,184.6
8678,3312,067100,222.2
8688,3308,055800,184.6
8698,3300,068100,224.7
8708,3312,056400,186.8
8718,3312,070200,232.5
8728,3308,056400,186.6
8738,3308,056700,187.6
8748,3312,058600,194.1
8758,3308,055900,184.9
8768,3204,147600,472.9
8778,3312,055700,184.5
8788,3312,063100,209.0
8798,3300,077400,255.4
8808,3312,066400,219.9
8818,3308,055700,184.3
8828,3312,067100,222.2
8838,3312,056300,186.5
8848,3312,068900,228.2
8858,3312,056400,186.8
8868,3216,157500,506.5
8878,3312,058700,194.4
8888,3308,055800,184.6
8898,3280,061000,200.1
8908,3312,055700,184.5
8918,3312,062300,206.3
8928,3308,055700,184.3
8938,3312,065100,215.6
8948,3308,055700,184.3
8958,3312,067300,222.9
8968,3308,058400,193.2
8978,3312,068900,228.2
8988,3312,056400,186.8
8998,3308,071400,236.2
9008,3312,057700,191.1
9018,3308,055900,184.9
9028,3312,059700,197.7
9038,3308,055700,184.3
9048,3312,061400,203.4
9058,3308,055700,184.3
9068,3312,063900,211.6
9078,3220,142900,460.1
9088,3312,067300,222.9
9098,3288,068600,225.6
9108,3308,068000,224.9
9118,3308,056400,186.6
9128,3312,070800,234.5
9138,3308,056700,187.6
9148,3308,056400,186.6
9158,3312,059100,195.7
9168,3304,055700,184.0
9178,3312,061000,202.0
9188,3180,173700,552.4
9198,3288,064200,211.1
9208,3308,055700,184.3
9218,3312,067100,222.2
9228,3308,055700,184.3
9238,3312,067000,221.9
9248,3312,056300,186.5
9258,3308,069800,230.9
9268,3312,056300,186.5
9278,3308,056700,187.6
9288,3308,060200,199.1
9298,3308,085600,283.2
9308,3312,061100,202.4
9318,3312,055700,184.5
9328,3312,063000,208.7
9338,3312,055700,184.5
9348,3312,066200,219.3
9358,3308,055700,184.3
9368,3312,067000,221.9
9378,3308,056300,186.2
9388,3312,068600,227.2
9398,3192,163500,521.9
9408,3308,056700,187.6
9418,3312,058500,193.8
9428,3308,055800,184.6
9438,3312,060400,200.0
9448,3308,055700,184.3
9458,3312,062000,205.3
9468,3312,055800,184.8
9478,3312,064800,214.6
9488,3308,055700,184.3
9498,3296,068000,224.1
9508,3160,136000,429.8
9518,3312,069200,229.2
9528,3312,056300,186.5
9538,3312,070600,233.8
9548,3312,057900,191.8
9558,3308,055900,184.9
9568,3312,059800,198.1
9578,3312,055700,184.5
9588,3312,061500,203.7
9598,3304,080200,265.0
9608,3224,150800,486.2
9618,3312,055800,184.8
9628,3312,067300,222.9
9638,3312,056200,186.1
9648,3312,068000,225.2
9658,3312,056400,186.8
9668,3308,070900,234.5
9678,3308,056800,187.9
9688,3308,056300,186.2
9698,3280,060200,197.5
9708,3304,055700,184.0
9718,3228,140100,452.2
9728,3308,055700,184.3
9738,3312,064100,212.3
9748,3312,055700,184.5
9758,3312,067100,222.2
9768,3308,055700,184.3
9778,3312,067100,222.2
9788,3308,056400,186.6
9798,3304,070000,231.3
9808,3312,056400,186.8
9818,3308,152100,503.1
9828,3312,059200,196.1
9838,3308,055800,184.6
9848,3312,061200,202.7
9858,3312,055800,184.8
9868,3312,063000,208.7
9878,3312,055700,184.5
9888,3312,066300,219.6
9898,3292,072000,237.0
9908,3312,067100,222.2
9918,3308,056300,186.2
9928,3312,070100,232.2
9938,3308,056400,186.6
9948,3308,056600,187.2
9958,3312,058600,194.1
9968,3308,055800,184.6
9978,3312,060500,200.4
9988,3312,055800,184.8
9998,3284,062500,205.2
10008,3312,055700,184.5
10018,3312,065100,215.6
10028,3308,058000,191.9
10038,3312,067000,221.9
10048,3308,056300,186.2
10058,3312,068800,227.9
10068,3312,056400,186.8
10078,3308,070700,233.9
10088,3312,057400,190.1
10098,3308,086600,286.5
10108,3312,059600,197.4
10118,3308,055800,184.6
10128,3312,061400,203.4
10138,3140,136500,428.6
10148,3312,065100,215.6
10158,3308,055700,184.3
10168,3312,067400,223.2
10178,3308,056000,185.2
10188,3312,067700,224.2
10198,3284,063700,209.2
10208,3312,070800,234.5
10218,3312,056600,187.5
10228,3308,056300,186.2
10238,3312,059000,195.4
10248,3216,227100,730.4
10258,3312,061300,203.0
10268,3308,055800,184.6
10278,3312,063900,211.6
10288,3312,055700,184.5
10298,3292,067300,221.6
10308,3308,055800,184.6
10318,3312,067000,221.9
10328,3312,056300,186.5
10338,3312,069700,230.8
10348,3312,056300,186.5
10358,3200,208500,667.2
10368,3312,059100,195.7
10378,3308,055800,184.6
10388,3312,061000,202.0
10398,3304,082600,272.9
10408,3312,062800,208.0
10418,3308,055800,184.6
10428,3312,066000,218.6
10438,3308,055700,184.3
10448,3312,067100,222.2
10458,3132,133600,418.4
10468,3308,069700,230.6
10478,3312,056400,186.8
10488,3308,056600,187.2
10498,3276,060000,196.6
10508,3308,055800,184.6
10518,3312,060300,199.7
10528,3308,055700,184.3
10538,3312,062000,205.3
10548,3312,055700,184.5
10558,3220,155200,499.7
10568,3312,055700,184.5
10578,3312,067000,221.9
10588,3308,056200,185.9
10598,3300,068800,227.0
10608,3312,056400,186.8
10618,3312,070800,234.5
10628,3312,057300,189.8
10638,3308,056000,185.2
10648,3312,059400,196.7
10658,3312,055700,184.5
10668,3132,142500,446.3
10678,3312,055800,184.8
10688,3312,064800,214.6
10698,3296,074400,245.2
10708,3312,067400,223.2
10718,3312,056000,185.5
10728,3312,067600,223.9
10738,3312,056300,186.5
10748,3308,070600,233.5
10758,3308,056500,186.9
10768,3220,225400,725.8
10778,3312,059500,197.1
10788,3312,055700,184.5
10798,3284,061900,203.3
10808,3308,055800,184.6
10818,3312,063700,211.0
10828,3312,055700,184.5
10838,3312,066800,221.2
10848,3308,055700,184.3
10858,3312,067000,221.9
10868,3216,146500,471.1
10878,3312,070600,233.8
10888,3308,056500,186.9
10898,3308,086300,285.5
10908,3312,059000,195.4
10918,3308,055700,184.3
10928,3312,060900,201.7
10938,3312,055700,184.5
10948,3312,062600,207.3
10958,3312,055700,184.5
10968,3308,089300,295.4
10978,3308,055700,184.3
10988,3312,067100,222.2
10998,3288,066000,217.0
11008,3312,069600,230.5
11018,3308,056400,186.6
11028,3308,056700,187.6
11038,3312,058100,192.4
11048,3308,055800,184.6
11058,3312,060100,199.1
11068,3312,055700,184.5
11078,3308,062800,207.7
11088,3312,055700,184.5
11098,3288,065900,216.7
11108,3308,055700,184.3
11118,3308,067100,222.0
11128,3312,056200,186.1
11138,3312,068400,226.5
11148,3312,056400,186.8
11158,3308,070800,234.2
11168,3312,057100,189.1
11178,3216,142600,458.6
11188,3312,060200,199.4
11198,3304,084000,277.5
11208,3312,061900,205.0
11218,3308,055700,184.3
11228,3312,064600,214.0
11238,3308,055700,184.3
11248,3312,067300,222.9
11258,3308,055900,184.9
11268,3308,067400,223.0
11278,3312,056400,186.8
11288,3312,070900,234.8
11298,3280,060100,197.1
11308,3308,056000,185.2
11318,3312,059300,196.4
11328,3308,055700,184.3
11338,3312,061100,202.4
11348,3308,055700,184.3
11358,3312,063400,210.0
11368,3308,055700,184.3
11378,3308,066600,220.3
11388,3136,135300,424.3
11398,3300,068000,224.4
11408,3308,056400,186.6
11418,3312,070500,233.5
11428,3312,056500,187.1
11438,3308,056600,187.2
11448,3312,058900,195.1
11458,3308,055700,184.3
11468,3312,060800,201.4
11478,3308,055700,184.3
11488,3308,076000,251.4
11498,3300,076600,252.8
11508,3312,066800,221.2
11518,3308,055700,184.3
11528,3312,067000,221.9
11538,3312,056200,186.1
11548,3312,069300,229.5
11558,3312,056300,186.5
11568,3308,056700,187.6
11578,3312,057900,191.8
11588,3308,055900,184.9
11598,3112,163100,507.6
11608,3308,055700,184.3
11618,3312,062500,207.0
11628,3308,055700,184.3
11638,3312,065500,216.9
11648,3308,055700,184.3
11658,3312,067100,222.2
11668,3308,056200,185.9
11678,3312,068100,225.5
11688,3312,056400,186.8
11698,3196,233700,746.9
11708,3312,057900,191.8
11718,3308,055800,184.6
11728,3312,059900,198.4
11738,3308,055800,184.6
11748,3312,061600,204.0
11758,3308,055700,184.3
11768,3312,064200,212.6
11778,3308,055700,184.3
11788,3312,067200,222.6
11798,3292,068700,226.2
11808,3228,182900,590.4
11818,3308,056400,186.6
11828,3308,070800,234.2
11838,3308,057300,189.5
11848,3308,056000,185.2
11858,3312,059400,196.7
11868,3312,055700,184.5
11878,3312,061200,202.7
11888,3312,055700,184.5
11898,3288,063800,209.8
11908,3220,142600,459.2
11918,3312,067200,222.6
11928,3308,055900,184.9
11938,3308,067500,223.3
11948,3308,056300,186.2
11958,3312,070600,233.8
11968,3312,056500,187.1
11978,3308,056500,186.9
11988,3312,059000,195.4
11998,3304,085900,283.8
12008,3312,060900,201.7
12018,3136,132900,416.8
12028,3312,063700,211.0
12038,3308,055700,184.3
12048,3312,066900,221.6
12058,3312,055700,184.5
12068,3312,067000,221.9
12078,3308,056300,186.2
12088,3312,069500,230.2
12098,3280,061500,201.7
12108,3308,056700,187.6
12118,3312,058200,192.8
12128,3208,219500,704.2
12138,3312,060900,201.7
12148,3308,055700,184.3
12158,3312,062600,207.3
12168,3308,055800,184.6
12178,3312,065700,217.6
12188,3308,055700,184.3
12198,3296,068200,224.8
12208,3312,056200,186.1
12218,3312,068400,226.5
12228,3184,188900,601.5
12238,3312,056700,187.8
12248,3312,058200,192.8
12258,3308,055800,184.6
12268,3312,060100,199.1
12278,3308,055700,184.3
12288,3312,061800,204.7
12298,3300,080200,264.7
12308,3312,064700,214.3
12318,3312,055700,184.5
12328,3220,145700,469.2
12338,3308,056300,186.2
12348,3312,068400,226.5
12358,3312,056400,186.8
12368,3312,070900,234.8
12378,3312,057100,189.1
12388,3308,056100,185.6
12398,3280,060200,197.5
12408,3308,055700,184.3
12418,3308,061200,202.4
12428,3216,142800,459.2
12438,3312,064700,214.3
12448,3308,055800,184.6
12458,3312,067300,222.9
12468,3308,055900,184.9
12478,3312,067500,223.6
12488,3312,056400,186.8
12498,3304,070500,232.9
12508,3312,056500,187.1
12518,3308,056600,187.2
12528,3308,058900,194.8
12538,3148,141700,446.1
12548,3312,061200,202.7
12558,3308,055700,184.3
12568,3312,063500,210.3
12578,3308,055700,184.3
12588,3312,066700,220.9
12598,3292,071300,234.7
12608,3312,067000,221.9
12618,3312,056400,186.8
12628,3312,069300,229.5
12638,3308,056400,186.6
12648,3308,057400,189.9
12658,3312,059000,195.4
12668,3304,055800,184.4
12678,3312,060800,201.4
12688,3308,055800,184.6
12698,3284,063000,206.9
12708,3308,055800,184.6
12718,3312,065700,217.6
12728,3312,055700,184.5
12738,3312,067200,222.6
12748,3216,142800,459.2
12758,3308,069400,229.6
12768,3312,056300,186.5
12778,3312,056700,187.8
12788,3312,058000,192.1
12798,3304,086500,285.8
12808,3312,060000,198.7
12818,3308,055800,184.6
12828,3308,061800,204.4
12838,3308,055700,184.3
12848,3308,064400,213.0
12858,3168,159800,506.2
12868,3312,067200,222.6
12878,3308,056200,185.9
12888,3312,068200,225.9
12898,3284,062900,206.6
12908,3308,070800,234.2
12918,3312,057000,188.8
12928,3308,056100,185.6
12938,3312,059300,196.4
12948,3308,055700,184.3
12958,3220,167200,538.4
12968,3308,055800,184.6
12978,3312,064400,213.3
12988,3308,055700,184.3
12998,3292,067900,223.5
13008,3308,055800,184.6
13018,3312,067300,222.9
13028,3312,056400,186.8
13038,3312,070300,232.8
13048,3308,056400,186.6
13058,3308,056700,187.6
13068,3312,059500,197.1
13078,3308,055800,184.6
13088,3312,061200,202.7
13098,3304,082000,270.9
13108,3312,063400,210.0
13118,3308,055700,184.3
13128,3312,066600,220.6
13138,3308,055700,184.3
13148,3312,067000,221.9
13158,3312,056400,186.8
13168,3312,069100,228.9
13178,3308,056600,187.2
13188,3308,056600,187.2
13198,3280,060200,197.5
13208,3308,055800,184.6
13218,3312,060800,201.4
13228,3312,055700,184.5
13238,3312,062300,206.3
13248,3312,055800,184.8
13258,3312,065400,216.6
13268,3308,055800,184.6
13278,3312,067000,221.9
13288,3312,056300,186.5
13298,3300,069300,228.7
13308,3312,056400,186.8
13318,3312,056700,187.8
13328,3308,057900,191.5
13338,3308,055900,184.9
13348,3312,059900,198.4
13358,3308,055800,184.6
13368,3312,061600,204.0
13378,3196,189300,605.0
13388,3312,065500,216.9
13398,3296,073500,242.3
13408,3312,067400,223.2
13418,3308,056200,185.9
13428,3312,068100,225.5
13438,3308,056400,186.6
13448,3312,070900,234.8
13485,3308,056900,188.2
13485,3308,056300,186.2
13486,3220,143300,461.4
13488,3312,055800,184.8
13498,3280,062200,204.0
13508,3308,055700,184.3
13518,3312,064400,213.3
13528,3308,055700,184.3
13538,3312,067200,222.6
13548,3312,055800,184.8
13558,3312,067200,222.6
13568,3312,056300,186.5
13578,3312,070100,232.2
13588,3180,186300,592.4
13598,3308,086400,285.8
13608,3312,059300,196.4
13618,3308,055800,184.6
13628,3312,061200,202.7
13638,3308,055700,184.3
13648,3312,063200,209.3
13658,3308,055700,184.3
13668,3312,066400,219.9
13678,3312,055700,184.5
13688,3216,157600,506.8
13698,3284,064900,213.1
13708,3308,070200,232.2
13718,3312,056400,186.8
13728,3312,056600,187.5
13738,3312,058700,194.4
13748,3308,055700,184.3
13758,3312,060600,200.7
13768,3308,055700,184.3
13778,3312,062200,206.0
13788,3308,055700,184.3
13798,3188,165500,527.6
13808,3308,055700,184.3
13818,3312,067000,221.9
13828,3308,056300,186.2
13838,3308,068900,227.9
13848,3312,056300,186.5
13858,3308,070600,233.5
13868,3312,057600,190.8
13878,3308,055900,184.9
13888,3312,059600,197.4
13898,3308,083300,275.6
13908,3216,174300,560.5
13918,3308,055800,184.6
13928,3312,066000,218.6
13938,3308,055700,184.3
13948,3312,067200,222.6
13958,3308,056200,185.9
13968,3312,068400,226.5
13978,3312,056300,186.5
13988,3312,070800,234.5
13998,3280,059300,194.5
14008,3308,142600,471.7
14018,3312,060400,200.0
14028,3308,055800,184.6
14038,3312,062000,205.3
14048,3312,055800,184.8
14058,3312,064800,214.6
14068,3308,055700,184.3
14078,3312,067300,222.9
14088,3308,055900,184.9
14098,3300,068100,224.7
14108,3312,056300,186.5
14118,3224,153000,493.3
14128,3308,057300,189.5
14138,3308,056000,185.2
14148,3312,059500,197.1
14158,3308,055700,184.3
14168,3308,061200,202.4
14178,3308,055600,183.9
14188,3308,063500,210.1
14198,3296,076600,252.5
14208,3312,066800,221.2
14218,3308,055700,184.3
14228,3224,147000,473.9
14238,3308,056400,186.6
14248,3312,070600,233.8
14258,3308,056500,186.9
14268,3308,056500,186.9
14278,3312,058900,195.1
14288,3308,055800,184.6
14298,3280,061400,201.4
14308,3308,055700,184.3
14318,3312,062600,207.3
14328,3308,055700,184.3
14338,3312,066900,221.6
14348,3308,055700,184.3
14358,3312,066900,221.6
14368,3312,056300,186.5
14378,3312,069400,229.9
14388,3312,056400,186.8
14398,3304,071200,235.2
14408,3312,058100,192.4
14418,3308,055900,184.9
14428,3312,060100,199.1
14438,3284,160200,526.1
14448,3312,062600,207.3
14458,3308,055700,184.3
14468,3312,065700,217.6
14478,3308,055700,184.3
14488,3312,067200,222.6
14498,3288,067900,223.3
14508,3312,068300,226.2
14518,3312,056400,186.8
14528,3312,070900,234.8
14538,3308,057000,188.6
14548,3224,141700,456.8
14558,3312,060000,198.7
14568,3308,055800,184.6
14578,3312,061700,204.4
14588,3312,055700,184.5
14598,3288,064700,212.7
14608,3308,055700,184.3
14618,3312,067200,222.6
14628,3312,055900,185.1
14638,3312,067300,222.9
14648,3308,056400,186.6
14658,3220,230200,741.2
14668,3312,057100,189.1
14678,3308,056100,185.6
14688,3312,059300,196.4
14698,3308,085100,281.5
14708,3312,061200,202.7
14718,3308,055700,184.3
14728,3312,063400,210.0
14738,3308,055700,184.3
14748,3312,066600,220.6
14758,3312,055600,184.1
14768,3228,154100,497.4
14778,3308,056400,186.6
14788,3312,070400,233.2
14798,3280,060600,198.8
14808,3312,056700,187.8
14818,3312,058900,195.1
14828,3308,055800,184.6
14838,3312,060700,201.0
14848,3308,055700,184.3
14858,3308,062400,206.4
14868,3308,055700,184.3
14878,3312,066800,221.2
14888,3308,055700,184.3
14898,3296,068100,224.5
14908,3308,056300,186.2
14918,3312,069300,229.5
14928,3312,056400,186.8
14938,3308,056700,187.6
14948,3312,057900,191.8
14958,3308,055800,184.6
14968,3312,059800,198.1
14978,3308,058000,191.9
14988,3312,062500,207.0
14998,3300,078800,260.0
15008,3312,065600,217.3
15018,3308,055800,184.6
15028,3312,067200,222.6
15038,3308,056100,185.6
15048,3308,068100,225.3
15058,3308,056400,186.6
15068,3312,070800,234.5
15078,3312,056800,188.1
15088,3216,155900,501.4
15098,3280,060500,198.4
15108,3312,055700,184.5
15118,3312,061700,204.4
15128,3308,055700,184.3
15138,3312,064400,213.3
15148,3308,055700,184.3
15158,3312,067200,222.6
15168,3308,055800,184.6
15178,3312,067100,222.2
15188,3312,056400,186.8
15198,3196,189300,605.0
15208,3312,057000,188.8
15218,3308,056200,185.9
15228,3312,059200,196.1
15238,3308,055800,184.6
15248,3312,061200,202.7
15258,3308,055800,184.6
15268,3312,063200,209.3
15278,3308,055700,184.3
15288,3312,066400,219.9
15298,3240,172100,557.6
15308,3308,067200,222.3
15318,3312,056300,186.5
15328,3308,070100,231.9
15338,3312,056300,186.5
15348,3312,056600,187.5
15358,3312,058700,194.4
15368,3308,055800,184.6
15378,3312,060600,200.7
15388,3312,055800,184.8
15398,3184,172700,549.9
15408,3312,055700,184.5
15418,3312,066400,219.9
15428,3312,055700,184.5
15438,3312,067100,222.2
15448,3308,056300,186.2
15458,3312,068800,227.9
15468,3312,056400,186.8
15478,3312,070700,234.2
15488,3312,057500,190.4
15498,3304,138200,456.6
15508,3132,137900,431.9
15518,3308,055800,184.6
15528,3312,062500,207.0
15538,3312,055700,184.5
15548,3312,065600,217.3
15558,3312,055700,184.5
15568,3312,067300,222.9
15578,3308,056100,185.6
15588,3312,068100,225.5
15598,3284,062000,203.6
15608,3216,157600,506.8
15618,3312,058100,192.4
15628,3308,055800,184.6
15638,3312,060100,199.1
15648,3308,055700,184.3
15658,3312,061700,204.4
15668,3308,055800,184.6
15678,3312,064400,213.3
15688,3308,055800,184.6
15698,3292,067800,223.2
15708,3308,055800,184.6
15718,3132,123300,386.2
15728,3312,056300,186.5
15738,3312,070900,234.8
15748,3312,057000,188.8
15758,3308,056100,185.6
15768,3312,059300,196.4
15778,3308,055700,184.3
15788,3312,061200,202.7
15798,3304,082100,271.3
15808,3312,063400,210.0
15818,3220,142500,458.9
15828,3312,067300,222.9
15838,3312,055900,185.1
15848,3308,067300,222.6
15858,3312,056400,186.8
15868,3312,070300,232.8
15878,3312,056400,186.8
15888,3308,056600,187.2
15898,3276,060000,196.6
15908,3304,055700,184.0
15918,3312,060800,201.4
15928,3228,216100,697.6
15938,3312,063400,210.0
15948,3312,055800,184.8
15958,3312,066700,220.9
15968,3308,055700,184.3
15978,3312,066900,221.6
15988,3312,056200,186.1
15998,3304,069300,229.0
16008,3312,056300,186.5
16018,3308,056700,187.6
16028,3204,145100,464.9
16038,3308,055800,184.6
16048,3312,060900,201.7
16058,3312,055800,184.8
16068,3312,062500,207.0
16078,3308,055700,184.3
16088,3312,065400,216.6
16098,3296,073400,241.9
16108,3312,067300,222.9
16118,3308,056200,185.9
16128,3308,068200,225.6
16138,3208,211100,677.2
16148,3312,056700,187.8
16158,3308,058000,191.9
16168,3308,055900,184.9
16178,3312,059900,198.4
16188,3308,055800,184.6
16198,3284,062100,203.9
16208,3308,055800,184.6
16218,3312,064300,213.0
16228,3308,055800,184.6
16238,3312,067200,222.6
16248,3228,229500,740.8
16258,3308,068200,225.6
16268,3308,056300,186.2
16278,3312,070900,234.8
16288,3308,056900,188.2
16298,3304,086500,285.8
16308,3312,059300,196.4
16318,3312,055700,184.5
16328,3312,061200,202.7
16338,3308,055700,184.3
16348,3312,063200,209.3
16358,3264,056100,183.1
16368,3312,067300,222.9
16378,3308,055800,184.6
16388,3312,067200,222.6
16398,3284,064800,212.8
16408,3312,070300,232.8
16418,3312,056400,186.8
16428,3308,056700,187.6
16438,3312,058800,194.7
16448,3308,055800,184.6
16458,3220,144500,465.3
16468,3308,055700,184.3
16478,3312,063300,209.6
16488,3308,055800,184.6
16498,3292,080100,263.7
16508,3308,055700,184.3
16518,3308,067100,222.0
16528,3312,056300,186.5
16538,3312,069100,228.9
16548,3312,056400,186.8
16558,3312,070600,233.8
16568,3312,059000,195.4
16578,3308,055800,184.6
16588,3312,060800,201.4
16598,3304,083200,274.9
16608,3312,062400,206.7
16618,3308,055700,184.3
16628,3312,065400,216.6
16638,3308,055800,184.6
16648,3312,067300,222.9
16658,3312,056200,186.1
16668,3308,099000,327.5
16678,3308,056400,186.6
16688,3312,070600,233.8
16698,3280,060000,196.8
16708,3308,055900,184.9
16718,3312,059800,198.1
16728,3308,055700,184.3
16738,3312,061600,204.0
16748,3308,055800,184.6
16758,3312,064200,212.6
16768,3312,055700,184.5
16778,3220,202700,652.7
16788,3308,056100,185.6
16798,3304,098600,325.8
16808,3308,056400,186.6
16818,3312,070900,234.8
16828,3308,056900,188.2
16838,3308,056200,185.9
16848,3308,059200,195.8
16858,3308,055700,184.3
16868,3312,061100,202.4
16878,3284,161500,530.4
16888,3312,064300,213.0
16898,3296,075300,248.2
16908,3312,067200,222.6
16918,3312,055800,184.8
16928,3312,067200,222.6
16938,3312,056400,186.8
16948,3312,070100,232.2
16958,3308,056400,186.6
16968,3308,056600,187.2
16978,3312,058600,194.1
16988,3216,143500,461.5
16998,3280,062600,205.3
17008,3308,055700,184.3
17018,3312,063200,209.3
17028,3308,055800,184.6
17038,3312,066500,220.2
17048,3312,055800,184.8
17058,3312,067100,222.2
17068,3312,056300,186.5
17078,3312,069000,228.5
17088,3312,056300,186.5
17098,3140,117500,368.9
17108,3312,058800,194.7
17118,3308,055800,184.6
17128,3312,060700,201.0
17138,3308,055800,184.6
17148,3312,062300,206.3
17158,3308,055700,184.3
17168,3312,065200,215.9
17178,3312,055700,184.5
17188,3312,067300,222.9
17198,3120,161000,502.3
17208,3312,069000,228.5
17218,3308,056400,186.6
17228,3312,070700,234.2
17238,3312,057600,190.8
17248,3308,055900,184.9
17258,3312,059700,197.7
17268,3308,055700,184.3
17278,3308,061400,203.1
17288,3308,055700,184.3
17298,3288,070800,232.8
17308,3220,224900,724.2
17318,3312,067200,222.6
17328,3308,056100,185.6
17338,3308,068100,225.3
17348,3312,056300,186.5
17358,3312,070800,234.5
17368,3312,056800,188.1
17378,3308,056300,186.2
17388,3312,059200,196.1
17398,3304,084700,279.8
17408,3216,141400,454.7
17418,3312,055800,184.8
17428,3312,064900,214.9
17438,3312,055700,184.5
17448,3312,067400,223.2
17458,3308,056000,185.2
17468,3312,067500,223.6
17478,3312,056400,186.8
17488,3312,070600,233.8
17498,3280,059500,195.2
17508,3216,143100,460.2
17518,3312,059600,197.4
17528,3308,055800,184.6
17538,3312,061300,203.0
17548,3308,055700,184.3
17558,3312,063700,211.0
17568,3308,055700,184.3
17578,3312,066900,221.6
17588,3308,055800,184.6
17598,3296,090500,298.3
17608,3308,056300,186.2
17618,3228,154300,498.1
17628,3312,056700,187.8
17638,3308,056500,186.9
17648,3312,059000,195.4
17658,3308,055800,184.6
17668,3312,061000,202.0
17678,3308,055700,184.3
17688,3312,062600,207.3
17698,3300,078100,257.7
17708,3312,065900,218.3
17718,3216,142100,457.0
17728,3312,067100,222.2
17738,3312,056300,186.5
17748,3308,069700,230.6
17758,3308,056400,186.6
17768,3312,056700,187.8
17778,3312,058300,193.1
17788,3308,055800,184.6
17798,3280,060700,199.1
17808,3312,055700,184.5
17818,3312,061900,205.0
17828,3220,208300,670.7
17838,3312,066000,218.6
17848,3312,055700,184.5
17858,3312,067100,222.2
17868,3308,056300,186.2
17878,3312,068500,226.9
17888,3312,056400,186.8
17898,3308,113700,376.1
17908,3312,057300,189.8
17918,3308,056000,185.2
17928,3136,144200,452.2
17938,3308,055800,184.6
17948,3312,062000,205.3
17958,3312,055800,184.8
17968,3312,064800,214.6
17978,3308,055700,184.3
17988,3312,067200,222.6
17998,3292,069200,227.8
18008,3312,067600,223.9
18018,3308,056400,186.6
18028,3224,154700,498.8
18038,3312,057400,190.1
18048,3308,056000,185.2
18058,3312,059400,196.7
18068,3308,055800,184.6
18078,3312,061300,203.0
18088,3308,055700,184.3
18098,3288,068500,225.2
18108,3308,055800,184.6
18118,3312,066900,221.6
18128,3312,055800,184.8
18138,3220,214500,690.7
18148,3312,056400,186.8
18158,3308,070700,233.9
18168,3312,056600,187.5
18178,3308,056500,186.9
18188,3312,059000,195.4
18198,3308,138400,457.8
18208,3312,061000,202.0
18218,3308,055800,184.6
18228,3312,062700,207.7
18238,3216,142500,458.3
18248,3312,066900,221.6
18258,3308,055700,184.3
18268,3312,067000,221.9
18278,3308,056400,186.6
18288,3308,069500,229.9
18298,3280,061300,201.1
18308,3312,056700,187.8
18318,3312,058200,192.8
18328,3308,055800,184.6
18338,3312,060200,199.4
18348,3164,157000,496.7
18358,3308,062800,207.7
18368,3308,055700,184.3
18378,3312,065800,217.9
18388,3308,055700,184.3
18398,3296,084600,278.8
18408,3308,056200,185.9
18418,3308,068500,226.6
18428,3312,056300,186.5
18438,3312,070800,234.5
18448,3212,147500,473.8
18458,3308,055800,184.6
18468,3308,060300,199.5
18478,3308,055700,184.3
18488,3312,061900,205.0
18498,3300,080000,264.0
18508,3312,064800,214.6
18518,3308,055700,184.3
18528,3312,067400,223.2
18538,3308,055900,184.9
18548,3312,067400,223.2
18558,3296,056700,186.9
18568,3312,070800,234.5
18578,3312,057300,189.8
18588,3308,056000,185.2
18598,3280,060200,197.5
18608,3312,055700,184.5
18618,3312,061300,203.0
18628,3312,055700,184.5
18638,3312,063700,211.0
18648,3308,055800,184.6
18658,3308,077100,255.0
18668,3308,056000,185.2
18678,3308,067500,223.3
18688,3312,056400,186.8
18698,3304,103800,343.0
18708,3312,056500,187.1
18718,3308,056500,186.9
18728,3312,059000,195.4
18738,3308,055800,184.6
18748,3312,060900,201.7
18758,3308,057900,191.5
18768,3312,063700,211.0
18778,3312,055700,184.5
18788,3312,066900,221.6
18798,3292,070900,233.4
18808,3308,067000,221.6
18818,3308,056400,186.6
18828,3312,069500,230.2
18838,3312,056400,186.8
18848,3312,056700,187.8
18858,3308,058200,192.5
18868,3172,178400,565.9
18878,3312,060900,201.7
18888,3308,055700,184.3
18898,3284,064700,212.5
18908,3308,055700,184.3
18918,3312,065900,218.3
18928,3308,055700,184.3
18938,3312,067100,222.2
18948,3312,056300,186.5
18958,3308,068300,225.9
18968,3308,056400,186.6
18978,3312,062000,205.3
18988,3312,058200,192.8
18998,3308,128400,424.7
19008,3308,060300,199.5
19018,3308,055800,184.6
19028,3312,061900,205.0
19038,3308,055700,184.3
19048,3312,064600,214.0
19058,3308,055700,184.3
19068,3312,067300,222.9
19078,3224,225700,727.7
19088,3312,068500,226.9
19098,3284,062600,205.6
19108,3312,070800,234.5
19118,3312,057300,189.8
19128,3308,056000,185.2
19138,3312,059400,196.7
19148,3308,055700,184.3
19158,3312,061200,202.7
19168,3308,055700,184.3
19178,3308,066200,219.0
19188,3308,055800,184.6
19198,3296,079500,262.0
19208,3308,056100,185.6
19218,3308,067600,223.6
19228,3312,056400,186.8
19238,3312,070600,233.8
19248,3308,056500,186.9
19258,3308,056600,187.2
19268,3312,059000,195.4
19278,3304,055800,184.4
19288,3156,175600,554.2
19298,3304,081600,269.6
19308,3312,063700,211.0
19318,3312,055800,184.8
19328,3312,066900,221.6
19338,3312,055700,184.5
19348,3312,067000,221.9
19358,3308,056300,186.2
19368,3312,069500,230.2
19378,3308,056400,186.6
19388,3308,056700,187.6
19398,3280,060500,198.4
19408,3308,055800,184.6
19418,3312,061000,202.0
19428,3308,055800,184.6
19438,3312,062700,207.7
19448,3308,055700,184.3
19458,3312,065800,217.9
19468,3308,055800,184.6
19478,3312,067100,222.2
19488,3308,056200,185.9
19497,3176,089700,284.9
19508,3308,056400,186.6
19518,3308,056700,187.6
19528,3308,058300,192.9
19538,3308,055900,184.9
19548,3312,060200,199.4
19558,3308,055800,184.6
19568,3312,061800,204.7
19578,3312,055700,184.5
19588,3312,064500,213.6
19598,3204,172100,551.4
19608,3312,067200,222.6
19618,3312,056300,186.5
19628,3312,068400,226.5
19638,3308,056400,186.6
19648,3312,070900,234.8
19658,3308,057100,188.9
19668,3308,056000,185.2
19678,3312,059300,196.4
19688,3308,055800,184.6
19698,3284,061900,203.3
19708,3216,140300,451.2
19718,3312,064700,214.3
19728,3308,055800,184.6
19738,3312,067300,222.9
19748,3308,055900,184.9
19758,3312,067500,223.6
19768,3312,056300,186.5
19778,3312,070500,233.5
19788,3308,056400,186.6
19798,3308,114600,379.1
19808,3220,146000,470.1
19818,3308,055800,184.6
19828,3312,061300,203.0
19838,3308,055700,184.3
19848,3312,063600,210.6
19858,3308,055700,184.3
19868,3312,066700,220.9
19878,3312,055800,184.8
19888,3312,067000,221.9
19898,3288,066200,217.7
19908,3312,069400,229.9
19918,3136,136100,426.8
19928,3308,056600,187.2
19938,3312,059000,195.4
19948,3308,055800,184.6
19958,3312,060800,201.4
19995,3308,055800,184.6
19995,3312,062500,207.0
19996,3308,055700,184.3
19998,3292,070200,231.1
20008,3312,055700,184.5
20018,3312,067200,222.6
20028,3224,226300,729.6
20038,3308,069500,229.9
20048,3312,056400,186.8
20058,3312,056700,187.8
20068,3312,058100,192.4
20078,3308,055900,184.9
20088,3312,060000,198.7
20098,3304,084100,277.9
20108,3312,061800,204.7
20118,3312,055700,184.5
20128,3200,152300,487.4
20138,3312,055700,184.5
20148,3312,067200,222.6
20158,3308,056200,185.9
20168,3312,068300,226.2
20178,3308,056300,186.2
20188,3312,070900,234.8
20198,3280,060100,197.1
20208,3308,056100,185.6
20218,3312,059300,196.4
20228,3308,055800,184.6
20238,3136,142300,446.3
20248,3308,055800,184.6
20258,3312,064600,214.0
20268,3308,055700,184.3
20278,3312,067300,222.9
20288,3308,055900,184.9
20298,3300,086000,283.8
20308,3308,056300,186.2
20318,3308,070400,232.9
20328,3308,056400,186.6
20338,3312,056600,187.5
20348,3192,199700,637.4
20358,3308,055800,184.6
20368,3312,061200,202.7
20378,3308,055800,184.6
20388,3312,063400,210.0
20398,3300,076800,253.4
20408,3312,066800,221.2
20418,3308,055700,184.3
20428,3312,067000,221.9
20438,3312,056400,186.8
20448,3220,159700,514.2
20458,3308,056400,186.6
20468,3308,056600,187.2
20478,3312,058900,195.1
20488,3308,055800,184.6
20498,3280,061400,201.4
20508,3308,055800,184.6
20518,3312,062600,207.3
20528,3308,055800,184.6
20538,3312,065700,217.6
20548,3272,158700,519.3
20558,3312,067000,221.9
20568,3312,056300,186.5
20578,3312,069400,229.9
20588,3308,056400,186.6
20598,3308,106400,352.0
20608,3312,058200,192.8
20618,3308,055800,184.6
20628,3308,060100,198.8
20638,3308,055700,184.3
20648,3312,061700,204.4
20658,3224,215700,695.4
20668,3312,065800,217.9
20678,3308,055800,184.6
20688,3312,067300,222.9
20698,3288,067900,223.3
20708,3312,068400,226.5
20718,3308,056400,186.6
20728,3312,070900,234.8
20738,3308,057100,188.9
20748,3308,056100,185.6
20758,3168,139300,441.3
20768,3312,055800,184.8
20778,3312,061800,204.7
20788,3312,055800,184.8
20798,3288,066700,219.3
20808,3308,055800,184.6
20818,3312,067300,222.9
20828,3312,055900,185.1
20838,3308,067300,222.6
20848,3308,056300,186.2
20858,3224,157100,506.5
20868,3312,057200,189.4
20878,3308,056100,185.6
20888,3312,059400,196.7
20898,3308,131700,435.7
20908,3312,061200,202.7
20918,3308,055700,184.3
20928,3312,063500,210.3
20938,3308,055700,184.3
20948,3312,066700,220.9
20958,3312,055700,184.5
20968,3180,146900,467.1
20978,3312,056400,186.8
20988,3308,070400,232.9
20998,3280,060500,198.4
21008,3308,056500,186.9
21018,3312,058900,195.1
21028,3308,055700,184.3
21038,3312,060900,201.7
21048,3308,055700,184.3
21058,3312,062400,206.7
21068,3308,058000,191.9
21078,3312,066700,220.9
21088,3308,055700,184.3
21098,3300,081800,269.9
21108,3308,056300,186.2
21118,3308,069400,229.6
21128,3312,056400,186.8
21138,3312,056700,187.8
21148,3308,058000,191.9
21158,3308,055800,184.6
21168,3312,059900,198.4
21178,3228,218800,706.3
21188,3312,062500,207.0
21198,3300,078500,259.1
21208,3308,065700,217.3
21218,3312,055700,184.5
21228,3312,067200,222.6
21238,3308,056200,185.9
21248,3312,068200,225.9
21258,3312,056300,186.5
21268,3312,070900,234.8
21278,3220,140800,453.4
21288,3308,055800,184.6
21298,3280,060500,198.4
21308,3308,055800,184.6
21318,3312,061800,204.7
21328,3308,055800,184.6
21338,3312,064500,213.6
21348,3308,055700,184.3
21358,3312,067200,222.6
21368,3308,055900,184.9
21378,3204,154300,494.4
21388,3312,056400,186.8
21398,3304,098400,325.1
21408,3312,057100,189.1
21418,3308,056100,185.6
21428,3312,059300,196.4
21438,3308,055800,184.6
21448,3312,061200,202.7
21458,3308,055700,184.3
21468,3312,063400,210.0
21478,3308,055700,184.3
21487,3220,154300,496.8
21498,3292,069500,228.8
21508,3312,067400,223.2
21518,3312,056300,186.5
21528,3312,070500,233.5
21538,3312,056400,186.8
21548,3308,056600,187.2
21558,3308,058800,194.5
21568,3308,055700,184.3
21578,3312,060700,201.0
21588,3308,055700,184.3
21598,3172,156500,496.4
21608,3312,055800,184.8
21618,3312,066700,220.9
21628,3308,055700,184.3
21638,3312,067000,221.9
21648,3308,056300,186.2
21658,3308,069200,228.9
21668,3312,056400,186.8
21678,3308,070600,233.5
21688,3312,057900,191.8
21697,3308,155500,514.4
21708,3312,061000,202.0
21718,3308,055700,184.3
21728,3312,062400,206.7
21738,3308,055700,184.3
21748,3312,065400,216.6
21758,3308,055700,184.3
21768,3312,067300,222.9
21778,3308,056200,185.9
21788,3312,068000,225.2
21798,3284,062000,203.6
21808,3224,220800,711.9
21818,3312,058500,193.8
21828,3308,055800,184.6
21838,3312,060500,200.4
21848,3308,055700,184.3
21858,3308,062100,205.4
21868,3308,055700,184.3
21878,3312,064900,214.9
21888,3312,055700,184.5
21898,3296,074500,245.6
21908,3308,056000,185.2
21917,3160,103100,325.8
21928,3312,056400,186.8
21938,3312,070800,234.5
21948,3312,057400,190.1
21958,3308,056000,185.2
21968,3312,059500,197.1
21978,3308,055800,184.6
21988,3312,061300,203.0
21998,3304,081600,269.6
22008,3312,063800,211.3
22018,3220,142700,459.5
22028,3312,067300,222.9
22038,3308,056100,185.6
22048,3312,067700,224.2
22058,3312,056300,186.5
22068,3312,070600,233.8
22078,3312,056600,187.5
22088,3308,056600,187.2
22098,3280,060100,197.1
22108,3308,055700,184.3
22118,3312,061000,202.0
22128,3176,169700,539.0
22138,3312,064000,212.0
22148,3308,055700,184.3
22158,3312,067000,221.9
22168,3308,055800,184.6
22178,3312,067000,221.9
22188,3308,056400,186.6
22198,3304,088700,293.1
22208,3312,056400,186.8
22218,3308,056700,187.6
22228,3312,060700,201.0
22238,3304,055800,184.4
22248,3312,061000,202.0
22258,3308,055800,184.6
22268,3312,062800,208.0
22278,3308,055700,184.3
22288,3312,065900,218.3
22298,3292,072500,238.7
22308,3312,067200,222.6
22318,3312,056300,186.5
22328,3312,068600,227.2
22338,3216,143000,459.9
22348,3308,056700,187.6
22358,3312,058400,193.4
22368,3308,055800,184.6
22378,3312,060300,199.7
22388,3308,055800,184.6
22398,3284,062400,204.9
22408,3308,055700,184.3
22418,3312,064900,214.9
22428,3308,055700,184.3
22438,3312,067300,222.9
22448,3224,225800,728.0
22458,3312,068700,227.5
22468,3308,056400,186.6
22478,3312,070800,234.5
22488,3312,057300,189.8
22498,3308,110900,366.9
22508,3312,059500,197.1
22518,3308,055800,184.6
22528,3312,061300,203.0
22538,3308,055700,184.3
22548,3208,143900,461.6
22558,3308,055800,184.6
22568,3312,067400,223.2
22578,3308,056000,185.2
22588,3312,067600,223.9
22598,3284,064000,210.2
22608,3308,070700,233.9
22618,3312,056600,187.5
22628,3308,056500,186.9
22638,3312,059000,195.4
22648,3308,055800,184.6
22658,3136,141500,443.7
22668,3308,055700,184.3
22678,3312,063700,211.0
22688,3312,055800,184.8
22698,3292,069800,229.8
22708,3308,055800,184.6
22718,3312,067000,221.9
22728,3308,056300,186.2
22738,3312,069600,230.5
22748,3312,056400,186.8
22758,3216,147000,472.8
22768,3312,059100,195.7
22778,3308,055800,184.6
22788,3312,061000,202.0
22798,3304,082800,273.6
22808,3312,062800,208.0
22818,3308,055800,184.6
22828,3312,066000,218.6
22838,3308,055800,184.6
22848,3312,067200,222.6
22858,3308,056300,186.2
22868,3188,152100,484.9
22878,3312,056400,186.8
22888,3308,056700,187.6
22898,3280,060000,196.8
22908,3308,055800,184.6
22918,3308,060300,199.5
22928,3312,055800,184.8
22938,3312,062000,205.3
22948,3312,055700,184.5
22958,3312,064700,214.3
22968,3216,142800,459.2
22978,3312,067100,222.2
22988,3308,056300,186.2
22998,3304,083300,275.2
23008,3312,056400,186.8
23018,3312,070700,234.2
23028,3308,057300,189.5
23038,3308,056000,185.2
23048,3308,059500,196.8
23058,3312,055800,184.8
23068,3312,063300,209.6
23078,3312,055800,184.8
23088,3312,064800,214.6
23098,3296,074400,245.2
23108,3312,067400,223.2
23118,3312,056000,185.5
23128,3308,067600,223.6
23138,3312,056400,186.8
23148,3312,070700,234.2
23158,3312,056500,187.1
23168,3308,056600,187.2
23178,3308,059800,197.8
23188,3308,055800,184.6
23198,3280,061900,203.0
23208,3312,055800,184.8
23218,3312,063800,211.3
23228,3308,055800,184.6
23238,3312,066900,221.6
23248,3308,055700,184.3
23258,3312,066900,221.6
23268,3312,056300,186.5
23278,3312,069500,230.2
23288,3284,056900,186.9
23298,3308,102600,339.4
23308,3312,059100,195.7
23318,3304,055800,184.4
23328,3312,061000,202.0
23338,3308,055700,184.3
23348,3312,062700,207.7
23358,3312,055800,184.8
23368,3312,065800,217.9
23378,3308,055800,184.6
23388,3308,074400,246.1
23398,3288,065800,216.4
23408,3312,069700,230.8
23418,3312,056400,186.8
23428,3308,056700,187.6
23438,3312,058300,193.1
23448,3308,055800,184.6
23458,3312,060200,199.4
23468,3308,055800,184.6
23478,3312,061900,205.0
23488,3308,055700,184.3
23498,3196,174200,556.7
23508,3308,055700,184.3
23518,3308,067200,222.3
23528,3308,056300,186.2
23538,3308,068400,226.3
23548,3308,056300,186.2
23558,3312,070800,234.5
23568,3312,057100,189.1
23578,3308,056100,185.6
23588,3312,059400,196.7
23598,3188,179700,572.9
23608,3312,062000,205.3
23618,3308,055800,184.6
23628,3312,064700,214.3
23638,3308,055800,184.6
23648,3308,067300,222.6
23658,3312,055900,185.1
23668,3312,067400,223.2
23678,3312,056400,186.8
23688,3312,070400,233.2
23698,3280,059400,194.8
23708,3216,146000,469.5
23718,3312,059300,196.4
23728,3308,055700,184.3
23738,3312,061200,202.7
23748,3308,055700,184.3
23758,3312,063500,210.3
23768,3312,055700,184.5
23778,3312,066700,220.9
23788,3308,055700,184.3
23798,3296,076300,251.5
23808,3312,056300,186.5
23818,3188,151300,482.3
23828,3312,056500,187.1
23838,3308,056600,187.2
23848,3312,058900,195.1
23858,3308,055800,184.6
23868,3312,060900,201.7
23878,3312,055800,184.8
23888,3312,062500,207.0
23898,3300,078400,258.7
23908,3312,065700,217.6
23918,3312,055700,184.5
23928,3152,150600,474.7
23938,3308,056300,186.2
23948,3312,069500,230.2
23958,3312,056300,186.5
23968,3312,056700,187.8
23978,3312,058000,192.1
23988,3308,055800,184.6
23998,3280,060500,198.4
24008,3312,055700,184.5
24018,3312,061800,204.7
24028,3176,167500,532.0
24038,3312,065800,217.9
24048,3308,055700,184.3
24058,3312,067200,222.6
24068,3308,056200,185.9
24078,3308,068200,225.6
24088,3308,056400,186.6
24098,3304,091300,301.7
24108,3312,057100,189.1
24118,3308,056100,185.6
24128,3220,146200,470.8
24138,3308,055800,184.6
24148,3312,061800,204.7
24158,3312,055700,184.5
24168,3308,064600,213.7
24178,3308,055700,184.3
24188,3312,067200,222.6
24198,3292,069500,228.8
24208,3312,067400,223.2
24218,3312,056300,186.5
24228,3312,070400,233.2
24238,3288,057500,189.1
24248,3308,056000,185.2
24258,3312,059300,196.4
24268,3308,055700,184.3
24278,3312,061100,202.4
24288,3308,055700,184.3
24298,3288,063700,209.4
24308,3312,055700,184.5
24318,3312,066700,220.9
24328,3312,055700,184.5
24338,3308,074400,246.1
24348,3312,056300,186.5
24358,3312,070500,233.5
24368,3312,056500,187.1
24378,3308,056600,187.2
24388,3312,058900,195.1
24398,3308,086100,284.8
24408,3312,060800,201.4
24418,3312,055700,184.5
24428,3312,062400,206.7
24438,3308,055800,184.6
24448,3220,151200,486.9
24458,3308,055700,184.3
24468,3308,067000,221.6
24478,3308,056300,186.2
24488,3312,069300,229.5
24498,3280,061500,201.7
24508,3308,056700,187.6
24518,3312,058000,192.1
24528,3308,055800,184.6
24538,3312,060000,198.7
24548,3312,055700,184.5
24558,3312,062600,207.3
24568,3308,055800,184.6
24578,3308,065600,217.0
24588,3312,055800,184.8
24598,3292,072600,239.0
24608,3312,056200,186.1
24618,3308,068300,225.9
24628,3312,056300,186.5
24638,3312,070800,234.5
24648,3312,057000,188.8
24657,3192,198900,634.9
24668,3312,060100,199.1
24678,3312,055700,184.5
24688,3312,061800,204.7
24698,3304,080200,265.0
24708,3312,064600,214.0
24718,3308,055700,184.3
24728,3312,067300,222.9
24738,3308,055900,184.9
24748,3312,067300,222.9
24758,3260,154500,503.7
24768,3312,070800,234.5
24778,3308,057100,188.9
24788,3308,056100,185.6
24798,3280,060200,197.5
24808,3308,055800,184.6
24818,3312,061200,202.7
24828,3308,055800,184.6
24838,3312,063400,210.0
24848,3308,055700,184.3
24858,3312,066700,220.9
24868,3216,142800,459.2
24878,3312,067400,223.2
24888,3308,056400,186.6
24898,3304,086600,286.1
24908,3312,056500,187.1
24918,3308,056600,187.2
24928,3312,058900,195.1
24938,3308,055800,184.6
24948,3312,060900,201.7
24958,3308,055700,184.3
24968,3208,149300,479.0
24978,3312,055800,184.8
24988,3312,066800,221.2
24998,3292,071300,234.7
25008,3312,067100,222.2
25018,3308,056400,186.6
25028,3312,069400,229.9
25038,3312,056400,186.8
25048,3312,056700,187.8
25058,3312,058000,192.1
25068,3308,055900,184.9
25078,3132,137400,430.3
25088,3312,055800,184.8
25098,3284,063000,206.9
25108,3308,055700,184.3
25118,3312,065800,217.9
25128,3308,055800,184.6
25138,3312,067200,222.6
25148,3308,056100,185.6
25158,3312,068200,225.9
25168,3312,056400,186.8
25178,3204,157700,505.3
25188,3308,058100,192.2
25198,3308,105400,348.7
25208,3312,060200,199.4
25218,3308,055800,184.6
25228,3308,061800,204.4
25238,3308,055800,184.6
25248,3312,064500,213.6
25258,3308,055800,184.6
25268,3312,067300,222.9
25278,3308,055800,184.6
25288,3160,152000,480.3
25298,3280,062800,206.0
25308,3312,070900,234.8
25318,3312,057200,189.4
25328,3308,056100,185.6
25338,3312,059300,196.4
25348,3308,055800,184.6
25358,3312,061100,202.4
25368,3308,055800,184.6
25378,3312,063300,209.6
25388,3308,057400,189.9
25398,3292,069600,229.1
25408,3308,056000,185.2
25418,3308,067500,223.3
25428,3308,056400,186.6
25438,3308,070600,233.5
25448,3308,056500,186.9
25458,3312,056600,187.5
25468,3312,058900,195.1
25478,3304,055800,184.4
25488,3312,060800,201.4
25498,3220,197800,636.9
25508,3312,063500,210.3
25518,3308,055800,184.6
25528,3312,066800,221.2
25538,3308,055700,184.3
25548,3308,067000,221.6
25558,3308,056300,186.2
25568,3312,069200,229.2
25578,3308,056400,186.6
25588,3308,070500,233.2
25598,3184,167200,532.4
25608,3308,055800,184.6
25618,3312,060800,201.4
25628,3312,055700,184.5
25638,3312,062500,207.0
25648,3308,055700,184.3
25658,3312,065500,216.9
25668,3308,055800,184.6
25678,3312,067100,222.2
25688,3312,056100,185.8
25698,3304,077600,256.4
25708,3140,136500,428.6
25718,3308,056700,187.6
25728,3308,058600,193.8
25738,3308,055800,184.6
25748,3312,060400,200.0
25758,3308,055800,184.6
25768,3312,062100,205.7
25778,3312,055700,184.5
25788,3312,064900,214.9
25798,3296,073700,242.9
25808,3200,154500,494.4
25818,3308,056300,186.2
25828,3308,068700,227.3
25838,3308,056400,186.6
25848,3312,070800,234.5
25858,3308,057500,190.2
25868,3308,056000,185.2
25878,3312,059500,197.1
25888,3308,055700,184.3
25898,3284,062000,203.6
25908,3308,055800,184.6
25918,3188,144100,459.4
25928,3308,055800,184.6
25938,3312,067300,222.9
25948,3308,056000,185.2
25958,3308,067700,224.0
25968,3308,056400,186.6
25978,3312,070700,234.2
25988,3312,056600,187.5
25998,3304,094600,312.6
26008,3312,059100,195.7
26018,3308,055700,184.3
26028,3200,207700,664.6
26038,3312,055800,184.8
26048,3312,063900,211.6
26058,3308,055600,183.9
26068,3312,067000,221.9
26078,3312,055800,184.8
26088,3312,067100,222.2
26098,3288,065600,215.7
26108,3312,069700,230.8
26118,3308,056400,186.6
26128,3308,091700,303.3
26138,3312,059100,195.7
26148,3308,055700,184.3
26158,3312,061000,202.0
26168,3308,055700,184.3
26178,3312,062800,208.0
26188,3308,055700,184.3
26198,3292,066200,217.9
26208,3312,055800,184.8
26218,3308,067100,222.0
26228,3308,058500,193.5
26238,3312,069900,231.5
26248,3312,056400,186.8
26258,3308,056700,187.6
26268,3312,058400,193.4
26278,3308,055800,184.6
26288,3308,060300,199.5
26298,3304,083700,276.5
26308,3312,062100,205.7
26318,3308,055700,184.3
26328,3312,064900,214.9
26337,3228,224500,724.7
26348,3312,067000,221.9
26358,3312,056200,186.1
26368,3312,068600,227.2
26378,3312,056400,186.8
26388,3308,070800,234.2
26398,3280,060100,197.1
26408,3308,056000,185.2
26418,3312,059600,197.4
26428,3308,055700,184.3
26438,3196,203200,649.4
26448,3308,055800,184.6
26458,3312,065000,215.3
26468,3308,055700,184.3
26505,3312,067300,222.9
26505,3312,056000,185.5
26506,3300,074900,247.2
26508,3308,056300,186.2
26518,3312,070700,234.2
26528,3308,056600,187.2
26538,3308,056500,186.9
26547,3160,172800,546.0
26558,3308,055700,184.3
26568,3312,061400,203.4
26578,3312,055700,184.5
26588,3312,063800,211.3
26598,3296,076000,250.5
26608,3312,067000,221.9
26618,3308,055700,184.3
26628,3312,067000,221.9
26638,3308,056300,186.2
26648,3216,161200,518.4
26658,3308,056700,187.6
26668,3308,056300,186.2
26678,3312,059000,195.4
26688,3308,055700,184.3
26698,3280,061600,202.0
26708,3312,055700,184.5
26718,3312,062800,208.0
26728,3308,055700,184.3
26738,3312,066000,218.6
26748,3308,055700,184.3
26758,3312,067200,222.6
26768,3312,056400,186.8
26778,3312,069800,231.2
26788,3308,056400,186.6
26798,3308,090000,297.7
26808,3312,058500,193.8
26818,3308,055800,184.6
26828,3312,060400,200.0
26838,3312,055700,184.5
26848,3312,062000,205.3
26858,3220,143800,463.0
26868,3312,066100,218.9
26878,3308,055800,184.6
26888,3312,067100,222.2
26898,3288,067300,221.3
26908,3312,068700,227.5
26918,3312,056400,186.8
26928,3312,070800,234.5
26938,3312,057400,190.1
26948,3308,055900,184.9
26958,3312,059500,197.1
26967,3204,212200,679.9
26978,3312,062100,205.7
26988,3308,055700,184.3
26998,3288,065200,214.4
27008,3312,055700,184.5
27018,3308,067300,222.6
27028,3308,056000,185.2
27038,3312,067800,224.6
27048,3308,056300,186.2
27058,3312,070700,234.2
27068,3140,138000,433.3
27078,3308,056000,185.2
27088,3312,059600,197.4
27098,3308,084700,280.2
27108,3312,061400,203.4
27118,3308,055700,184.3
27128,3308,063900,211.4
27138,3308,055700,184.3
27148,3312,067000,221.9
27158,3308,055700,184.3
27168,3200,154100,493.1
27178,3308,056400,186.6
27188,3312,070800,234.5
27198,3280,060200,197.5
27208,3308,056400,186.6
27218,3312,059100,195.7
27228,3308,055800,184.6
27238,3312,061000,202.0
27248,3308,055700,184.3
27258,3308,062800,207.7
27268,3312,055800,184.8
27278,3216,154500,496.9
27288,3308,055700,184.3
27298,3296,071300,235.0
27308,3308,056400,186.6
27318,3312,069800,231.2
27328,3308,056300,186.2
27338,3308,056700,187.6
27348,3312,058500,193.8
27358,3308,055800,184.6
27368,3312,060400,200.0
27378,3308,055800,184.6
27388,3312,063100,209.0
27398,3300,077900,257.1
27408,3312,066200,219.3
27418,3308,055800,184.6
27428,3308,067100,222.0
27438,3308,056300,186.2
27448,3312,068700,227.5
27458,3312,056400,186.8
27468,3312,070800,234.5
27478,3308,057300,189.5
27488,3204,122000,390.9
27498,3280,060900,199.8
27508,3308,055800,184.6
27518,3312,062100,205.7
27528,3308,055800,184.6
27538,3312,065000,215.3
27548,3308,055800,184.6
27558,3312,067300,222.9
27568,3308,056000,185.2
27578,3308,067700,224.0
27588,3308,056400,186.6
27598,3152,153500,483.8
27608,3312,057500,190.4
27618,3308,056000,185.2
27628,3312,059500,197.1
27638,3308,055800,184.6
27648,3312,061400,203.4
27658,3308,055700,184.3
27668,3308,063700,210.7
27678,3308,055700,184.3
27688,3312,066900,221.6
27698,3200,169600,542.7
27708,3312,067700,224.2
27718,3308,056400,186.6
27728,3312,070700,234.2
27738,3308,056600,187.2
27748,3308,056500,186.9
27758,3312,059000,195.4
27768,3308,055800,184.6
27778,3312,060900,201.7
27788,3308,055700,184.3
27798,3284,063100,207.2
27808,3224,184800,595.8
27818,3312,067100,222.2
27828,3308,055800,184.6
27838,3308,067100,222.0
27848,3312,056400,186.8
27858,3312,069900,231.5
27868,3312,056400,186.8
27878,3312,056700,187.8
27888,3312,058500,193.8
27898,3308,086100,284.8
27908,3216,147300,473.7
27918,3308,055800,184.6
27928,3312,063000,208.7
27938,3312,055700,184.5
27948,3312,066200,219.3
27958,3308,055700,184.3
27968,3312,067000,221.9
27978,3308,056300,186.2
27988,3308,068700,227.3
27998,3284,062300,204.6
28008,3204,156900,502.7
28018,3312,058600,194.1
28028,3308,055800,184.6
28038,3312,060600,200.7
28048,3308,055800,184.6
28058,3312,062200,206.0
28068,3312,055800,184.8
28078,3312,065100,215.6
28088,3308,055700,184.3
28098,3296,068500,225.8
28108,3308,056100,185.6
28118,3312,069000,228.5
28128,3308,056400,186.6
28138,3312,070800,234.5
28148,3312,057600,190.8
28158,3308,055900,184.9
28168,3312,059600,197.4
28178,3308,055800,184.6
28188,3312,061400,203.4
28198,3304,081400,268.9
28208,3312,063900,211.6
28218,3300,156300,515.8
28228,3312,067200,222.6
28238,3308,056100,185.6
28248,3312,067800,224.6
28258,3312,056400,186.8
28268,3312,070800,234.5
28278,3312,056700,187.8
28288,3308,056400,186.6
28298,3280,060100,197.1
28308,3308,055700,184.3
28318,3312,061000,202.0
28328,3224,157800,508.7
28338,3312,064100,212.3
28348,3308,055800,184.6
28358,3312,067100,222.2
28368,3308,055700,184.3
28378,3308,067100,222.0
28388,3308,056300,186.2
28398,3304,078400,259.0
28408,3308,056300,186.2
28418,3308,056600,187.2
28428,3308,060800,201.1
28438,3304,055800,184.4
28448,3308,061100,202.1
28458,3312,055700,184.5
28468,3312,063000,208.7
28478,3308,055700,184.3
28488,3308,066100,218.7
28498,3292,072200,237.7
28508,3312,067200,222.6
28518,3308,056200,185.9
28528,3312,068700,227.5
28538,3224,226100,728.9
28548,3308,056800,187.9
28558,3312,058600,194.1
28568,3308,055800,184.6
28578,3312,060500,200.4
28588,3312,055800,184.8
28598,3284,062500,205.2
28608,3308,055800,184.6
28618,3312,065100,215.6
28628,3308,055700,184.3
28638,3308,067600,223.6
28648,3308,056300,186.2
28658,3312,068900,228.2
28668,3312,056400,186.8
28678,3308,070700,233.9
28688,3312,057500,190.4
28698,3308,092500,306.0
28708,3312,059700,197.7
28718,3308,055700,184.3
28728,3312,061400,203.4
28738,3308,055700,184.3
28748,3312,065200,215.9
28758,3308,055700,184.3
28768,3312,067300,222.9
28778,3308,056000,185.2
28788,3312,067800,224.6
28798,3284,063600,208.9
28808,3312,070900,234.8
28818,3312,056700,187.8
28828,3308,056400,186.6
28838,3312,059100,195.7
28848,3188,069500,221.6
28858,3312,061500,203.7
28868,3308,055700,184.3
28878,3312,064000,212.0
28888,3308,055700,184.3
28898,3292,067400,221.9
28908,3308,055700,184.3
28918,3308,067000,221.6
28928,3308,056400,186.6
28938,3312,069800,231.2
28948,3136,134400,421.5
28958,3308,056300,186.2
28968,3312,059100,195.7
28978,3308,055700,184.3
28988,3312,061100,202.4
28998,3304,082500,272.6
29008,3312,062900,208.3
29018,3312,055700,184.5
29028,3312,066200,219.3
29038,3308,055800,184.6
29048,3312,067100,222.2
29058,3228,223800,722.4
29068,3312,069900,231.5
29078,3308,056400,186.6
29088,3308,056700,187.6
29098,3280,060000,196.8
29108,3308,055700,184.3
29118,3312,060500,200.4
29128,3308,055700,184.3
29138,3312,062200,206.0
29148,3308,055800,184.6
29158,3312,065000,215.3
29168,3220,193400,622.7
29178,3312,067000,221.9
29188,3308,056200,185.9
29198,3304,073500,242.8
29208,3308,056300,186.2
29218,3308,070600,233.5
29228,3312,057500,190.4
29238,3308,055900,184.9
29248,3312,059600,197.4
29258,3308,055800,184.6
29268,3220,154000,495.9
29278,3312,055700,184.5
29288,3312,065100,215.6
29298,3292,073900,243.3
29308,3312,067400,223.2
29318,3308,056100,185.6
29328,3312,067800,224.6
29338,3312,056300,186.5
29348,3312,070800,234.5
29358,3312,056600,187.5
29368,3308,056400,186.6
29378,3164,161100,509.7
29388,3312,055800,184.8
29398,3280,062000,203.4
29408,3308,055700,184.3
29418,3312,064100,212.3
29428,3312,055700,184.5
29438,3312,067100,222.2
29448,3308,055800,184.6
29458,3312,067100,222.2
29468,3312,056300,186.5
29478,3200,157000,502.4
29488,3312,056700,187.8
29498,3308,087900,290.8
29508,3312,059200,196.1
29518,3308,055800,184.6
29528,3312,061100,202.4
29538,3308,055700,184.3
29548,3312,063000,208.7
29558,3312,055700,184.5
29568,3312,066200,219.3
29578,3308,055800,184.6
29588,3144,169600,533.2
29598,3288,065300,214.7
29608,3308,070000,231.6
29618,3312,056400,186.8
29628,3308,056700,187.6
29638,3312,058600,194.1
29648,3308,055900,184.9
29658,3312,060500,200.4
29668,3308,055700,184.3
29678,3312,062100,205.7
29688,3308,055700,184.3
29698,3148,205900,648.2
29708,3308,055800,184.6
29718,3308,067100,222.0
29728,3308,056300,186.2
29738,3312,068800,227.9
29748,3308,056400,186.6
29758,3312,070700,234.2
29768,3308,057500,190.2
29778,3308,056000,185.2
29788,3312,059500,197.1
29798,3220,164600,530.0
29808,3312,062200,206.0
29818,3312,055800,184.8
29828,3312,065000,215.3
29838,3308,055800,184.6
29848,3312,067300,222.9
29858,3308,056100,185.6
29868,3312,067800,224.6
29878,3308,056400,186.6
29888,3312,070700,234.2
# summary, ms_total=29895, adv_count=299, E_total_mJ=6801.496, E_per_adv_uJ=22747.5
# diag, samples=2989, rate_hz=100.01, mean_v=3.301, mean_i=69.223, mean_p_mW=228484.3
# diag, dt_ms_mean=9.999, dt_ms_std=1.086, dt_ms_min=0, dt_ms_max=37, parse_drop=0
# sys, cpu_mhz=240, wifi_mode=OFF, free_heap=256396
