prog_id,ms,mV,uA,p_mW,tick_raw
# meta, firmware=TXSD_CCS_E2, program_id=TXSD_CCS_E2_20260121, build=Jan 23 2026 07:55:09
TXSD_CCS_E2_20260121,11,4896,55500,271.7,4
TXSD_CCS_E2_20260121,21,4900,57300,280.8,4
TXSD_CCS_E2_20260121,31,4896,55500,271.7,4
TXSD_CCS_E2_20260121,41,4900,57200,280.3,4
TXSD_CCS_E2_20260121,51,4896,56200,275.2,4
TXSD_CCS_E2_20260121,61,4900,56600,277.3,5
TXSD_CCS_E2_20260121,71,4900,56100,274.9,5
TXSD_CCS_E2_20260121,81,4900,56600,277.3,5
TXSD_CCS_E2_20260121,91,4900,56200,275.4,5
TXSD_CCS_E2_20260121,101,4896,56600,277.1,5
TXSD_CCS_E2_20260121,111,4896,56400,276.1,5
TXSD_CCS_E2_20260121,121,4896,55600,272.2,5
TXSD_CCS_E2_20260121,131,4900,57200,280.3,5
TXSD_CCS_E2_20260121,141,4896,55500,271.7,5
TXSD_CCS_E2_20260121,151,4900,57300,280.8,5
TXSD_CCS_E2_20260121,161,4896,55500,271.7,6
TXSD_CCS_E2_20260121,171,4900,57300,280.8,6
TXSD_CCS_E2_20260121,181,4896,55500,271.7,6
TXSD_CCS_E2_20260121,191,4900,57200,280.3,6
TXSD_CCS_E2_20260121,201,4896,55600,272.2,6
TXSD_CCS_E2_20260121,211,4592,135300,621.3,6
TXSD_CCS_E2_20260121,221,4896,56100,274.7,6
TXSD_CCS_E2_20260121,231,4900,56800,278.3,6
TXSD_CCS_E2_20260121,241,4900,56200,275.4,6
TXSD_CCS_E2_20260121,251,4900,56600,277.3,6
TXSD_CCS_E2_20260121,261,4896,56200,275.2,7
TXSD_CCS_E2_20260121,271,4896,56600,277.1,7
TXSD_CCS_E2_20260121,281,4896,56200,275.2,7
TXSD_CCS_E2_20260121,291,4896,55600,272.2,7
TXSD_CCS_E2_20260121,301,4900,57200,280.3,7
TXSD_CCS_E2_20260121,311,4708,216200,1017.9,7
TXSD_CCS_E2_20260121,321,4900,57200,280.3,7
TXSD_CCS_E2_20260121,331,4896,55500,271.7,7
TXSD_CCS_E2_20260121,341,4900,57200,280.3,7
TXSD_CCS_E2_20260121,351,4896,55600,272.2,7
TXSD_CCS_E2_20260121,361,4884,57200,279.4,8
TXSD_CCS_E2_20260121,371,4896,55500,271.7,8
TXSD_CCS_E2_20260121,381,4900,57300,280.8,8
TXSD_CCS_E2_20260121,391,4896,55900,273.7,8
TXSD_CCS_E2_20260121,401,4900,57000,279.3,8
TXSD_CCS_E2_20260121,411,4692,140200,657.8,8
TXSD_CCS_E2_20260121,421,4900,56600,277.3,8
TXSD_CCS_E2_20260121,431,4896,56200,275.2,8
TXSD_CCS_E2_20260121,441,4900,56600,277.3,8
TXSD_CCS_E2_20260121,451,4900,56200,275.4,8
TXSD_CCS_E2_20260121,461,4896,55600,272.2,9
TXSD_CCS_E2_20260121,471,4900,57100,279.8,9
TXSD_CCS_E2_20260121,481,4896,55500,271.7,9
TXSD_CCS_E2_20260121,491,4900,57200,280.3,9
TXSD_CCS_E2_20260121,501,4896,55500,271.7,9
TXSD_CCS_E2_20260121,511,4900,57200,280.3,9
TXSD_CCS_E2_20260121,521,4676,197400,923.0,9
TXSD_CCS_E2_20260121,531,4900,57200,280.3,9
TXSD_CCS_E2_20260121,541,4896,55500,271.7,9
TXSD_CCS_E2_20260121,551,4900,57200,280.3,9
TXSD_CCS_E2_20260121,561,4896,55600,272.2,10
TXSD_CCS_E2_20260121,571,4900,57300,280.8,10
TXSD_CCS_E2_20260121,581,4896,56200,275.2,10
TXSD_CCS_E2_20260121,591,4900,56600,277.3,10
TXSD_CCS_E2_20260121,601,4896,56200,275.2,10
TXSD_CCS_E2_20260121,611,4900,56700,277.8,10
TXSD_CCS_E2_20260121,621,4900,56200,275.4,10
TXSD_CCS_E2_20260121,631,4716,137600,648.9,10
TXSD_CCS_E2_20260121,641,4896,57200,280.1,10
TXSD_CCS_E2_20260121,651,4896,55600,272.2,10
TXSD_CCS_E2_20260121,661,4872,57200,278.7,11
TXSD_CCS_E2_20260121,671,4896,55500,271.7,11
TXSD_CCS_E2_20260121,681,4900,57200,280.3,11
TXSD_CCS_E2_20260121,691,4896,55500,271.7,11
TXSD_CCS_E2_20260121,701,4900,57200,280.3,11
TXSD_CCS_E2_20260121,711,4896,55500,271.7,11
TXSD_CCS_E2_20260121,721,4900,57200,280.3,11
TXSD_CCS_E2_20260121,731,4892,55500,271.5,11
TXSD_CCS_E2_20260121,741,4612,138100,636.9,11
TXSD_CCS_E2_20260121,751,4896,56200,275.2,11
TXSD_CCS_E2_20260121,761,4900,56600,277.3,12
TXSD_CCS_E2_20260121,771,4896,56200,275.2,12
TXSD_CCS_E2_20260121,781,4896,56600,277.1,12
TXSD_CCS_E2_20260121,791,4896,56200,275.2,12
TXSD_CCS_E2_20260121,801,4896,55600,272.2,12
TXSD_CCS_E2_20260121,811,4896,57200,280.1,12
TXSD_CCS_E2_20260121,821,4896,55500,271.7,12
TXSD_CCS_E2_20260121,831,4900,57200,280.3,12
TXSD_CCS_E2_20260121,841,4708,201100,946.8,12
TXSD_CCS_E2_20260121,851,4900,57300,280.8,12
TXSD_CCS_E2_20260121,861,4896,55500,271.7,13
TXSD_CCS_E2_20260121,871,4900,57200,280.3,13
TXSD_CCS_E2_20260121,881,4896,55600,272.2,13
TXSD_CCS_E2_20260121,893,4900,57200,280.3,13
TXSD_CCS_E2_20260121,901,4896,55500,271.7,13
TXSD_CCS_E2_20260121,911,4900,57300,280.8,13
TXSD_CCS_E2_20260121,921,4896,56200,275.2,13
TXSD_CCS_E2_20260121,931,4896,56600,277.1,13
TXSD_CCS_E2_20260121,941,4896,56200,275.2,13
TXSD_CCS_E2_20260121,951,4716,143500,676.7,13
TXSD_CCS_E2_20260121,961,4896,56200,275.2,14
TXSD_CCS_E2_20260121,971,4900,56100,274.9,14
TXSD_CCS_E2_20260121,981,4896,57100,279.6,14
TXSD_CCS_E2_20260121,991,4896,55500,271.7,14
TXSD_CCS_E2_20260121,1001,4900,57200,280.3,14
TXSD_CCS_E2_20260121,1011,4896,55500,271.7,14
TXSD_CCS_E2_20260121,1021,4900,57300,280.8,14
TXSD_CCS_E2_20260121,1031,4896,55600,272.2,14
TXSD_CCS_E2_20260121,1041,4900,57200,280.3,14
TXSD_CCS_E2_20260121,1051,4896,55500,271.7,14
TXSD_CCS_E2_20260121,1061,4488,142600,640.0,15
TXSD_CCS_E2_20260121,1071,4896,55500,271.7,15
TXSD_CCS_E2_20260121,1081,4900,57300,280.8,15
TXSD_CCS_E2_20260121,1091,4896,56200,275.2,15
TXSD_CCS_E2_20260121,1101,4896,56700,277.6,15
TXSD_CCS_E2_20260121,1111,4896,56200,275.2,15
TXSD_CCS_E2_20260121,1121,4900,56600,277.3,15
TXSD_CCS_E2_20260121,1131,4896,56200,275.2,15
TXSD_CCS_E2_20260121,1141,4900,56300,275.9,15
TXSD_CCS_E2_20260121,1151,4900,56900,278.8,15
TXSD_CCS_E2_20260121,1161,4556,87400,398.2,16
TXSD_CCS_E2_20260121,1171,4900,57200,280.3,16
TXSD_CCS_E2_20260121,1181,4896,55600,272.2,16
TXSD_CCS_E2_20260121,1191,4896,57200,280.1,16
TXSD_CCS_E2_20260121,1201,4896,55600,272.2,16
TXSD_CCS_E2_20260121,1211,4900,57200,280.3,16
TXSD_CCS_E2_20260121,1221,4896,55500,271.7,16
TXSD_CCS_E2_20260121,1231,4900,57300,280.8,16
TXSD_CCS_E2_20260121,1241,4900,55500,272.0,16
TXSD_CCS_E2_20260121,1251,4900,57300,280.8,16
TXSD_CCS_E2_20260121,1261,4708,196000,922.8,17
TXSD_CCS_E2_20260121,1271,4900,56700,277.8,17
TXSD_CCS_E2_20260121,1281,4896,56200,275.2,17
TXSD_CCS_E2_20260121,1291,4896,56600,277.1,17
TXSD_CCS_E2_20260121,1301,4896,56200,275.2,17
TXSD_CCS_E2_20260121,1311,4900,56600,277.3,17
TXSD_CCS_E2_20260121,1321,4896,56500,276.6,17
TXSD_CCS_E2_20260121,1331,4896,55500,271.7,17
TXSD_CCS_E2_20260121,1341,4900,57200,280.3,17
TXSD_CCS_E2_20260121,1351,4896,55500,271.7,17
TXSD_CCS_E2_20260121,1361,4708,131300,618.2,18
TXSD_CCS_E2_20260121,1371,4896,55600,272.2,18
TXSD_CCS_E2_20260121,1381,4900,57300,280.8,18
TXSD_CCS_E2_20260121,1391,4896,55600,272.2,18
TXSD_CCS_E2_20260121,1401,4900,57300,280.8,18
TXSD_CCS_E2_20260121,1411,4896,55600,272.2,18
TXSD_CCS_E2_20260121,1421,4900,57300,280.8,18
TXSD_CCS_E2_20260121,1431,4896,56200,275.2,18
TXSD_CCS_E2_20260121,1441,4900,56700,277.8,18
TXSD_CCS_E2_20260121,1451,4896,56100,274.7,18
TXSD_CCS_E2_20260121,1461,4696,141500,664.5,19
TXSD_CCS_E2_20260121,1471,4764,223900,1066.7,19
TXSD_CCS_E2_20260121,1481,4896,56600,277.1,19
TXSD_CCS_E2_20260121,1491,4896,56200,275.2,19
TXSD_CCS_E2_20260121,1501,4896,55600,272.2,19
TXSD_CCS_E2_20260121,1511,4900,57300,280.8,19
TXSD_CCS_E2_20260121,1521,4896,55500,271.7,19
TXSD_CCS_E2_20260121,1531,4900,57200,280.3,19
TXSD_CCS_E2_20260121,1541,4896,55500,271.7,19
TXSD_CCS_E2_20260121,1551,4900,57300,280.8,19
TXSD_CCS_E2_20260121,1561,4896,55600,272.2,20
TXSD_CCS_E2_20260121,1571,4900,57300,280.8,20
TXSD_CCS_E2_20260121,1581,4896,55500,271.7,20
TXSD_CCS_E2_20260121,1591,4900,57200,280.3,20
TXSD_CCS_E2_20260121,1601,4896,55900,273.7,20
TXSD_CCS_E2_20260121,1611,4900,57100,279.8,20
TXSD_CCS_E2_20260121,1621,4896,56100,274.7,20
TXSD_CCS_E2_20260121,1631,4900,56600,277.3,20
TXSD_CCS_E2_20260121,1641,4896,56200,275.2,20
TXSD_CCS_E2_20260121,1651,4900,56700,277.8,20
TXSD_CCS_E2_20260121,1661,4900,56200,275.4,21
TXSD_CCS_E2_20260121,1671,4896,55600,272.2,21
TXSD_CCS_E2_20260121,1681,4652,199500,928.1,21
TXSD_CCS_E2_20260121,1691,4896,55600,272.2,21
TXSD_CCS_E2_20260121,1701,4900,57200,280.3,21
TXSD_CCS_E2_20260121,1711,4896,55500,271.7,21
TXSD_CCS_E2_20260121,1721,4900,57200,280.3,21
TXSD_CCS_E2_20260121,1731,4896,55500,271.7,21
TXSD_CCS_E2_20260121,1741,4900,57300,280.8,21
TXSD_CCS_E2_20260121,1751,4896,55600,272.2,21
TXSD_CCS_E2_20260121,1761,4888,57200,279.6,22
TXSD_CCS_E2_20260121,1771,4896,55600,272.2,22
TXSD_CCS_E2_20260121,1781,4900,57200,280.3,22
TXSD_CCS_E2_20260121,1791,4900,56200,275.4,22
TXSD_CCS_E2_20260121,1801,4900,56600,277.3,22
TXSD_CCS_E2_20260121,1811,4896,56200,275.2,22
TXSD_CCS_E2_20260121,1821,4276,52900,226.2,22
TXSD_CCS_E2_20260121,1831,2828,64100,181.3,22
TXSD_CCS_E2_20260121,1841,2340,4900,11.5,22
TXSD_CCS_E2_20260121,1851,2176,3100,6.7,22
TXSD_CCS_E2_20260121,1861,2020,2200,4.4,22
TXSD_CCS_E2_20260121,1871,1896,1300,2.5,22
TXSD_CCS_E2_20260121,1881,1784,500,0.9,22
TXSD_CCS_E2_20260121,1891,1692,300,0.5,22
TXSD_CCS_E2_20260121,1901,1600,100,0.2,22
TXSD_CCS_E2_20260121,1911,1524,100,0.2,22
TXSD_CCS_E2_20260121,1921,1440,100,0.1,22
TXSD_CCS_E2_20260121,1931,1368,0,0.0,22
TXSD_CCS_E2_20260121,1941,1300,100,0.1,22
TXSD_CCS_E2_20260121,1951,1236,0,0.0,22
TXSD_CCS_E2_20260121,1961,1176,-100,-0.1,22
TXSD_CCS_E2_20260121,1971,1116,-100,-0.1,22
TXSD_CCS_E2_20260121,1981,1056,-100,-0.1,22
TXSD_CCS_E2_20260121,1991,1012,-100,-0.1,22
TXSD_CCS_E2_20260121,2001,960,-100,-0.1,22
TXSD_CCS_E2_20260121,2011,912,-100,-0.1,22
TXSD_CCS_E2_20260121,2021,872,-200,-0.2,22
TXSD_CCS_E2_20260121,2031,828,-200,-0.2,22
TXSD_CCS_E2_20260121,2041,788,-200,-0.2,22
TXSD_CCS_E2_20260121,2051,748,-100,-0.1,22
TXSD_CCS_E2_20260121,2061,716,-200,-0.1,22
TXSD_CCS_E2_20260121,2071,680,-100,-0.1,22
TXSD_CCS_E2_20260121,2081,648,-100,-0.1,22
TXSD_CCS_E2_20260121,2091,616,-100,-0.1,22
TXSD_CCS_E2_20260121,2101,588,-100,-0.1,22
TXSD_CCS_E2_20260121,2111,560,-100,-0.1,22
TXSD_CCS_E2_20260121,2121,532,-100,-0.1,22
TXSD_CCS_E2_20260121,2131,504,-100,-0.1,22
TXSD_CCS_E2_20260121,2141,484,-100,-0.0,22
TXSD_CCS_E2_20260121,2151,460,-100,-0.0,22
TXSD_CCS_E2_20260121,2161,440,-100,-0.0,22
TXSD_CCS_E2_20260121,2171,416,-200,-0.1,22
TXSD_CCS_E2_20260121,2181,396,-100,-0.0,22
TXSD_CCS_E2_20260121,2191,380,-100,-0.0,22
TXSD_CCS_E2_20260121,2201,360,0,0.0,22
TXSD_CCS_E2_20260121,2211,344,0,0.0,22
TXSD_CCS_E2_20260121,2221,328,-100,-0.0,22
TXSD_CCS_E2_20260121,2231,312,-200,-0.1,22
TXSD_CCS_E2_20260121,2241,296,0,0.0,22
TXSD_CCS_E2_20260121,2251,284,0,0.0,22
TXSD_CCS_E2_20260121,2261,268,0,0.0,22
TXSD_CCS_E2_20260121,2271,256,-100,-0.0,22
TXSD_CCS_E2_20260121,2281,244,-100,-0.0,22
TXSD_CCS_E2_20260121,2291,232,-100,-0.0,22
TXSD_CCS_E2_20260121,2301,220,-100,-0.0,22
TXSD_CCS_E2_20260121,2311,212,0,0.0,22
TXSD_CCS_E2_20260121,2321,200,0,0.0,22
TXSD_CCS_E2_20260121,2331,192,-100,-0.0,22
TXSD_CCS_E2_20260121,2341,184,-100,-0.0,22
TXSD_CCS_E2_20260121,2351,172,0,0.0,22
TXSD_CCS_E2_20260121,2361,164,0,0.0,22
TXSD_CCS_E2_20260121,2371,156,0,0.0,22
TXSD_CCS_E2_20260121,2381,148,-100,-0.0,22
TXSD_CCS_E2_20260121,2391,140,0,0.0,22
TXSD_CCS_E2_20260121,2401,136,0,0.0,22
TXSD_CCS_E2_20260121,2411,128,-100,-0.0,22
TXSD_CCS_E2_20260121,2421,124,0,0.0,22
TXSD_CCS_E2_20260121,2431,116,-100,-0.0,22
TXSD_CCS_E2_20260121,2441,112,-100,-0.0,22
TXSD_CCS_E2_20260121,2451,104,-100,-0.0,22
TXSD_CCS_E2_20260121,2461,100,-100,-0.0,22
TXSD_CCS_E2_20260121,2471,96,-100,-0.0,22
TXSD_CCS_E2_20260121,2481,92,-100,-0.0,22
TXSD_CCS_E2_20260121,2491,84,-100,-0.0,22
TXSD_CCS_E2_20260121,2501,80,-100,-0.0,22
TXSD_CCS_E2_20260121,2511,76,-100,-0.0,22
TXSD_CCS_E2_20260121,2521,72,0,0.0,22
TXSD_CCS_E2_20260121,2531,72,-100,-0.0,22
TXSD_CCS_E2_20260121,2541,64,-100,-0.0,22
TXSD_CCS_E2_20260121,2551,60,0,0.0,22
TXSD_CCS_E2_20260121,2561,60,-100,-0.0,22
TXSD_CCS_E2_20260121,2571,56,-100,-0.0,22
TXSD_CCS_E2_20260121,2581,52,0,0.0,22
TXSD_CCS_E2_20260121,2591,52,0,0.0,22
TXSD_CCS_E2_20260121,2601,48,-100,-0.0,22
TXSD_CCS_E2_20260121,2611,44,-100,-0.0,22
TXSD_CCS_E2_20260121,2621,44,-100,-0.0,22
TXSD_CCS_E2_20260121,2631,40,-100,-0.0,22
TXSD_CCS_E2_20260121,2641,36,0,0.0,22
TXSD_CCS_E2_20260121,2651,36,0,0.0,22
TXSD_CCS_E2_20260121,2661,32,-100,-0.0,22
TXSD_CCS_E2_20260121,2671,28,0,0.0,22
TXSD_CCS_E2_20260121,2681,32,-100,-0.0,22
TXSD_CCS_E2_20260121,2691,28,-100,-0.0,22
TXSD_CCS_E2_20260121,2701,24,0,0.0,22
TXSD_CCS_E2_20260121,2711,24,0,0.0,22
TXSD_CCS_E2_20260121,2721,20,-100,-0.0,22
TXSD_CCS_E2_20260121,2731,20,0,0.0,22
TXSD_CCS_E2_20260121,2741,16,0,0.0,22
TXSD_CCS_E2_20260121,2751,16,-100,-0.0,22
TXSD_CCS_E2_20260121,2761,16,0,0.0,22
TXSD_CCS_E2_20260121,2771,16,0,0.0,22
TXSD_CCS_E2_20260121,2781,16,-100,-0.0,22
TXSD_CCS_E2_20260121,2791,12,-100,-0.0,22
TXSD_CCS_E2_20260121,2801,12,0,0.0,22
TXSD_CCS_E2_20260121,2811,8,0,0.0,22
TXSD_CCS_E2_20260121,2821,8,-100,-0.0,22
TXSD_CCS_E2_20260121,2831,8,-100,-0.0,22
TXSD_CCS_E2_20260121,2841,8,0,0.0,22
TXSD_CCS_E2_20260121,2851,4,0,0.0,22
TXSD_CCS_E2_20260121,2861,4,-100,-0.0,22
TXSD_CCS_E2_20260121,2871,4,-100,-0.0,22
TXSD_CCS_E2_20260121,2881,4,-100,-0.0,22
TXSD_CCS_E2_20260121,2891,0,-100,-0.0,22
TXSD_CCS_E2_20260121,2901,0,-100,-0.0,22
TXSD_CCS_E2_20260121,2911,0,0,0.0,22
TXSD_CCS_E2_20260121,2921,0,-100,-0.0,22
TXSD_CCS_E2_20260121,2931,0,-100,-0.0,22
TXSD_CCS_E2_20260121,2941,0,-100,-0.0,22
TXSD_CCS_E2_20260121,2951,0,-100,-0.0,22
TXSD_CCS_E2_20260121,2961,0,0,0.0,22
TXSD_CCS_E2_20260121,2971,0,-100,-0.0,22
TXSD_CCS_E2_20260121,2981,0,-100,-0.0,22
TXSD_CCS_E2_20260121,2991,0,-100,-0.0,22
TXSD_CCS_E2_20260121,3001,0,-100,-0.0,22
TXSD_CCS_E2_20260121,3011,0,0,0.0,22
TXSD_CCS_E2_20260121,3021,0,0,0.0,22
TXSD_CCS_E2_20260121,3031,0,-100,-0.0,22
TXSD_CCS_E2_20260121,3041,0,0,0.0,22
TXSD_CCS_E2_20260121,3051,0,-100,-0.0,22
TXSD_CCS_E2_20260121,3061,0,0,0.0,22
TXSD_CCS_E2_20260121,3071,0,0,0.0,22
TXSD_CCS_E2_20260121,3081,0,0,0.0,22
TXSD_CCS_E2_20260121,3091,0,0,0.0,22
TXSD_CCS_E2_20260121,3101,0,-100,-0.0,22
TXSD_CCS_E2_20260121,3111,0,0,0.0,22
TXSD_CCS_E2_20260121,3121,0,-100,-0.0,22
TXSD_CCS_E2_20260121,3131,0,-100,-0.0,22
TXSD_CCS_E2_20260121,3141,0,-100,-0.0,22
TXSD_CCS_E2_20260121,3151,0,0,0.0,22
TXSD_CCS_E2_20260121,3161,0,-100,-0.0,22
TXSD_CCS_E2_20260121,3171,0,-100,-0.0,22
TXSD_CCS_E2_20260121,3181,0,-100,-0.0,22
TXSD_CCS_E2_20260121,3191,0,-100,-0.0,22
TXSD_CCS_E2_20260121,3201,0,-100,-0.0,22
TXSD_CCS_E2_20260121,3211,0,-100,-0.0,22
TXSD_CCS_E2_20260121,3221,0,-100,-0.0,22
TXSD_CCS_E2_20260121,3231,0,-100,-0.0,22
TXSD_CCS_E2_20260121,3241,0,-100,-0.0,22
TXSD_CCS_E2_20260121,3251,0,0,0.0,22
TXSD_CCS_E2_20260121,3261,0,-100,-0.0,22
TXSD_CCS_E2_20260121,3271,0,-100,-0.0,22
TXSD_CCS_E2_20260121,3281,0,-100,-0.0,22
TXSD_CCS_E2_20260121,3291,0,-100,-0.0,22
TXSD_CCS_E2_20260121,3301,0,0,0.0,22
TXSD_CCS_E2_20260121,3311,0,-100,-0.0,22
TXSD_CCS_E2_20260121,3321,0,-100,-0.0,22
TXSD_CCS_E2_20260121,3331,0,0,0.0,22
TXSD_CCS_E2_20260121,3341,0,-100,-0.0,22
TXSD_CCS_E2_20260121,3351,0,-100,-0.0,22
TXSD_CCS_E2_20260121,3361,0,0,0.0,22
TXSD_CCS_E2_20260121,3371,0,0,0.0,22
TXSD_CCS_E2_20260121,3381,0,0,0.0,22
TXSD_CCS_E2_20260121,3391,0,-100,-0.0,22
TXSD_CCS_E2_20260121,3401,0,-100,-0.0,22
TXSD_CCS_E2_20260121,3411,0,0,0.0,22
TXSD_CCS_E2_20260121,3421,0,0,0.0,22
TXSD_CCS_E2_20260121,3431,0,0,0.0,22
TXSD_CCS_E2_20260121,3441,0,0,0.0,22
TXSD_CCS_E2_20260121,3451,0,-100,-0.0,22
TXSD_CCS_E2_20260121,3461,0,0,0.0,22
TXSD_CCS_E2_20260121,3471,0,-100,-0.0,22
TXSD_CCS_E2_20260121,3481,0,0,0.0,22
TXSD_CCS_E2_20260121,3491,0,0,0.0,22
TXSD_CCS_E2_20260121,3501,0,0,0.0,22
TXSD_CCS_E2_20260121,3511,0,0,0.0,22
TXSD_CCS_E2_20260121,3521,0,-100,-0.0,22
TXSD_CCS_E2_20260121,3531,0,0,0.0,22
TXSD_CCS_E2_20260121,3541,0,-100,-0.0,22
TXSD_CCS_E2_20260121,3551,0,0,0.0,22
TXSD_CCS_E2_20260121,3561,0,0,0.0,22
TXSD_CCS_E2_20260121,3571,0,-100,-0.0,22
TXSD_CCS_E2_20260121,3581,0,0,0.0,22
TXSD_CCS_E2_20260121,3591,0,0,0.0,22
TXSD_CCS_E2_20260121,3601,0,0,0.0,22
TXSD_CCS_E2_20260121,3611,0,0,0.0,22
TXSD_CCS_E2_20260121,3621,0,-100,-0.0,22
TXSD_CCS_E2_20260121,3631,0,-100,-0.0,22
TXSD_CCS_E2_20260121,3641,0,0,0.0,22
TXSD_CCS_E2_20260121,3651,0,0,0.0,22
TXSD_CCS_E2_20260121,3661,0,-100,-0.0,22
TXSD_CCS_E2_20260121,3671,0,-100,-0.0,22
TXSD_CCS_E2_20260121,3681,0,-100,-0.0,22
TXSD_CCS_E2_20260121,3691,0,-100,-0.0,22
TXSD_CCS_E2_20260121,3701,0,0,0.0,22
TXSD_CCS_E2_20260121,3711,0,-100,-0.0,22
TXSD_CCS_E2_20260121,3721,0,-100,-0.0,22
TXSD_CCS_E2_20260121,3731,0,-100,-0.0,22
TXSD_CCS_E2_20260121,3741,0,-100,-0.0,22
TXSD_CCS_E2_20260121,3751,0,-100,-0.0,22
TXSD_CCS_E2_20260121,3761,0,-100,-0.0,22
TXSD_CCS_E2_20260121,3771,0,-100,-0.0,22
TXSD_CCS_E2_20260121,3781,0,-100,-0.0,22
TXSD_CCS_E2_20260121,3791,0,0,0.0,22
TXSD_CCS_E2_20260121,3801,0,0,0.0,22
TXSD_CCS_E2_20260121,3811,0,-100,-0.0,22
TXSD_CCS_E2_20260121,3821,0,0,0.0,22
TXSD_CCS_E2_20260121,3831,0,-100,-0.0,22
TXSD_CCS_E2_20260121,3841,0,0,0.0,22
TXSD_CCS_E2_20260121,3851,0,0,0.0,22
TXSD_CCS_E2_20260121,3861,0,-100,-0.0,22
TXSD_CCS_E2_20260121,3871,0,0,0.0,22
TXSD_CCS_E2_20260121,3881,0,-100,-0.0,22
TXSD_CCS_E2_20260121,3891,0,0,0.0,22
TXSD_CCS_E2_20260121,3901,0,-100,-0.0,22
TXSD_CCS_E2_20260121,3911,0,0,0.0,22
TXSD_CCS_E2_20260121,3921,0,0,0.0,22
TXSD_CCS_E2_20260121,3931,0,-100,-0.0,22
TXSD_CCS_E2_20260121,3941,0,0,0.0,22
TXSD_CCS_E2_20260121,3951,0,0,0.0,22
TXSD_CCS_E2_20260121,3961,0,0,0.0,22
TXSD_CCS_E2_20260121,3971,0,-100,-0.0,22
TXSD_CCS_E2_20260121,3981,0,-100,-0.0,22
TXSD_CCS_E2_20260121,3991,0,0,0.0,22
TXSD_CCS_E2_20260121,4001,0,100,0.0,22
TXSD_CCS_E2_20260121,4011,0,-100,-0.0,22
TXSD_CCS_E2_20260121,4021,0,0,0.0,22
TXSD_CCS_E2_20260121,4031,0,-100,-0.0,22
TXSD_CCS_E2_20260121,4041,0,-100,-0.0,22
TXSD_CCS_E2_20260121,4051,0,0,0.0,22
TXSD_CCS_E2_20260121,4061,0,-100,-0.0,22
TXSD_CCS_E2_20260121,4071,0,0,0.0,22
TXSD_CCS_E2_20260121,4081,0,-100,-0.0,22
TXSD_CCS_E2_20260121,4091,0,0,0.0,22
TXSD_CCS_E2_20260121,4101,0,-100,-0.0,22
TXSD_CCS_E2_20260121,4111,0,-100,-0.0,22
TXSD_CCS_E2_20260121,4121,0,-100,-0.0,22
TXSD_CCS_E2_20260121,4131,0,0,0.0,22
TXSD_CCS_E2_20260121,4141,0,0,0.0,22
TXSD_CCS_E2_20260121,4151,0,-100,-0.0,22
TXSD_CCS_E2_20260121,4161,0,0,0.0,22
TXSD_CCS_E2_20260121,4171,0,-100,-0.0,22
TXSD_CCS_E2_20260121,4181,0,-100,-0.0,22
TXSD_CCS_E2_20260121,4191,0,-100,-0.0,22
TXSD_CCS_E2_20260121,4201,0,0,0.0,22
TXSD_CCS_E2_20260121,4211,0,0,0.0,22
TXSD_CCS_E2_20260121,4221,0,-100,-0.0,22
TXSD_CCS_E2_20260121,4231,0,0,0.0,22
TXSD_CCS_E2_20260121,4241,0,0,0.0,22
TXSD_CCS_E2_20260121,4251,0,-100,-0.0,22
TXSD_CCS_E2_20260121,4261,0,-100,-0.0,22
TXSD_CCS_E2_20260121,4271,0,0,0.0,22
TXSD_CCS_E2_20260121,4281,0,-100,-0.0,22
TXSD_CCS_E2_20260121,4291,0,-100,-0.0,22
TXSD_CCS_E2_20260121,4301,0,0,0.0,22
TXSD_CCS_E2_20260121,4311,0,0,0.0,22
TXSD_CCS_E2_20260121,4321,0,-100,-0.0,22
TXSD_CCS_E2_20260121,4331,0,-100,-0.0,22
TXSD_CCS_E2_20260121,4341,0,0,0.0,22
TXSD_CCS_E2_20260121,4351,0,0,0.0,22
TXSD_CCS_E2_20260121,4361,0,-100,-0.0,22
TXSD_CCS_E2_20260121,4371,0,-100,-0.0,22
TXSD_CCS_E2_20260121,4381,0,0,0.0,22
TXSD_CCS_E2_20260121,4391,0,-100,-0.0,22
TXSD_CCS_E2_20260121,4401,0,-100,-0.0,22
TXSD_CCS_E2_20260121,4411,0,0,0.0,22
TXSD_CCS_E2_20260121,4421,0,0,0.0,22
TXSD_CCS_E2_20260121,4431,0,0,0.0,22
TXSD_CCS_E2_20260121,4441,0,-100,-0.0,22
TXSD_CCS_E2_20260121,4451,0,0,0.0,22
TXSD_CCS_E2_20260121,4461,0,-100,-0.0,22
TXSD_CCS_E2_20260121,4471,0,0,0.0,22
TXSD_CCS_E2_20260121,4481,0,0,0.0,22
TXSD_CCS_E2_20260121,4491,0,0,0.0,22
TXSD_CCS_E2_20260121,4501,0,-100,-0.0,22
TXSD_CCS_E2_20260121,4511,0,-100,-0.0,22
TXSD_CCS_E2_20260121,4521,0,0,0.0,22
TXSD_CCS_E2_20260121,4531,0,0,0.0,22
TXSD_CCS_E2_20260121,4541,0,-100,-0.0,22
TXSD_CCS_E2_20260121,4551,0,-100,-0.0,22
TXSD_CCS_E2_20260121,4561,0,-100,-0.0,22
TXSD_CCS_E2_20260121,4571,0,0,0.0,22
TXSD_CCS_E2_20260121,4581,0,0,0.0,22
TXSD_CCS_E2_20260121,4591,0,0,0.0,22
TXSD_CCS_E2_20260121,4601,0,0,0.0,22
TXSD_CCS_E2_20260121,4611,0,-100,-0.0,22
TXSD_CCS_E2_20260121,4621,0,-100,-0.0,22
TXSD_CCS_E2_20260121,4631,0,0,0.0,22
TXSD_CCS_E2_20260121,4641,0,0,0.0,22
TXSD_CCS_E2_20260121,4651,0,-100,-0.0,22
TXSD_CCS_E2_20260121,4661,0,-100,-0.0,22
TXSD_CCS_E2_20260121,4671,0,-100,-0.0,22
TXSD_CCS_E2_20260121,4681,0,0,0.0,22
TXSD_CCS_E2_20260121,4691,0,-100,-0.0,22
TXSD_CCS_E2_20260121,4701,0,0,0.0,22
TXSD_CCS_E2_20260121,4711,0,0,0.0,22
TXSD_CCS_E2_20260121,4721,0,-100,-0.0,22
TXSD_CCS_E2_20260121,4731,0,-100,-0.0,22
TXSD_CCS_E2_20260121,4741,0,0,0.0,22
TXSD_CCS_E2_20260121,4751,0,0,0.0,22
TXSD_CCS_E2_20260121,4761,0,-100,-0.0,22
TXSD_CCS_E2_20260121,4771,0,-100,-0.0,22
TXSD_CCS_E2_20260121,4781,0,0,0.0,22
TXSD_CCS_E2_20260121,4791,0,-100,-0.0,22
TXSD_CCS_E2_20260121,4801,0,-100,-0.0,22
TXSD_CCS_E2_20260121,4811,0,0,0.0,22
TXSD_CCS_E2_20260121,4821,0,-100,-0.0,22
TXSD_CCS_E2_20260121,4831,0,-100,-0.0,22
TXSD_CCS_E2_20260121,4841,0,100,0.0,22
TXSD_CCS_E2_20260121,4851,0,0,0.0,22
TXSD_CCS_E2_20260121,4861,0,0,0.0,22
TXSD_CCS_E2_20260121,4871,0,0,0.0,22
TXSD_CCS_E2_20260121,4881,0,0,0.0,22
TXSD_CCS_E2_20260121,4891,0,0,0.0,22
TXSD_CCS_E2_20260121,4901,0,-100,-0.0,22
TXSD_CCS_E2_20260121,4911,0,0,0.0,22
TXSD_CCS_E2_20260121,4921,0,-100,-0.0,22
TXSD_CCS_E2_20260121,4931,0,0,0.0,22
TXSD_CCS_E2_20260121,4941,0,-100,-0.0,22
TXSD_CCS_E2_20260121,4951,0,-100,-0.0,22
TXSD_CCS_E2_20260121,4961,0,-100,-0.0,22
TXSD_CCS_E2_20260121,4971,0,-100,-0.0,22
TXSD_CCS_E2_20260121,4981,0,-100,-0.0,22
TXSD_CCS_E2_20260121,4991,0,0,0.0,22
TXSD_CCS_E2_20260121,5001,0,-100,-0.0,22
TXSD_CCS_E2_20260121,5011,0,0,0.0,22
TXSD_CCS_E2_20260121,5021,0,0,0.0,22
TXSD_CCS_E2_20260121,5031,0,0,0.0,22
TXSD_CCS_E2_20260121,5041,0,-100,-0.0,22
TXSD_CCS_E2_20260121,5051,0,0,0.0,22
TXSD_CCS_E2_20260121,5061,0,-100,-0.0,22
TXSD_CCS_E2_20260121,5071,0,-100,-0.0,22
TXSD_CCS_E2_20260121,5081,0,-100,-0.0,22
TXSD_CCS_E2_20260121,5091,0,0,0.0,22
TXSD_CCS_E2_20260121,5101,0,0,0.0,22
TXSD_CCS_E2_20260121,5111,0,0,0.0,22
TXSD_CCS_E2_20260121,5121,0,-100,-0.0,22
TXSD_CCS_E2_20260121,5131,0,-100,-0.0,22
TXSD_CCS_E2_20260121,5141,0,-100,-0.0,22
TXSD_CCS_E2_20260121,5151,0,0,0.0,22
TXSD_CCS_E2_20260121,5161,0,0,0.0,22
TXSD_CCS_E2_20260121,5171,0,0,0.0,22
TXSD_CCS_E2_20260121,5181,0,-100,-0.0,22
TXSD_CCS_E2_20260121,5191,0,0,0.0,22
TXSD_CCS_E2_20260121,5201,0,-100,-0.0,22
TXSD_CCS_E2_20260121,5211,0,-100,-0.0,22
TXSD_CCS_E2_20260121,5221,0,0,0.0,22
TXSD_CCS_E2_20260121,5231,0,-100,-0.0,22
TXSD_CCS_E2_20260121,5241,0,0,0.0,22
TXSD_CCS_E2_20260121,5251,0,-100,-0.0,22
TXSD_CCS_E2_20260121,5261,0,0,0.0,22
TXSD_CCS_E2_20260121,5271,0,0,0.0,22
TXSD_CCS_E2_20260121,5281,0,-100,-0.0,22
TXSD_CCS_E2_20260121,5291,0,0,0.0,22
TXSD_CCS_E2_20260121,5301,0,-100,-0.0,22
TXSD_CCS_E2_20260121,5311,0,-100,-0.0,22
TXSD_CCS_E2_20260121,5321,0,0,0.0,22
TXSD_CCS_E2_20260121,5331,0,0,0.0,22
TXSD_CCS_E2_20260121,5341,0,0,0.0,22
TXSD_CCS_E2_20260121,5351,0,-100,-0.0,22
TXSD_CCS_E2_20260121,5361,0,0,0.0,22
TXSD_CCS_E2_20260121,5371,0,0,0.0,22
TXSD_CCS_E2_20260121,5381,0,-100,-0.0,22
TXSD_CCS_E2_20260121,5391,0,-100,-0.0,22
TXSD_CCS_E2_20260121,5401,0,0,0.0,22
TXSD_CCS_E2_20260121,5411,0,-100,-0.0,22
TXSD_CCS_E2_20260121,5421,0,-100,-0.0,22
TXSD_CCS_E2_20260121,5431,0,0,0.0,22
TXSD_CCS_E2_20260121,5441,0,-100,-0.0,22
TXSD_CCS_E2_20260121,5451,0,0,0.0,22
TXSD_CCS_E2_20260121,5461,0,-100,-0.0,22
TXSD_CCS_E2_20260121,5471,0,0,0.0,22
TXSD_CCS_E2_20260121,5481,0,0,0.0,22
TXSD_CCS_E2_20260121,5491,0,0,0.0,22
TXSD_CCS_E2_20260121,5501,0,-100,-0.0,22
TXSD_CCS_E2_20260121,5511,0,0,0.0,22
TXSD_CCS_E2_20260121,5521,0,-100,-0.0,22
TXSD_CCS_E2_20260121,5531,0,0,0.0,22
TXSD_CCS_E2_20260121,5541,0,-100,-0.0,22
TXSD_CCS_E2_20260121,5551,0,-100,-0.0,22
TXSD_CCS_E2_20260121,5561,0,0,0.0,22
TXSD_CCS_E2_20260121,5571,0,0,0.0,22
TXSD_CCS_E2_20260121,5581,0,0,0.0,22
TXSD_CCS_E2_20260121,5591,0,-100,-0.0,22
TXSD_CCS_E2_20260121,5601,0,0,0.0,22
TXSD_CCS_E2_20260121,5611,0,-100,-0.0,22
TXSD_CCS_E2_20260121,5621,0,0,0.0,22
TXSD_CCS_E2_20260121,5631,0,0,0.0,22
TXSD_CCS_E2_20260121,5641,0,-100,-0.0,22
TXSD_CCS_E2_20260121,5651,0,-100,-0.0,22
TXSD_CCS_E2_20260121,5661,0,0,0.0,22
TXSD_CCS_E2_20260121,5671,0,0,0.0,22
TXSD_CCS_E2_20260121,5681,0,0,0.0,22
TXSD_CCS_E2_20260121,5691,0,-100,-0.0,22
TXSD_CCS_E2_20260121,5701,0,-100,-0.0,22
TXSD_CCS_E2_20260121,5711,0,-100,-0.0,22
TXSD_CCS_E2_20260121,5721,0,0,0.0,22
TXSD_CCS_E2_20260121,5731,0,-100,-0.0,22
TXSD_CCS_E2_20260121,5741,0,-100,-0.0,22
TXSD_CCS_E2_20260121,5751,0,-100,-0.0,22
TXSD_CCS_E2_20260121,5761,0,-100,-0.0,22
TXSD_CCS_E2_20260121,5771,0,0,0.0,22
TXSD_CCS_E2_20260121,5781,0,0,0.0,22
TXSD_CCS_E2_20260121,5791,0,0,0.0,22
TXSD_CCS_E2_20260121,5801,0,0,0.0,22
TXSD_CCS_E2_20260121,5811,0,-100,-0.0,22
TXSD_CCS_E2_20260121,5821,0,0,0.0,22
TXSD_CCS_E2_20260121,5831,0,0,0.0,22
TXSD_CCS_E2_20260121,5841,0,-100,-0.0,22
TXSD_CCS_E2_20260121,5851,0,-100,-0.0,22
TXSD_CCS_E2_20260121,5861,0,0,0.0,22
TXSD_CCS_E2_20260121,5871,0,-100,-0.0,22
TXSD_CCS_E2_20260121,5881,0,0,0.0,22
TXSD_CCS_E2_20260121,5891,0,0,0.0,22
TXSD_CCS_E2_20260121,5901,0,0,0.0,22
TXSD_CCS_E2_20260121,5911,0,0,0.0,22
TXSD_CCS_E2_20260121,5921,0,-100,-0.0,22
TXSD_CCS_E2_20260121,5931,0,0,0.0,22
TXSD_CCS_E2_20260121,5941,0,0,0.0,22
TXSD_CCS_E2_20260121,5951,0,0,0.0,22
TXSD_CCS_E2_20260121,5961,0,-100,-0.0,22
TXSD_CCS_E2_20260121,5971,0,0,0.0,22
TXSD_CCS_E2_20260121,5981,0,0,0.0,22
TXSD_CCS_E2_20260121,5991,0,0,0.0,22
TXSD_CCS_E2_20260121,6001,0,0,0.0,22
TXSD_CCS_E2_20260121,6011,0,-100,-0.0,22
TXSD_CCS_E2_20260121,6021,0,-100,-0.0,22
TXSD_CCS_E2_20260121,6031,0,0,0.0,22
TXSD_CCS_E2_20260121,6041,0,0,0.0,22
TXSD_CCS_E2_20260121,6051,0,0,0.0,22
TXSD_CCS_E2_20260121,6061,0,-100,-0.0,22
TXSD_CCS_E2_20260121,6071,0,-100,-0.0,22
TXSD_CCS_E2_20260121,6081,0,-100,-0.0,22
TXSD_CCS_E2_20260121,6091,0,0,0.0,22
TXSD_CCS_E2_20260121,6101,0,-100,-0.0,22
TXSD_CCS_E2_20260121,6111,0,-100,-0.0,22
TXSD_CCS_E2_20260121,6121,0,-100,-0.0,22
TXSD_CCS_E2_20260121,6131,0,-100,-0.0,22
TXSD_CCS_E2_20260121,6141,0,0,0.0,22
TXSD_CCS_E2_20260121,6151,0,-100,-0.0,22
TXSD_CCS_E2_20260121,6161,0,0,0.0,22
TXSD_CCS_E2_20260121,6171,0,0,0.0,22
TXSD_CCS_E2_20260121,6181,0,-100,-0.0,22
TXSD_CCS_E2_20260121,6191,0,-100,-0.0,22
TXSD_CCS_E2_20260121,6201,0,0,0.0,22
TXSD_CCS_E2_20260121,6211,0,-100,-0.0,22
TXSD_CCS_E2_20260121,6221,0,0,0.0,22
TXSD_CCS_E2_20260121,6231,0,0,0.0,22
TXSD_CCS_E2_20260121,6241,0,0,0.0,22
TXSD_CCS_E2_20260121,6251,0,-200,-0.0,22
TXSD_CCS_E2_20260121,6261,0,0,0.0,22
TXSD_CCS_E2_20260121,6271,0,0,0.0,22
TXSD_CCS_E2_20260121,6281,0,-100,-0.0,22
TXSD_CCS_E2_20260121,6291,0,-100,-0.0,22
TXSD_CCS_E2_20260121,6301,0,0,0.0,22
TXSD_CCS_E2_20260121,6311,0,0,0.0,22
TXSD_CCS_E2_20260121,6321,0,-100,-0.0,22
TXSD_CCS_E2_20260121,6331,0,0,0.0,22
TXSD_CCS_E2_20260121,6341,0,-100,-0.0,22
TXSD_CCS_E2_20260121,6351,0,-100,-0.0,22
TXSD_CCS_E2_20260121,6361,0,0,0.0,22
TXSD_CCS_E2_20260121,6371,0,0,0.0,22
TXSD_CCS_E2_20260121,6381,0,0,0.0,22
TXSD_CCS_E2_20260121,6391,0,-100,-0.0,22
TXSD_CCS_E2_20260121,6401,0,-100,-0.0,22
TXSD_CCS_E2_20260121,6411,0,0,0.0,22
TXSD_CCS_E2_20260121,6421,0,-100,-0.0,22
TXSD_CCS_E2_20260121,6431,0,-100,-0.0,22
TXSD_CCS_E2_20260121,6441,0,-100,-0.0,22
TXSD_CCS_E2_20260121,6451,0,-100,-0.0,22
TXSD_CCS_E2_20260121,6461,0,-100,-0.0,22
TXSD_CCS_E2_20260121,6471,0,-100,-0.0,22
TXSD_CCS_E2_20260121,6481,0,0,0.0,22
TXSD_CCS_E2_20260121,6491,0,-100,-0.0,22
TXSD_CCS_E2_20260121,6501,0,-100,-0.0,22
TXSD_CCS_E2_20260121,6511,0,-100,-0.0,22
TXSD_CCS_E2_20260121,6521,0,-100,-0.0,22
TXSD_CCS_E2_20260121,6531,0,-100,-0.0,22
TXSD_CCS_E2_20260121,6541,0,0,0.0,22
TXSD_CCS_E2_20260121,6551,0,-100,-0.0,22
TXSD_CCS_E2_20260121,6561,0,-100,-0.0,22
TXSD_CCS_E2_20260121,6571,0,-100,-0.0,22
TXSD_CCS_E2_20260121,6581,0,0,0.0,22
TXSD_CCS_E2_20260121,6591,0,0,0.0,22
TXSD_CCS_E2_20260121,6601,0,0,0.0,22
TXSD_CCS_E2_20260121,6611,0,-100,-0.0,22
TXSD_CCS_E2_20260121,6621,0,-100,-0.0,22
TXSD_CCS_E2_20260121,6631,0,-100,-0.0,22
TXSD_CCS_E2_20260121,6641,0,-100,-0.0,22
TXSD_CCS_E2_20260121,6651,0,0,0.0,22
TXSD_CCS_E2_20260121,6661,0,0,0.0,22
TXSD_CCS_E2_20260121,6671,0,-100,-0.0,22
TXSD_CCS_E2_20260121,6681,0,0,0.0,22
TXSD_CCS_E2_20260121,6691,0,0,0.0,22
TXSD_CCS_E2_20260121,6701,0,-100,-0.0,22
TXSD_CCS_E2_20260121,6711,0,0,0.0,22
TXSD_CCS_E2_20260121,6721,0,-100,-0.0,22
TXSD_CCS_E2_20260121,6731,0,0,0.0,22
TXSD_CCS_E2_20260121,6741,0,0,0.0,22
TXSD_CCS_E2_20260121,6751,0,-100,-0.0,22
TXSD_CCS_E2_20260121,6761,0,0,0.0,22
TXSD_CCS_E2_20260121,6771,0,-100,-0.0,22
TXSD_CCS_E2_20260121,6781,0,-100,-0.0,22
TXSD_CCS_E2_20260121,6791,0,-100,-0.0,22
TXSD_CCS_E2_20260121,6801,0,-100,-0.0,22
TXSD_CCS_E2_20260121,6811,0,0,0.0,22
TXSD_CCS_E2_20260121,6821,0,0,0.0,22
TXSD_CCS_E2_20260121,6831,0,-100,-0.0,22
TXSD_CCS_E2_20260121,6841,0,-100,-0.0,22
TXSD_CCS_E2_20260121,6851,0,-100,-0.0,22
TXSD_CCS_E2_20260121,6861,0,0,0.0,22
TXSD_CCS_E2_20260121,6871,0,-100,-0.0,22
TXSD_CCS_E2_20260121,6881,0,-100,-0.0,22
TXSD_CCS_E2_20260121,6891,0,-100,-0.0,22
TXSD_CCS_E2_20260121,6901,0,0,0.0,22
TXSD_CCS_E2_20260121,6911,0,0,0.0,22
TXSD_CCS_E2_20260121,6921,0,0,0.0,22
TXSD_CCS_E2_20260121,6931,0,-100,-0.0,22
TXSD_CCS_E2_20260121,6941,0,0,0.0,22
TXSD_CCS_E2_20260121,6951,0,-100,-0.0,22
TXSD_CCS_E2_20260121,6961,0,-100,-0.0,22
TXSD_CCS_E2_20260121,6971,0,-100,-0.0,22
TXSD_CCS_E2_20260121,6981,0,0,0.0,22
TXSD_CCS_E2_20260121,6991,0,-100,-0.0,22
TXSD_CCS_E2_20260121,7001,0,-100,-0.0,22
TXSD_CCS_E2_20260121,7011,0,0,0.0,22
TXSD_CCS_E2_20260121,7021,0,0,0.0,22
TXSD_CCS_E2_20260121,7031,0,-100,-0.0,22
TXSD_CCS_E2_20260121,7041,0,-100,-0.0,22
TXSD_CCS_E2_20260121,7051,0,-100,-0.0,22
TXSD_CCS_E2_20260121,7061,0,0,0.0,22
TXSD_CCS_E2_20260121,7071,0,-100,-0.0,22
TXSD_CCS_E2_20260121,7081,0,-100,-0.0,22
TXSD_CCS_E2_20260121,7091,0,-100,-0.0,22
TXSD_CCS_E2_20260121,7101,0,0,0.0,22
TXSD_CCS_E2_20260121,7111,0,-100,-0.0,22
TXSD_CCS_E2_20260121,7121,0,-100,-0.0,22
TXSD_CCS_E2_20260121,7131,0,-100,-0.0,22
TXSD_CCS_E2_20260121,7141,0,-100,-0.0,22
TXSD_CCS_E2_20260121,7151,0,-100,-0.0,22
TXSD_CCS_E2_20260121,7161,0,-100,-0.0,22
TXSD_CCS_E2_20260121,7171,0,-100,-0.0,22
TXSD_CCS_E2_20260121,7181,0,-100,-0.0,22
TXSD_CCS_E2_20260121,7191,0,-100,-0.0,22
TXSD_CCS_E2_20260121,7201,0,0,0.0,22
TXSD_CCS_E2_20260121,7211,0,0,0.0,22
TXSD_CCS_E2_20260121,7221,0,0,0.0,22
TXSD_CCS_E2_20260121,7231,0,0,0.0,22
TXSD_CCS_E2_20260121,7241,0,0,0.0,22
TXSD_CCS_E2_20260121,7251,0,0,0.0,22
TXSD_CCS_E2_20260121,7261,0,0,0.0,22
TXSD_CCS_E2_20260121,7271,0,-100,-0.0,22
TXSD_CCS_E2_20260121,7281,0,0,0.0,22
TXSD_CCS_E2_20260121,7291,0,-100,-0.0,22
TXSD_CCS_E2_20260121,7301,0,-100,-0.0,22
TXSD_CCS_E2_20260121,7311,0,-100,-0.0,22
TXSD_CCS_E2_20260121,7321,0,-100,-0.0,22
TXSD_CCS_E2_20260121,7331,0,-100,-0.0,22
TXSD_CCS_E2_20260121,7341,0,0,0.0,22
TXSD_CCS_E2_20260121,7351,0,0,0.0,22
TXSD_CCS_E2_20260121,7361,0,-100,-0.0,22
TXSD_CCS_E2_20260121,7371,0,-100,-0.0,22
TXSD_CCS_E2_20260121,7381,0,-100,-0.0,22
TXSD_CCS_E2_20260121,7391,0,0,0.0,22
TXSD_CCS_E2_20260121,7401,0,-100,-0.0,22
TXSD_CCS_E2_20260121,7411,0,-100,-0.0,22
TXSD_CCS_E2_20260121,7421,0,-100,-0.0,22
TXSD_CCS_E2_20260121,7431,0,0,0.0,22
TXSD_CCS_E2_20260121,7441,0,-200,-0.0,22
TXSD_CCS_E2_20260121,7451,0,-200,-0.0,22
TXSD_CCS_E2_20260121,7461,0,0,0.0,22
TXSD_CCS_E2_20260121,7471,0,0,0.0,22
TXSD_CCS_E2_20260121,7481,0,-100,-0.0,22
TXSD_CCS_E2_20260121,7491,0,-100,-0.0,22
TXSD_CCS_E2_20260121,7501,0,-100,-0.0,22
TXSD_CCS_E2_20260121,7511,0,-100,-0.0,22
TXSD_CCS_E2_20260121,7521,0,0,0.0,22
TXSD_CCS_E2_20260121,7531,0,-100,-0.0,22
TXSD_CCS_E2_20260121,7541,0,0,0.0,22
TXSD_CCS_E2_20260121,7551,0,0,0.0,22
TXSD_CCS_E2_20260121,7561,0,100,0.0,22
TXSD_CCS_E2_20260121,7571,0,-100,-0.0,22
TXSD_CCS_E2_20260121,7581,0,0,0.0,22
TXSD_CCS_E2_20260121,7591,0,0,0.0,22
TXSD_CCS_E2_20260121,7601,0,0,0.0,22
TXSD_CCS_E2_20260121,7611,0,-100,-0.0,22
TXSD_CCS_E2_20260121,7621,0,0,0.0,22
TXSD_CCS_E2_20260121,7631,0,-100,-0.0,22
TXSD_CCS_E2_20260121,7641,0,0,0.0,22
TXSD_CCS_E2_20260121,7651,0,-100,-0.0,22
TXSD_CCS_E2_20260121,7661,0,-100,-0.0,22
TXSD_CCS_E2_20260121,7671,0,-100,-0.0,22
TXSD_CCS_E2_20260121,7681,0,0,0.0,22
TXSD_CCS_E2_20260121,7691,0,0,0.0,22
TXSD_CCS_E2_20260121,7701,0,-100,-0.0,22
TXSD_CCS_E2_20260121,7711,0,-100,-0.0,22
TXSD_CCS_E2_20260121,7721,0,-100,-0.0,22
TXSD_CCS_E2_20260121,7731,0,-100,-0.0,22
TXSD_CCS_E2_20260121,7741,0,0,0.0,22
TXSD_CCS_E2_20260121,7751,0,-100,-0.0,22
TXSD_CCS_E2_20260121,7761,0,0,0.0,22
TXSD_CCS_E2_20260121,7771,0,0,0.0,22
TXSD_CCS_E2_20260121,7781,0,-100,-0.0,22
TXSD_CCS_E2_20260121,7791,0,0,0.0,22
TXSD_CCS_E2_20260121,7801,0,0,0.0,22
TXSD_CCS_E2_20260121,7811,0,0,0.0,22
TXSD_CCS_E2_20260121,7821,0,0,0.0,22
TXSD_CCS_E2_20260121,7831,0,-100,-0.0,22
TXSD_CCS_E2_20260121,7841,0,0,0.0,22
TXSD_CCS_E2_20260121,7851,0,-100,-0.0,22
TXSD_CCS_E2_20260121,7861,0,0,0.0,22
TXSD_CCS_E2_20260121,7871,0,-100,-0.0,22
TXSD_CCS_E2_20260121,7881,0,0,0.0,22
TXSD_CCS_E2_20260121,7891,0,-100,-0.0,22
TXSD_CCS_E2_20260121,7901,0,-100,-0.0,22
TXSD_CCS_E2_20260121,7911,0,-100,-0.0,22
TXSD_CCS_E2_20260121,7921,0,0,0.0,22
TXSD_CCS_E2_20260121,7931,0,-100,-0.0,22
TXSD_CCS_E2_20260121,7941,0,-100,-0.0,22
TXSD_CCS_E2_20260121,7951,0,-100,-0.0,22
TXSD_CCS_E2_20260121,7961,0,0,0.0,22
TXSD_CCS_E2_20260121,7971,0,0,0.0,22
TXSD_CCS_E2_20260121,7981,0,-100,-0.0,22
TXSD_CCS_E2_20260121,7991,0,-100,-0.0,22
TXSD_CCS_E2_20260121,8001,0,0,0.0,22
TXSD_CCS_E2_20260121,8011,0,0,0.0,22
TXSD_CCS_E2_20260121,8021,0,0,0.0,22
TXSD_CCS_E2_20260121,8031,0,-100,-0.0,22
TXSD_CCS_E2_20260121,8041,0,-100,-0.0,22
TXSD_CCS_E2_20260121,8051,0,0,0.0,22
TXSD_CCS_E2_20260121,8061,0,0,0.0,22
TXSD_CCS_E2_20260121,8071,0,-100,-0.0,22
TXSD_CCS_E2_20260121,8081,0,-100,-0.0,22
TXSD_CCS_E2_20260121,8091,0,0,0.0,22
TXSD_CCS_E2_20260121,8101,0,0,0.0,22
TXSD_CCS_E2_20260121,8111,0,0,0.0,22
TXSD_CCS_E2_20260121,8121,0,-100,-0.0,22
TXSD_CCS_E2_20260121,8131,0,0,0.0,22
TXSD_CCS_E2_20260121,8141,0,-100,-0.0,22
TXSD_CCS_E2_20260121,8151,0,-100,-0.0,22
TXSD_CCS_E2_20260121,8161,0,-100,-0.0,22
TXSD_CCS_E2_20260121,8171,0,-100,-0.0,22
TXSD_CCS_E2_20260121,8181,0,0,0.0,22
TXSD_CCS_E2_20260121,8191,0,-100,-0.0,22
TXSD_CCS_E2_20260121,8201,0,0,0.0,22
TXSD_CCS_E2_20260121,8211,0,-100,-0.0,22
TXSD_CCS_E2_20260121,8221,0,-100,-0.0,22
TXSD_CCS_E2_20260121,8231,0,-100,-0.0,22
TXSD_CCS_E2_20260121,8241,0,-100,-0.0,22
TXSD_CCS_E2_20260121,8251,0,0,0.0,22
TXSD_CCS_E2_20260121,8261,0,-100,-0.0,22
TXSD_CCS_E2_20260121,8271,0,0,0.0,22
TXSD_CCS_E2_20260121,8281,0,-100,-0.0,22
TXSD_CCS_E2_20260121,8291,0,-100,-0.0,22
TXSD_CCS_E2_20260121,8301,0,0,0.0,22
TXSD_CCS_E2_20260121,8311,0,0,0.0,22
TXSD_CCS_E2_20260121,8321,0,-100,-0.0,22
TXSD_CCS_E2_20260121,8331,0,0,0.0,22
TXSD_CCS_E2_20260121,8341,0,0,0.0,22
TXSD_CCS_E2_20260121,8351,0,0,0.0,22
TXSD_CCS_E2_20260121,8361,0,0,0.0,22
TXSD_CCS_E2_20260121,8371,0,-100,-0.0,22
TXSD_CCS_E2_20260121,8381,0,0,0.0,22
TXSD_CCS_E2_20260121,8391,0,-100,-0.0,22
TXSD_CCS_E2_20260121,8401,0,-100,-0.0,22
TXSD_CCS_E2_20260121,8411,0,-100,-0.0,22
TXSD_CCS_E2_20260121,8421,0,-100,-0.0,22
TXSD_CCS_E2_20260121,8431,0,-100,-0.0,22
TXSD_CCS_E2_20260121,8441,0,0,0.0,22
TXSD_CCS_E2_20260121,8451,0,0,0.0,22
TXSD_CCS_E2_20260121,8461,0,-100,-0.0,22
TXSD_CCS_E2_20260121,8471,0,-100,-0.0,22
TXSD_CCS_E2_20260121,8481,0,-100,-0.0,22
TXSD_CCS_E2_20260121,8491,0,-100,-0.0,22
TXSD_CCS_E2_20260121,8501,0,-100,-0.0,22
TXSD_CCS_E2_20260121,8511,0,0,0.0,22
TXSD_CCS_E2_20260121,8521,0,0,0.0,22
TXSD_CCS_E2_20260121,8531,0,-100,-0.0,22
TXSD_CCS_E2_20260121,8541,0,-100,-0.0,22
TXSD_CCS_E2_20260121,8551,0,-100,-0.0,22
TXSD_CCS_E2_20260121,8561,0,-100,-0.0,22
TXSD_CCS_E2_20260121,8571,0,0,0.0,22
TXSD_CCS_E2_20260121,8581,0,0,0.0,22
TXSD_CCS_E2_20260121,8591,0,0,0.0,22
TXSD_CCS_E2_20260121,8601,0,0,0.0,22
TXSD_CCS_E2_20260121,8611,0,-100,-0.0,22
TXSD_CCS_E2_20260121,8621,0,-100,-0.0,22
TXSD_CCS_E2_20260121,8631,0,-100,-0.0,22
TXSD_CCS_E2_20260121,8641,0,0,0.0,22
TXSD_CCS_E2_20260121,8651,0,-100,-0.0,22
TXSD_CCS_E2_20260121,8661,0,0,0.0,22
TXSD_CCS_E2_20260121,8671,0,-100,-0.0,22
TXSD_CCS_E2_20260121,8681,0,-100,-0.0,22
TXSD_CCS_E2_20260121,8691,0,0,0.0,22
TXSD_CCS_E2_20260121,8701,0,-100,-0.0,22
TXSD_CCS_E2_20260121,8711,0,-100,-0.0,22
TXSD_CCS_E2_20260121,8721,0,0,0.0,22
TXSD_CCS_E2_20260121,8731,0,-100,-0.0,22
TXSD_CCS_E2_20260121,8741,0,-100,-0.0,22
TXSD_CCS_E2_20260121,8751,0,-100,-0.0,22
TXSD_CCS_E2_20260121,8761,0,0,0.0,22
TXSD_CCS_E2_20260121,8771,0,0,0.0,22
TXSD_CCS_E2_20260121,8781,0,-100,-0.0,22
TXSD_CCS_E2_20260121,8791,0,-100,-0.0,22
TXSD_CCS_E2_20260121,8801,0,-100,-0.0,22
TXSD_CCS_E2_20260121,8811,0,-100,-0.0,22
TXSD_CCS_E2_20260121,8821,0,-100,-0.0,22
TXSD_CCS_E2_20260121,8831,0,0,0.0,22
TXSD_CCS_E2_20260121,8841,0,0,0.0,22
TXSD_CCS_E2_20260121,8851,0,-100,-0.0,22
TXSD_CCS_E2_20260121,8861,0,0,0.0,22
TXSD_CCS_E2_20260121,8871,0,0,0.0,22
TXSD_CCS_E2_20260121,8881,0,-100,-0.0,22
TXSD_CCS_E2_20260121,8891,0,0,0.0,22
TXSD_CCS_E2_20260121,8901,0,0,0.0,22
TXSD_CCS_E2_20260121,8911,0,0,0.0,22
TXSD_CCS_E2_20260121,8921,0,0,0.0,22
TXSD_CCS_E2_20260121,8931,0,0,0.0,22
TXSD_CCS_E2_20260121,8941,0,0,0.0,22
TXSD_CCS_E2_20260121,8951,0,-100,-0.0,22
TXSD_CCS_E2_20260121,8961,0,-100,-0.0,22
TXSD_CCS_E2_20260121,8971,0,-100,-0.0,22
TXSD_CCS_E2_20260121,8981,0,0,0.0,22
TXSD_CCS_E2_20260121,8991,0,0,0.0,22
TXSD_CCS_E2_20260121,9001,0,0,0.0,22
TXSD_CCS_E2_20260121,9011,0,-100,-0.0,22
TXSD_CCS_E2_20260121,9021,0,0,0.0,22
TXSD_CCS_E2_20260121,9031,0,-100,-0.0,22
TXSD_CCS_E2_20260121,9041,0,0,0.0,22
TXSD_CCS_E2_20260121,9051,0,-100,-0.0,22
TXSD_CCS_E2_20260121,9061,0,0,0.0,22
TXSD_CCS_E2_20260121,9071,0,0,0.0,22
TXSD_CCS_E2_20260121,9081,0,-100,-0.0,22
TXSD_CCS_E2_20260121,9091,0,0,0.0,22
TXSD_CCS_E2_20260121,9101,0,0,0.0,22
TXSD_CCS_E2_20260121,9111,0,-100,-0.0,22
TXSD_CCS_E2_20260121,9121,0,0,0.0,22
TXSD_CCS_E2_20260121,9131,0,-100,-0.0,22
TXSD_CCS_E2_20260121,9141,0,-100,-0.0,22
TXSD_CCS_E2_20260121,9151,0,-100,-0.0,22
TXSD_CCS_E2_20260121,9161,0,0,0.0,22
TXSD_CCS_E2_20260121,9171,0,-100,-0.0,22
TXSD_CCS_E2_20260121,9181,0,0,0.0,22
TXSD_CCS_E2_20260121,9191,0,-100,-0.0,22
TXSD_CCS_E2_20260121,9201,0,-100,-0.0,22
TXSD_CCS_E2_20260121,9211,0,-100,-0.0,22
TXSD_CCS_E2_20260121,9221,0,-100,-0.0,22
TXSD_CCS_E2_20260121,9231,0,0,0.0,22
TXSD_CCS_E2_20260121,9241,0,-100,-0.0,22
TXSD_CCS_E2_20260121,9251,0,-100,-0.0,22
TXSD_CCS_E2_20260121,9261,0,0,0.0,22
TXSD_CCS_E2_20260121,9271,0,-100,-0.0,22
TXSD_CCS_E2_20260121,9281,0,-100,-0.0,22
TXSD_CCS_E2_20260121,9291,0,0,0.0,22
TXSD_CCS_E2_20260121,9301,0,-100,-0.0,22
TXSD_CCS_E2_20260121,9311,0,-100,-0.0,22
TXSD_CCS_E2_20260121,9321,0,0,0.0,22
TXSD_CCS_E2_20260121,9331,0,-100,-0.0,22
TXSD_CCS_E2_20260121,9341,0,0,0.0,22
TXSD_CCS_E2_20260121,9351,0,0,0.0,22
TXSD_CCS_E2_20260121,9361,0,0,0.0,22
TXSD_CCS_E2_20260121,9371,0,-100,-0.0,22
TXSD_CCS_E2_20260121,9381,0,-100,-0.0,22
TXSD_CCS_E2_20260121,9391,0,0,0.0,22
TXSD_CCS_E2_20260121,9401,0,0,0.0,22
TXSD_CCS_E2_20260121,9411,0,-100,-0.0,22
TXSD_CCS_E2_20260121,9421,0,0,0.0,22
TXSD_CCS_E2_20260121,9431,0,-100,-0.0,22
TXSD_CCS_E2_20260121,9441,0,0,0.0,22
TXSD_CCS_E2_20260121,9451,0,0,0.0,22
TXSD_CCS_E2_20260121,9461,0,0,0.0,22
TXSD_CCS_E2_20260121,9471,0,-100,-0.0,22
TXSD_CCS_E2_20260121,9481,0,0,0.0,22
TXSD_CCS_E2_20260121,9491,0,0,0.0,22
TXSD_CCS_E2_20260121,9501,0,0,0.0,22
TXSD_CCS_E2_20260121,9511,0,0,0.0,22
TXSD_CCS_E2_20260121,9521,0,0,0.0,22
TXSD_CCS_E2_20260121,9531,0,-100,-0.0,22
TXSD_CCS_E2_20260121,9541,0,-100,-0.0,22
TXSD_CCS_E2_20260121,9551,0,-100,-0.0,22
TXSD_CCS_E2_20260121,9561,0,-100,-0.0,22
TXSD_CCS_E2_20260121,9571,0,0,0.0,22
TXSD_CCS_E2_20260121,9581,0,0,0.0,22
TXSD_CCS_E2_20260121,9591,0,-100,-0.0,22
TXSD_CCS_E2_20260121,9601,0,0,0.0,22
TXSD_CCS_E2_20260121,9611,0,0,0.0,22
TXSD_CCS_E2_20260121,9621,0,-100,-0.0,22
TXSD_CCS_E2_20260121,9631,0,0,0.0,22
TXSD_CCS_E2_20260121,9641,0,-100,-0.0,22
TXSD_CCS_E2_20260121,9651,0,0,0.0,22
TXSD_CCS_E2_20260121,9661,0,0,0.0,22
TXSD_CCS_E2_20260121,9671,0,0,0.0,22
TXSD_CCS_E2_20260121,9681,0,0,0.0,22
TXSD_CCS_E2_20260121,9691,0,-100,-0.0,22
TXSD_CCS_E2_20260121,9701,0,0,0.0,22
TXSD_CCS_E2_20260121,9711,0,0,0.0,22
TXSD_CCS_E2_20260121,9721,0,0,0.0,22
TXSD_CCS_E2_20260121,9731,0,-100,-0.0,22
TXSD_CCS_E2_20260121,9741,0,0,0.0,22
TXSD_CCS_E2_20260121,9751,0,0,0.0,22
TXSD_CCS_E2_20260121,9761,0,0,0.0,22
# summary, ms_total=9762, adv_count=19, E_total_mJ=576.572, E_per_adv_uJ=30345.9
# diag, samples=976, rate_hz=99.98, mean_v=0.957, mean_i_mA=12.171, mean_p_mW=59.1, parse_drop=0
