subject_id,alpha,W,n_windows,ccs_mean,ccs_std,s_mean,s_std,switches,switch_rate,share_100,share_500,share_2000
01_ccs,0.6,3,694,0.8579100576368877,0.17561885910212197,0.9567723342939481,0.13529330944444382,79,0.1138328530259366,0.30403458213256485,0.10951008645533142,0.5864553314121037
02_ccs,0.6,3,704,0.8788569981060607,0.14745350200247598,0.9441287878787878,0.15191412905191362,70,0.09943181818181818,0.24147727272727273,0.16193181818181818,0.5965909090909091
03_ccs,0.6,3,698,0.9113524928366763,0.12384231193780385,0.9742120343839542,0.10542612971573354,82,0.1174785100286533,0.17908309455587393,0.12464183381088825,0.6962750716332379
04_ccs,0.6,3,697,0.8947111716881874,0.1485324251777057,0.9780009564801532,0.09695189700185895,55,0.07890961262553801,0.2568149210903874,0.0703012912482066,0.672883787661406
05_ccs,0.6,3,669,0.9354437169905332,0.1017554796202854,0.9920279023418038,0.05708023315045216,42,0.06278026905829596,0.11958146487294469,0.11958146487294469,0.7608370702541106
06_ccs,0.6,3,634,0.9122341430073607,0.12660949847272704,0.9915878023133545,0.05228097957794344,23,0.03627760252365931,0.24290220820189273,0.04100946372239748,0.7160883280757098
07_ccs,0.6,3,670,0.8974406467661692,0.12591831012810914,0.9930348258706468,0.05103808399296382,45,0.06716417910447761,0.23582089552238805,0.12985074626865672,0.6343283582089553
08_ccs,0.6,3,659,0.885672736469398,0.17691725091237057,0.9534648457258473,0.1318815099334975,33,0.05007587253414264,0.23520485584218512,0.05007587253414264,0.7147192716236722
09_ccs,0.6,3,677,0.9122813983259478,0.11975556366752438,0.9950763170851799,0.0402117518249048,29,0.04283604135893648,0.19793205317577547,0.09748892171344166,0.7045790251107829
10_ccs,0.6,3,666,0.87830995995996,0.13168211615203995,0.962962962962963,0.12772082408597862,60,0.09009009009009009,0.28378378378378377,0.14114114114114115,0.575075075075075
01_ccs,0.6,5,694,0.8544518443804033,0.1778771863391739,0.9481268011527377,0.1326550250815729,72,0.1037463976945245,0.30979827089337175,0.11239193083573487,0.5778097982708934
02_ccs,0.6,5,704,0.8743873011363636,0.15209138143724274,0.9329545454545454,0.15464151426406914,58,0.08238636363636363,0.26136363636363635,0.1590909090909091,0.5795454545454546
03_ccs,0.6,5,698,0.9092894555873925,0.12498037537636261,0.9690544412607449,0.10470025390587306,82,0.1174785100286533,0.17478510028653296,0.1346704871060172,0.6905444126074498
04_ccs,0.6,5,697,0.8929512482065998,0.15037620939148832,0.9736011477761836,0.0921157427936106,57,0.08177905308464849,0.26398852223816355,0.058823529411764705,0.6771879483500718
05_ccs,0.6,5,669,0.9348059491778774,0.10034499784448636,0.9904334828101644,0.05039120931334515,41,0.061285500747384154,0.12556053811659193,0.11659192825112108,0.757847533632287
06_ccs,0.6,5,634,0.911561167192429,0.1262962715501549,0.9899053627760253,0.04921135646687697,19,0.02996845425867508,0.2444794952681388,0.031545741324921134,0.7239747634069401
07_ccs,0.6,5,670,0.896883432835821,0.125523397543654,0.9916417910447761,0.04427178660647739,44,0.06567164179104477,0.23880597014925373,0.12388059701492538,0.6373134328358209
08_ccs,0.6,5,659,0.8819499241274658,0.17892888361821918,0.9441578148710166,0.1318998998945424,34,0.051593323216995446,0.24279210925644917,0.051593323216995446,0.7056145675265554
09_ccs,0.6,5,677,0.9118875036927622,0.11950308219161451,0.9940915805022157,0.033864058802734645,28,0.0413589364844904,0.19793205317577547,0.09453471196454949,0.707533234859675
10_ccs,0.6,5,666,0.8753469969969969,0.13365511569125005,0.9555555555555555,0.1388738730621637,52,0.07807807807807808,0.3003003003003003,0.12312312312312312,0.5765765765765766
01_ccs,0.6,7,694,0.8529697529847675,0.17596546134065594,0.9444215726636475,0.12751692032414874,72,0.1037463976945245,0.31412103746397696,0.12103746397694524,0.5648414985590778
02_ccs,0.6,7,704,0.8724717167207792,0.15238483825745108,0.9281655844155844,0.15715709039195624,56,0.07954545454545454,0.26988636363636365,0.15625,0.5738636363636364
03_ccs,0.6,7,698,0.9084052967662711,0.12266961863202527,0.9668440442079411,0.09946955185898165,74,0.10601719197707736,0.18051575931232092,0.15472779369627507,0.664756446991404
04_ccs,0.6,7,697,0.8921969952859192,0.14840311649925333,0.9717155154744824,0.08635362908552002,50,0.07173601147776183,0.27546628407460544,0.05308464849354376,0.6714490674318508
05_ccs,0.6,7,669,0.9345326201153108,0.09953452530548994,0.9897501601537475,0.044376943709126385,41,0.061285500747384154,0.12705530642750373,0.11958146487294469,0.7533632286995515
06_ccs,0.6,7,634,0.9112727489860297,0.1253454585509261,0.989184317260027,0.04408118705953124,18,0.028391167192429023,0.2444794952681388,0.031545741324921134,0.7239747634069401
07_ccs,0.6,7,670,0.8966446268656716,0.1246488934018452,0.991044776119403,0.038777843083357744,42,0.0626865671641791,0.2462686567164179,0.11641791044776119,0.6373134328358209
08_ccs,0.6,7,659,0.8803544331237807,0.1780045139467798,0.9401690873618036,0.12523016829313274,28,0.042488619119878605,0.2549317147192716,0.04704097116843703,0.6980273141122914
09_ccs,0.6,7,677,0.9117186917071112,0.11931365919420457,0.9936695505380881,0.029398560045356584,29,0.04283604135893648,0.19497784342688332,0.09748892171344166,0.707533234859675
10_ccs,0.6,7,666,0.8740771557271557,0.1346105755346438,0.9523809523809524,0.14285714285714282,54,0.08108108108108109,0.2987987987987988,0.13213213213213212,0.5690690690690691
01_ccs,0.7,3,694,0.8414330115273776,0.19339432302003434,0.9567723342939481,0.13529330944444382,85,0.12247838616714697,0.3170028818443804,0.10662824207492795,0.5763688760806917
02_ccs,0.7,3,704,0.8679783664772728,0.15572583084863081,0.9441287878787878,0.15191412905191362,68,0.09659090909090909,0.2727272727272727,0.15056818181818182,0.5767045454545454
03_ccs,0.7,3,698,0.9008759025787967,0.13832861572532035,0.9742120343839542,0.10542612971573354,84,0.12034383954154727,0.1833810888252149,0.13753581661891118,0.6790830945558739
04_ccs,0.7,3,697,0.8808295408895267,0.16581476051160068,0.9780009564801532,0.09695189700185895,55,0.07890961262553801,0.27116212338593976,0.06025824964131994,0.6685796269727403
05_ccs,0.7,3,669,0.926013019431988,0.11582444223343241,0.9920279023418038,0.05708023315045216,49,0.07324364723467862,0.14947683109118087,0.09865470852017937,0.7518684603886397
06_ccs,0.7,3,634,0.8990085331230285,0.1448762294103616,0.9915878023133545,0.05228097957794344,18,0.028391167192429023,0.2476340694006309,0.031545741324921134,0.7208201892744479
07_ccs,0.7,3,670,0.8815082835820895,0.14481148152677426,0.9930348258706468,0.05103808399296382,52,0.07761194029850746,0.27313432835820894,0.1044776119402985,0.6223880597014926
08_ccs,0.7,3,659,0.8743740515933232,0.19238051100617187,0.9534648457258473,0.1318815099334975,30,0.04552352048558422,0.2488619119878604,0.042488619119878605,0.708649468892261
09_ccs,0.7,3,677,0.8984822451994091,0.13878936427559063,0.9950763170851799,0.0402117518249048,39,0.05760709010339734,0.21418020679468242,0.0915805022156573,0.6942392909896603
10_ccs,0.7,3,666,0.8642011261261261,0.14253647683211065,0.962962962962963,0.12772082408597862,72,0.10810810810810811,0.31681681681681684,0.13513513513513514,0.5480480480480481
01_ccs,0.7,5,694,0.8388393515850145,0.1952824400722917,0.9481268011527377,0.1326550250815729,85,0.12247838616714697,0.3242074927953891,0.1037463976945245,0.5720461095100865
02_ccs,0.7,5,704,0.86462609375,0.15945007384739612,0.9329545454545454,0.15464151426406914,63,0.08948863636363637,0.2741477272727273,0.1590909090909091,0.5667613636363636
03_ccs,0.7,5,698,0.8993286246418337,0.13924873864475124,0.9690544412607449,0.10470025390587306,85,0.12177650429799428,0.19054441260744986,0.1303724928366762,0.6790830945558739
04_ccs,0.7,5,697,0.8795095982783357,0.1673991799880476,0.9736011477761836,0.0921157427936106,56,0.08034433285509325,0.27546628407460544,0.054519368723098996,0.6700143472022956
05_ccs,0.7,5,669,0.9255346935724963,0.1148991675792599,0.9904334828101644,0.05039120931334515,49,0.07324364723467862,0.15246636771300448,0.09566517189835576,0.7518684603886397
06_ccs,0.7,5,634,0.8985038012618297,0.144690650095783,0.9899053627760253,0.04921135646687697,17,0.026813880126182965,0.2476340694006309,0.028391167192429023,0.7239747634069401
07_ccs,0.7,5,670,0.8810903731343283,0.1446226974600012,0.9916417910447761,0.04427178660647739,51,0.07611940298507462,0.27313432835820894,0.10149253731343283,0.6253731343283582
08_ccs,0.7,5,659,0.8715819423368739,0.1940009567648208,0.9441578148710166,0.1318998998945424,32,0.048558421851289835,0.2488619119878604,0.042488619119878605,0.708649468892261
09_ccs,0.7,5,677,0.89818682422452,0.138683599723642,0.9940915805022157,0.033864058802734645,38,0.056129985228951254,0.21418020679468242,0.08862629246676514,0.6971935007385525
10_ccs,0.7,5,666,0.8619789039039041,0.14361772696519196,0.9555555555555555,0.1388738730621637,66,0.0990990990990991,0.3303303303303303,0.11861861861861862,0.551051051051051
01_ccs,0.7,7,694,0.8377277830382874,0.19393343530806562,0.9444215726636475,0.12751692032414874,79,0.1138328530259366,0.3227665706051873,0.12680115273775217,0.5504322766570605
02_ccs,0.7,7,704,0.8631894054383117,0.15957220995199664,0.9281655844155844,0.15715709039195624,60,0.08522727272727272,0.27982954545454547,0.15198863636363635,0.5681818181818182
03_ccs,0.7,7,698,0.8986655055259927,0.13763314373016,0.9668440442079411,0.09946955185898165,90,0.12893982808022922,0.18911174785100288,0.1346704871060172,0.6762177650429799
04_ccs,0.7,7,697,0.8789439085878256,0.16600624704405145,0.9717155154744824,0.08635362908552002,53,0.07604017216642754,0.2783357245337159,0.05164992826398852,0.6700143472022956
05_ccs,0.7,7,669,0.9253296967755713,0.11440528613669303,0.9897501601537475,0.044376943709126385,49,0.07324364723467862,0.15246636771300448,0.10014947683109118,0.7473841554559043
06_ccs,0.7,7,634,0.8982874876070303,0.14404845835053035,0.989184317260027,0.04408118705953124,17,0.026813880126182965,0.2476340694006309,0.028391167192429023,0.7239747634069401
07_ccs,0.7,7,670,0.8809112686567163,0.1440385660260498,0.991044776119403,0.038777843083357744,49,0.07313432835820896,0.28059701492537314,0.09402985074626866,0.6253731343283582
08_ccs,0.7,7,659,0.8703853240841103,0.1934771938659316,0.9401690873618036,0.12523016829313274,26,0.03945371775417299,0.25796661608497723,0.03945371775417299,0.7025796661608498
09_ccs,0.7,7,677,0.8980602152352818,0.1385917857576279,0.9936695505380881,0.029398560045356584,38,0.056129985228951254,0.21122599704579026,0.0915805022156573,0.6971935007385525
10_ccs,0.7,7,666,0.861026522951523,0.14420200561974927,0.9523809523809524,0.14285714285714282,64,0.0960960960960961,0.33183183183183185,0.12162162162162163,0.5465465465465466
01_ccs,0.8,3,694,0.8249559654178675,0.21269184250384376,0.9567723342939481,0.13529330944444382,80,0.11527377521613832,0.3270893371757925,0.13256484149855907,0.5403458213256485
02_ccs,0.8,3,704,0.8570997348484849,0.16594786421891242,0.9441287878787878,0.15191412905191362,71,0.10085227272727272,0.3565340909090909,0.06960227272727272,0.5738636363636364
03_ccs,0.8,3,698,0.890399312320917,0.1543267472208654,0.9742120343839542,0.10542612971573354,92,0.1318051575931232,0.2034383954154728,0.10888252148997135,0.6876790830945558
04_ccs,0.8,3,697,0.8669479100908656,0.1840554605449147,0.9780009564801532,0.09695189700185895,57,0.08177905308464849,0.28694404591104733,0.04591104734576758,0.667144906743185
05_ccs,0.8,3,669,0.916582321873443,0.1304343745585904,0.9920279023418038,0.05708023315045216,47,0.07025411061285501,0.17189835575485798,0.07922272047832586,0.7488789237668162
06_ccs,0.8,3,634,0.8857829232386961,0.16349925391398945,0.9915878023133545,0.05228097957794344,19,0.02996845425867508,0.2586750788643533,0.02050473186119874,0.7208201892744479
07_ccs,0.8,3,670,0.8655759203980098,0.16406018518739304,0.9930348258706468,0.05103808399296382,57,0.08507462686567165,0.3044776119402985,0.08656716417910448,0.608955223880597
08_ccs,0.8,3,659,0.8630753667172484,0.20902190345593652,0.9534648457258473,0.1318815099334975,31,0.04704097116843703,0.24582701062215478,0.04400606980273141,0.7101669195751138
09_ccs,0.8,3,677,0.8846830920728705,0.15806227384781438,0.9950763170851799,0.0402117518249048,39,0.05760709010339734,0.2511078286558346,0.056129985228951254,0.6927621861152142
10_ccs,0.8,3,666,0.8500922922922923,0.15522436048315588,0.962962962962963,0.12772082408597862,71,0.1066066066066066,0.35135135135135137,0.11411411411411411,0.5345345345345346
01_ccs,0.8,5,694,0.8232268587896253,0.21404942099000374,0.9481268011527377,0.1326550250815729,78,0.11239193083573487,0.3314121037463977,0.13544668587896252,0.5331412103746398
02_ccs,0.8,5,704,0.8548648863636363,0.1685500597846117,0.9329545454545454,0.15464151426406914,65,0.09232954545454546,0.359375,0.07244318181818182,0.5681818181818182
03_ccs,0.8,5,698,0.889367793696275,0.1549699883432573,0.9690544412607449,0.10470025390587306,92,0.1318051575931232,0.20916905444126074,0.10601719197707736,0.6848137535816619
04_ccs,0.8,5,697,0.8660679483500717,0.18521551029825953,0.9736011477761836,0.0921157427936106,56,0.08034433285509325,0.28694404591104733,0.04591104734576758,0.667144906743185
05_ccs,0.8,5,669,0.9162634379671153,0.12988845974767863,0.9904334828101644,0.05039120931334515,50,0.07473841554559044,0.17488789237668162,0.08071748878923767,0.7443946188340808
06_ccs,0.8,5,634,0.8854464353312304,0.16340123718755153,0.9899053627760253,0.04921135646687697,19,0.02996845425867508,0.2586750788643533,0.02050473186119874,0.7208201892744479
07_ccs,0.8,5,670,0.8652973134328358,0.16398944792028625,0.9916417910447761,0.04427178660647739,57,0.08507462686567165,0.3044776119402985,0.08656716417910448,0.608955223880597
08_ccs,0.8,5,659,0.8612139605462822,0.2101595914473898,0.9441578148710166,0.1318998998945424,31,0.04704097116843703,0.2503793626707132,0.0409711684370258,0.708649468892261
09_ccs,0.8,5,677,0.8844861447562776,0.15803403915086303,0.9940915805022157,0.033864058802734645,39,0.05760709010339734,0.24372230428360414,0.06351550960118169,0.6927621861152142
10_ccs,0.8,5,666,0.8486108108108108,0.1557092996491876,0.9555555555555555,0.1388738730621637,72,0.10810810810810811,0.35585585585585583,0.11261261261261261,0.5315315315315315
01_ccs,0.8,7,694,0.8224858130918072,0.21320250338612537,0.9444215726636475,0.12751692032414874,76,0.10951008645533142,0.3227665706051873,0.15994236311239193,0.5172910662824207
02_ccs,0.8,7,704,0.8539070941558442,0.16857164508638814,0.9281655844155844,0.15715709039195624,65,0.09232954545454546,0.3622159090909091,0.06960227272727272,0.5681818181818182
03_ccs,0.8,7,698,0.8889257142857143,0.1539655419866552,0.9668440442079411,0.09946955185898165,91,0.1303724928366762,0.2134670487106017,0.11031518624641834,0.6762177650429799
04_ccs,0.8,7,697,0.8656908218897316,0.1843375429291298,0.9717155154744824,0.08635362908552002,55,0.07890961262553801,0.28694404591104733,0.04591104734576758,0.667144906743185
05_ccs,0.8,7,669,0.9161267734358317,0.12961871568341143,0.9897501601537475,0.044376943709126385,47,0.07025411061285501,0.17787742899850523,0.07473841554559044,0.7473841554559043
06_ccs,0.8,7,634,0.8853022262280308,0.1630103123502282,0.989184317260027,0.04408118705953124,19,0.02996845425867508,0.2586750788643533,0.02050473186119874,0.7208201892744479
07_ccs,0.8,7,670,0.8651779104477613,0.16363711648383436,0.991044776119403,0.038777843083357744,57,0.08507462686567165,0.30597014925373134,0.08507462686567165,0.608955223880597
08_ccs,0.8,7,659,0.8604162150444397,0.20990814064365423,0.9401690873618036,0.12523016829313274,27,0.0409711684370258,0.2564491654021244,0.036418816388467376,0.7071320182094082
09_ccs,0.8,7,677,0.8844017387634524,0.15799820426638875,0.9936695505380881,0.029398560045356584,37,0.05465288035450517,0.25406203840472674,0.053175775480059084,0.6927621861152142
10_ccs,0.8,7,666,0.8479758901758901,0.15601746702764901,0.9523809523809524,0.14285714285714282,70,0.10510510510510511,0.36186186186186187,0.10810810810810811,0.53003003003003
