ms,event,rssi,addr,mfd
# meta, firmware=RX_CCS_E2, program_id=RX_CCS_E2_20260121, trial_index=3, scan_interval_ms=100, scan_window_ms=90, active_scan=0, dup_filter=0, buf_size=512, build=Jan 22 2026 00:57:13
101,ADV,-42,e0:5a:1b:15:b2:ee,MF0000
202,ADV,-41,e0:5a:1b:15:b2:ee,MF0000
318,ADV,-40,e0:5a:1b:15:b2:ee,MF0000
421,ADV,-42,e0:5a:1b:15:b2:ee,MF0000
529,ADV,-41,e0:5a:1b:15:b2:ee,MF0000
625,ADV,-40,e0:5a:1b:15:b2:ee,MF0001
735,ADV,-43,e0:5a:1b:15:b2:ee,MF0002
843,ADV,-42,e0:5a:1b:15:b2:ee,MF0003
941,ADV,-40,e0:5a:1b:15:b2:ee,MF0004
1054,ADV,-42,e0:5a:1b:15:b2:ee,MF0005
1152,ADV,-41,e0:5a:1b:15:b2:ee,MF0006
1255,ADV,-37,e0:5a:1b:15:b2:ee,MF0007
1364,ADV,-42,e0:5a:1b:15:b2:ee,MF0009
1469,ADV,-41,e0:5a:1b:15:b2:ee,MF000A
1593,ADV,-43,e0:5a:1b:15:b2:ee,MF000B
1682,ADV,-41,e0:5a:1b:15:b2:ee,MF000C
1790,ADV,-40,e0:5a:1b:15:b2:ee,MF000D
1892,ADV,-43,e0:5a:1b:15:b2:ee,MF000E
2004,ADV,-40,e0:5a:1b:15:b2:ee,MF000F
2110,ADV,-39,e0:5a:1b:15:b2:ee,MF0010
2217,ADV,-42,e0:5a:1b:15:b2:ee,MF0011
2343,ADV,-40,e0:5a:1b:15:b2:ee,MF0012
2431,ADV,-39,e0:5a:1b:15:b2:ee,MF0013
2544,ADV,-42,e0:5a:1b:15:b2:ee,MF0014
2644,ADV,-40,e0:5a:1b:15:b2:ee,MF0015
2744,ADV,-40,e0:5a:1b:15:b2:ee,MF0016
2850,ADV,-42,e0:5a:1b:15:b2:ee,MF0017
2957,ADV,-40,e0:5a:1b:15:b2:ee,MF0018
3064,ADV,-40,e0:5a:1b:15:b2:ee,MF0019
3397,ADV,-42,e0:5a:1b:15:b2:ee,MF001D
3484,ADV,-41,e0:5a:1b:15:b2:ee,MF001E
3592,ADV,-40,e0:5a:1b:15:b2:ee,MF001F
3696,ADV,-42,e0:5a:1b:15:b2:ee,MF0020
3799,ADV,-40,e0:5a:1b:15:b2:ee,MF0021
3914,ADV,-40,e0:5a:1b:15:b2:ee,MF0022
4022,ADV,-42,e0:5a:1b:15:b2:ee,MF0023
4118,ADV,-40,e0:5a:1b:15:b2:ee,MF0024
4222,ADV,-40,e0:5a:1b:15:b2:ee,MF0025
4323,ADV,-42,e0:5a:1b:15:b2:ee,MF0026
4442,ADV,-41,e0:5a:1b:15:b2:ee,MF0027
4535,ADV,-40,e0:5a:1b:15:b2:ee,MF0028
4650,ADV,-43,e0:5a:1b:15:b2:ee,MF0029
4754,ADV,-38,e0:5a:1b:15:b2:ee,MF002A
4856,ADV,-40,e0:5a:1b:15:b2:ee,MF002B
4965,ADV,-43,e0:5a:1b:15:b2:ee,MF002D
5065,ADV,-41,e0:5a:1b:15:b2:ee,MF002E
5382,ADV,-40,e0:5a:1b:15:b2:ee,MF0031
5490,ADV,-43,e0:5a:1b:15:b2:ee,MF0032
5590,ADV,-40,e0:5a:1b:15:b2:ee,MF0033
5708,ADV,-40,e0:5a:1b:15:b2:ee,MF0034
5818,ADV,-42,e0:5a:1b:15:b2:ee,MF0035
5909,ADV,-41,e0:5a:1b:15:b2:ee,MF0036
6018,ADV,-40,e0:5a:1b:15:b2:ee,MF0037
6126,ADV,-42,e0:5a:1b:15:b2:ee,MF0038
6221,ADV,-40,e0:5a:1b:15:b2:ee,MF0039
6331,ADV,-37,e0:5a:1b:15:b2:ee,MF003A
6437,ADV,-42,e0:5a:1b:15:b2:ee,MF003B
6547,ADV,-41,e0:5a:1b:15:b2:ee,MF003C
6648,ADV,-39,e0:5a:1b:15:b2:ee,MF003D
6752,ADV,-42,e0:5a:1b:15:b2:ee,MF003E
6852,ADV,-41,e0:5a:1b:15:b2:ee,MF003F
6967,ADV,-40,e0:5a:1b:15:b2:ee,MF0041
7069,ADV,-42,e0:5a:1b:15:b2:ee,MF0042
7169,ADV,-41,e0:5a:1b:15:b2:ee,MF0043
7486,ADV,-39,e0:5a:1b:15:b2:ee,MF0046
7599,ADV,-43,e0:5a:1b:15:b2:ee,MF0047
7701,ADV,-40,e0:5a:1b:15:b2:ee,MF0048
7811,ADV,-39,e0:5a:1b:15:b2:ee,MF0049
7921,ADV,-42,e0:5a:1b:15:b2:ee,MF004A
8014,ADV,-41,e0:5a:1b:15:b2:ee,MF004B
8126,ADV,-40,e0:5a:1b:15:b2:ee,MF004C
8233,ADV,-42,e0:5a:1b:15:b2:ee,MF004D
8441,ADV,-39,e0:5a:1b:15:b2:ee,MF004F
8547,ADV,-43,e0:5a:1b:15:b2:ee,MF0050
8650,ADV,-41,e0:5a:1b:15:b2:ee,MF0051
8754,ADV,-39,e0:5a:1b:15:b2:ee,MF0052
8863,ADV,-42,e0:5a:1b:15:b2:ee,MF0053
8963,ADV,-41,e0:5a:1b:15:b2:ee,MF0055
9069,ADV,-39,e0:5a:1b:15:b2:ee,MF0056
9386,ADV,-43,e0:5a:1b:15:b2:ee,MF0059
9482,ADV,-42,e0:5a:1b:15:b2:ee,MF005A
9588,ADV,-39,e0:5a:1b:15:b2:ee,MF005B
9698,ADV,-42,e0:5a:1b:15:b2:ee,MF005C
9800,ADV,-41,e0:5a:1b:15:b2:ee,MF005D
9910,ADV,-40,e0:5a:1b:15:b2:ee,MF005E
10018,ADV,-43,e0:5a:1b:15:b2:ee,MF005F
10120,ADV,-41,e0:5a:1b:15:b2:ee,MF0060
10334,ADV,-42,e0:5a:1b:15:b2:ee,MF0062
10443,ADV,-41,e0:5a:1b:15:b2:ee,MF0063
10549,ADV,-39,e0:5a:1b:15:b2:ee,MF0064
10650,ADV,-42,e0:5a:1b:15:b2:ee,MF0065
10755,ADV,-41,e0:5a:1b:15:b2:ee,MF0066
10863,ADV,-39,e0:5a:1b:15:b2:ee,MF0068
11083,ADV,-39,e0:5a:1b:15:b2:ee,MF006A
11188,ADV,-42,e0:5a:1b:15:b2:ee,MF006B
11290,ADV,-40,e0:5a:1b:15:b2:ee,MF006C
11401,ADV,-39,e0:5a:1b:15:b2:ee,MF006D
11507,ADV,-42,e0:5a:1b:15:b2:ee,MF006E
11610,ADV,-40,e0:5a:1b:15:b2:ee,MF006F
11826,ADV,-43,e0:5a:1b:15:b2:ee,MF0071
11936,ADV,-41,e0:5a:1b:15:b2:ee,MF0072
12038,ADV,-39,e0:5a:1b:15:b2:ee,MF0073
12139,ADV,-42,e0:5a:1b:15:b2:ee,MF0074
12243,ADV,-41,e0:5a:1b:15:b2:ee,MF0075
12364,ADV,-39,e0:5a:1b:15:b2:ee,MF0076
12458,ADV,-43,e0:5a:1b:15:b2:ee,MF0077
12564,ADV,-40,e0:5a:1b:15:b2:ee,MF0078
12983,ADV,-43,e0:5a:1b:15:b2:ee,MF007D
13094,ADV,-41,e0:5a:1b:15:b2:ee,MF007E
13192,ADV,-39,e0:5a:1b:15:b2:ee,MF007F
13309,ADV,-42,e0:5a:1b:15:b2:ee,MF0080
13399,ADV,-41,e0:5a:1b:15:b2:ee,MF0081
13718,ADV,-40,e0:5a:1b:15:b2:ee,MF0084
13825,ADV,-109,e0:5a:1b:15:b2:ee,MF0085
13939,ADV,-42,e0:5a:1b:15:b2:ee,MF0086
14029,ADV,-40,e0:5a:1b:15:b2:ee,MF0087
14134,ADV,-39,e0:5a:1b:15:b2:ee,MF0088
14237,ADV,-42,e0:5a:1b:15:b2:ee,MF0089
14341,ADV,-41,e0:5a:1b:15:b2:ee,MF008A
14452,ADV,-39,e0:5a:1b:15:b2:ee,MF008B
14561,ADV,-41,e0:5a:1b:15:b2:ee,MF008C
14657,ADV,-41,e0:5a:1b:15:b2:ee,MF008D
14765,ADV,-39,e0:5a:1b:15:b2:ee,MF008F
15102,ADV,-42,e0:5a:1b:15:b2:ee,MF0092
15186,ADV,-41,e0:5a:1b:15:b2:ee,MF0093
15289,ADV,-39,e0:5a:1b:15:b2:ee,MF0094
15396,ADV,-41,e0:5a:1b:15:b2:ee,MF0095
15498,ADV,-40,e0:5a:1b:15:b2:ee,MF0096
15607,ADV,-38,e0:5a:1b:15:b2:ee,MF0097
15707,ADV,-42,e0:5a:1b:15:b2:ee,MF0098
15820,ADV,-41,e0:5a:1b:15:b2:ee,MF0099
15932,ADV,-38,e0:5a:1b:15:b2:ee,MF009A
16019,ADV,-42,e0:5a:1b:15:b2:ee,MF009B
16126,ADV,-41,e0:5a:1b:15:b2:ee,MF009C
16231,ADV,-39,e0:5a:1b:15:b2:ee,MF009D
16344,ADV,-42,e0:5a:1b:15:b2:ee,MF009E
16447,ADV,-41,e0:5a:1b:15:b2:ee,MF009F
16543,ADV,-39,e0:5a:1b:15:b2:ee,MF00A0
16663,ADV,-42,e0:5a:1b:15:b2:ee,MF00A1
16750,ADV,-41,e0:5a:1b:15:b2:ee,MF00A2
16865,ADV,-38,e0:5a:1b:15:b2:ee,MF00A3
16957,ADV,-42,e0:5a:1b:15:b2:ee,MF00A4
17168,ADV,-39,e0:5a:1b:15:b2:ee,MF00A7
17397,ADV,-38,e0:5a:1b:15:b2:ee,MF00A9
17486,ADV,-42,e0:5a:1b:15:b2:ee,MF00AA
17592,ADV,-40,e0:5a:1b:15:b2:ee,MF00AB
17698,ADV,-39,e0:5a:1b:15:b2:ee,MF00AC
17799,ADV,-42,e0:5a:1b:15:b2:ee,MF00AD
17905,ADV,-41,e0:5a:1b:15:b2:ee,MF00AE
18007,ADV,-39,e0:5a:1b:15:b2:ee,MF00AF
18124,ADV,-42,e0:5a:1b:15:b2:ee,MF00B0
18213,ADV,-41,e0:5a:1b:15:b2:ee,MF00B1
18325,ADV,-39,e0:5a:1b:15:b2:ee,MF00B2
18432,ADV,-42,e0:5a:1b:15:b2:ee,MF00B3
18542,ADV,-38,e0:5a:1b:15:b2:ee,MF00B4
18644,ADV,-39,e0:5a:1b:15:b2:ee,MF00B5
18749,ADV,-43,e0:5a:1b:15:b2:ee,MF00B6
18856,ADV,-40,e0:5a:1b:15:b2:ee,MF00B7
18959,ADV,-39,e0:5a:1b:15:b2:ee,MF00B8
19069,ADV,-43,e0:5a:1b:15:b2:ee,MF00B9
19162,ADV,-41,e0:5a:1b:15:b2:ee,MF00BB
19490,ADV,-38,e0:5a:1b:15:b2:ee,MF00BE
19601,ADV,-43,e0:5a:1b:15:b2:ee,MF00BF
19697,ADV,-40,e0:5a:1b:15:b2:ee,MF00C0
19797,ADV,-39,e0:5a:1b:15:b2:ee,MF00C1
19902,ADV,-42,e0:5a:1b:15:b2:ee,MF00C2
20010,ADV,-40,e0:5a:1b:15:b2:ee,MF00C3
20110,ADV,-39,e0:5a:1b:15:b2:ee,MF00C4
20228,ADV,-42,e0:5a:1b:15:b2:ee,MF00C5
20320,ADV,-41,e0:5a:1b:15:b2:ee,MF00C6
20536,ADV,-42,e0:5a:1b:15:b2:ee,MF00C8
20640,ADV,-40,e0:5a:1b:15:b2:ee,MF00C9
20743,ADV,-39,e0:5a:1b:15:b2:ee,MF00CA
20945,ADV,-40,e0:5a:1b:15:b2:ee,MF00CC
21051,ADV,-39,e0:5a:1b:15:b2:ee,MF00CD
21156,ADV,-42,e0:5a:1b:15:b2:ee,MF00CE
21250,ADV,-41,e0:5a:1b:15:b2:ee,MF00CF
21369,ADV,-36,e0:5a:1b:15:b2:ee,MF00D0
21465,ADV,-42,e0:5a:1b:15:b2:ee,MF00D2
21563,ADV,-41,e0:5a:1b:15:b2:ee,MF00D3
21669,ADV,-39,e0:5a:1b:15:b2:ee,MF00D4
21769,ADV,-43,e0:5a:1b:15:b2:ee,MF00D5
22183,ADV,-39,e0:5a:1b:15:b2:ee,MF00D9
22286,ADV,-42,e0:5a:1b:15:b2:ee,MF00DA
22399,ADV,-41,e0:5a:1b:15:b2:ee,MF00DB
22498,ADV,-36,e0:5a:1b:15:b2:ee,MF00DC
22601,ADV,-43,e0:5a:1b:15:b2:ee,MF00DD
22799,ADV,-39,e0:5a:1b:15:b2:ee,MF00DF
22919,ADV,-42,e0:5a:1b:15:b2:ee,MF00E0
23031,ADV,-75,e0:5a:1b:15:b2:ee,MF00E1
23141,ADV,-39,e0:5a:1b:15:b2:ee,MF00E2
23233,ADV,-42,e0:5a:1b:15:b2:ee,MF00E3
23447,ADV,-36,e0:5a:1b:15:b2:ee,MF00E5
23551,ADV,-43,e0:5a:1b:15:b2:ee,MF00E6
23658,ADV,-41,e0:5a:1b:15:b2:ee,MF00E7
23763,ADV,-39,e0:5a:1b:15:b2:ee,MF00E9
24186,ADV,-41,e0:5a:1b:15:b2:ee,MF00ED
24306,ADV,-39,e0:5a:1b:15:b2:ee,MF00EE
24391,ADV,-42,e0:5a:1b:15:b2:ee,MF00EF
24498,ADV,-41,e0:5a:1b:15:b2:ee,MF00F0
24607,ADV,-39,e0:5a:1b:15:b2:ee,MF00F1
24714,ADV,-43,e0:5a:1b:15:b2:ee,MF00F2
24815,ADV,-40,e0:5a:1b:15:b2:ee,MF00F3
24920,ADV,-39,e0:5a:1b:15:b2:ee,MF00F4
25023,ADV,-42,e0:5a:1b:15:b2:ee,MF00F5
25133,ADV,-40,e0:5a:1b:15:b2:ee,MF00F6
25233,ADV,-39,e0:5a:1b:15:b2:ee,MF00F7
25444,ADV,-41,e0:5a:1b:15:b2:ee,MF00F9
25553,ADV,-39,e0:5a:1b:15:b2:ee,MF00FA
25665,ADV,-42,e0:5a:1b:15:b2:ee,MF00FB
25761,ADV,-41,e0:5a:1b:15:b2:ee,MF00FC
25863,ADV,-39,e0:5a:1b:15:b2:ee,MF00FE
26067,ADV,-41,e0:5a:1b:15:b2:ee,MF0100
26392,ADV,-36,e0:5a:1b:15:b2:ee,MF0103
26493,ADV,-42,e0:5a:1b:15:b2:ee,MF0104
26591,ADV,-41,e0:5a:1b:15:b2:ee,MF0105
26701,ADV,-39,e0:5a:1b:15:b2:ee,MF0106
26820,ADV,-42,e0:5a:1b:15:b2:ee,MF0107
26913,ADV,-38,e0:5a:1b:15:b2:ee,MF0108
27017,ADV,-39,e0:5a:1b:15:b2:ee,MF0109
27126,ADV,-42,e0:5a:1b:15:b2:ee,MF010A
27219,ADV,-41,e0:5a:1b:15:b2:ee,MF010B
27328,ADV,-39,e0:5a:1b:15:b2:ee,MF010C
27437,ADV,-42,e0:5a:1b:15:b2:ee,MF010D
27534,ADV,-41,e0:5a:1b:15:b2:ee,MF010E
27640,ADV,-39,e0:5a:1b:15:b2:ee,MF010F
27750,ADV,-42,e0:5a:1b:15:b2:ee,MF0110
27840,ADV,-41,e0:5a:1b:15:b2:ee,MF0111
27949,ADV,-40,e0:5a:1b:15:b2:ee,MF0112
28056,ADV,-42,e0:5a:1b:15:b2:ee,MF0113
28162,ADV,-41,e0:5a:1b:15:b2:ee,MF0115
28682,ADV,-41,e0:5a:1b:15:b2:ee,MF011A
28786,ADV,-40,e0:5a:1b:15:b2:ee,MF011B
28894,ADV,-42,e0:5a:1b:15:b2:ee,MF011C
28991,ADV,-41,e0:5a:1b:15:b2:ee,MF011D
29099,ADV,-40,e0:5a:1b:15:b2:ee,MF011E
29211,ADV,-42,e0:5a:1b:15:b2:ee,MF011F
29315,ADV,-37,e0:5a:1b:15:b2:ee,MF0120
29418,ADV,-40,e0:5a:1b:15:b2:ee,MF0121
29522,ADV,-43,e0:5a:1b:15:b2:ee,MF0122
29625,ADV,-40,e0:5a:1b:15:b2:ee,MF0123
29727,ADV,-39,e0:5a:1b:15:b2:ee,MF0124
29834,ADV,-43,e0:5a:1b:15:b2:ee,MF0125
29939,ADV,-39,e0:5a:1b:15:b2:ee,MF0126
30046,ADV,-39,e0:5a:1b:15:b2:ee,MF0127
30155,ADV,-42,e0:5a:1b:15:b2:ee,MF0128
30255,ADV,-40,e0:5a:1b:15:b2:ee,MF0129
30369,ADV,-39,e0:5a:1b:15:b2:ee,MF012B
30585,ADV,-39,e0:5a:1b:15:b2:ee,MF012D
30693,ADV,-43,e0:5a:1b:15:b2:ee,MF012E
30899,ADV,-39,e0:5a:1b:15:b2:ee,MF0130
31009,ADV,-42,e0:5a:1b:15:b2:ee,MF0131
31223,ADV,-39,e0:5a:1b:15:b2:ee,MF0133
31322,ADV,-42,e0:5a:1b:15:b2:ee,MF0134
31423,ADV,-41,e0:5a:1b:15:b2:ee,MF0135
31530,ADV,-39,e0:5a:1b:15:b2:ee,MF0136
31640,ADV,-43,e0:5a:1b:15:b2:ee,MF0137
31744,ADV,-41,e0:5a:1b:15:b2:ee,MF0138
31853,ADV,-38,e0:5a:1b:15:b2:ee,MF0139
31962,ADV,-43,e0:5a:1b:15:b2:ee,MF013A
32069,ADV,-41,e0:5a:1b:15:b2:ee,MF013C
32400,ADV,-35,e0:5a:1b:15:b2:ee,MF013F
32497,ADV,-43,e0:5a:1b:15:b2:ee,MF0140
32604,ADV,-40,e0:5a:1b:15:b2:ee,MF0141
32704,ADV,-39,e0:5a:1b:15:b2:ee,MF0142
32826,ADV,-43,e0:5a:1b:15:b2:ee,MF0143
32927,ADV,-40,e0:5a:1b:15:b2:ee,MF0144
33046,ADV,-36,e0:5a:1b:15:b2:ee,MF0145
33137,ADV,-43,e0:5a:1b:15:b2:ee,MF0146
33245,ADV,-40,e0:5a:1b:15:b2:ee,MF0147
33337,ADV,-39,e0:5a:1b:15:b2:ee,MF0148
33541,ADV,-40,e0:5a:1b:15:b2:ee,MF014A
33651,ADV,-38,e0:5a:1b:15:b2:ee,MF014B
33757,ADV,-42,e0:5a:1b:15:b2:ee,MF014C
33856,ADV,-41,e0:5a:1b:15:b2:ee,MF014D
33965,ADV,-36,e0:5a:1b:15:b2:ee,MF014F
34069,ADV,-43,e0:5a:1b:15:b2:ee,MF0150
34498,ADV,-39,e0:5a:1b:15:b2:ee,MF0154
34585,ADV,-43,e0:5a:1b:15:b2:ee,MF0155
34702,ADV,-37,e0:5a:1b:15:b2:ee,MF0156
34791,ADV,-39,e0:5a:1b:15:b2:ee,MF0157
34901,ADV,-43,e0:5a:1b:15:b2:ee,MF0158
35019,ADV,-40,e0:5a:1b:15:b2:ee,MF0159
35117,ADV,-39,e0:5a:1b:15:b2:ee,MF015A
35222,ADV,-42,e0:5a:1b:15:b2:ee,MF015B
35328,ADV,-40,e0:5a:1b:15:b2:ee,MF015C
35435,ADV,-38,e0:5a:1b:15:b2:ee,MF015D
35541,ADV,-43,e0:5a:1b:15:b2:ee,MF015E
35644,ADV,-40,e0:5a:1b:15:b2:ee,MF015F
35746,ADV,-38,e0:5a:1b:15:b2:ee,MF0160
35846,ADV,-43,e0:5a:1b:15:b2:ee,MF0161
35947,ADV,-40,e0:5a:1b:15:b2:ee,MF0162
36061,ADV,-39,e0:5a:1b:15:b2:ee,MF0163
36162,ADV,-43,e0:5a:1b:15:b2:ee,MF0164
36582,ADV,-39,e0:5a:1b:15:b2:ee,MF0169
36687,ADV,-43,e0:5a:1b:15:b2:ee,MF016A
36914,ADV,-38,e0:5a:1b:15:b2:ee,MF016C
37018,ADV,-43,e0:5a:1b:15:b2:ee,MF016D
37118,ADV,-40,e0:5a:1b:15:b2:ee,MF016E
37225,ADV,-39,e0:5a:1b:15:b2:ee,MF016F
37332,ADV,-42,e0:5a:1b:15:b2:ee,MF0170
37430,ADV,-41,e0:5a:1b:15:b2:ee,MF0171
37542,ADV,-38,e0:5a:1b:15:b2:ee,MF0172
37643,ADV,-42,e0:5a:1b:15:b2:ee,MF0173
37743,ADV,-40,e0:5a:1b:15:b2:ee,MF0174
37852,ADV,-38,e0:5a:1b:15:b2:ee,MF0175
37956,ADV,-43,e0:5a:1b:15:b2:ee,MF0176
38054,ADV,-41,e0:5a:1b:15:b2:ee,MF0177
38159,ADV,-39,e0:5a:1b:15:b2:ee,MF0178
38267,ADV,-42,e0:5a:1b:15:b2:ee,MF017A
38364,ADV,-40,e0:5a:1b:15:b2:ee,MF017B
38788,ADV,-47,e0:5a:1b:15:b2:ee,MF017F
38884,ADV,-40,e0:5a:1b:15:b2:ee,MF0180
38985,ADV,-39,e0:5a:1b:15:b2:ee,MF0181
39092,ADV,-43,e0:5a:1b:15:b2:ee,MF0182
39196,ADV,-40,e0:5a:1b:15:b2:ee,MF0183
39313,ADV,-39,e0:5a:1b:15:b2:ee,MF0184
39422,ADV,-43,e0:5a:1b:15:b2:ee,MF0185
39514,ADV,-41,e0:5a:1b:15:b2:ee,MF0186
39635,ADV,-39,e0:5a:1b:15:b2:ee,MF0187
39720,ADV,-43,e0:5a:1b:15:b2:ee,MF0188
39832,ADV,-40,e0:5a:1b:15:b2:ee,MF0189
39928,ADV,-39,e0:5a:1b:15:b2:ee,MF018A
40038,ADV,-43,e0:5a:1b:15:b2:ee,MF018B
40137,ADV,-41,e0:5a:1b:15:b2:ee,MF018C
40243,ADV,-39,e0:5a:1b:15:b2:ee,MF018D
40355,ADV,-43,e0:5a:1b:15:b2:ee,MF018E
40457,ADV,-41,e0:5a:1b:15:b2:ee,MF018F
41086,ADV,-39,e0:5a:1b:15:b2:ee,MF0196
41194,ADV,-42,e0:5a:1b:15:b2:ee,MF0197
41313,ADV,-40,e0:5a:1b:15:b2:ee,MF0198
41412,ADV,-36,e0:5a:1b:15:b2:ee,MF0199
41511,ADV,-42,e0:5a:1b:15:b2:ee,MF019A
41615,ADV,-41,e0:5a:1b:15:b2:ee,MF019B
41718,ADV,-36,e0:5a:1b:15:b2:ee,MF019C
41821,ADV,-42,e0:5a:1b:15:b2:ee,MF019D
41936,ADV,-40,e0:5a:1b:15:b2:ee,MF019E
42036,ADV,-38,e0:5a:1b:15:b2:ee,MF019F
42147,ADV,-42,e0:5a:1b:15:b2:ee,MF01A0
42359,ADV,-39,e0:5a:1b:15:b2:ee,MF01A2
42462,ADV,-42,e0:5a:1b:15:b2:ee,MF01A3
42568,ADV,-41,e0:5a:1b:15:b2:ee,MF01A5
42889,ADV,-39,e0:5a:1b:15:b2:ee,MF01A8
42990,ADV,-42,e0:5a:1b:15:b2:ee,MF01A9
43094,ADV,-40,e0:5a:1b:15:b2:ee,MF01AA
43199,ADV,-39,e0:5a:1b:15:b2:ee,MF01AB
43306,ADV,-42,e0:5a:1b:15:b2:ee,MF01AC
43402,ADV,-41,e0:5a:1b:15:b2:ee,MF01AD
43630,ADV,-42,e0:5a:1b:15:b2:ee,MF01AF
43718,ADV,-41,e0:5a:1b:15:b2:ee,MF01B0
43825,ADV,-39,e0:5a:1b:15:b2:ee,MF01B1
43931,ADV,-42,e0:5a:1b:15:b2:ee,MF01B2
44031,ADV,-40,e0:5a:1b:15:b2:ee,MF01B3
44137,ADV,-39,e0:5a:1b:15:b2:ee,MF01B4
44249,ADV,-42,e0:5a:1b:15:b2:ee,MF01B5
44356,ADV,-40,e0:5a:1b:15:b2:ee,MF01B6
44465,ADV,-39,e0:5a:1b:15:b2:ee,MF01B8
44568,ADV,-42,e0:5a:1b:15:b2:ee,MF01B9
44816,ADV,-42,e0:5a:1b:15:b2:ee,MF01BB
44885,ADV,-40,e0:5a:1b:15:b2:ee,MF01BC
44989,ADV,-39,e0:5a:1b:15:b2:ee,MF01BD
45093,ADV,-43,e0:5a:1b:15:b2:ee,MF01BE
45191,ADV,-40,e0:5a:1b:15:b2:ee,MF01BF
45295,ADV,-39,e0:5a:1b:15:b2:ee,MF01C0
45396,ADV,-42,e0:5a:1b:15:b2:ee,MF01C1
45494,ADV,-40,e0:5a:1b:15:b2:ee,MF01C2
45606,ADV,-39,e0:5a:1b:15:b2:ee,MF01C3
45705,ADV,-42,e0:5a:1b:15:b2:ee,MF01C4
45814,ADV,-41,e0:5a:1b:15:b2:ee,MF01C5
45916,ADV,-39,e0:5a:1b:15:b2:ee,MF01C6
46026,ADV,-42,e0:5a:1b:15:b2:ee,MF01C7
46129,ADV,-40,e0:5a:1b:15:b2:ee,MF01C8
46237,ADV,-39,e0:5a:1b:15:b2:ee,MF01C9
46346,ADV,-42,e0:5a:1b:15:b2:ee,MF01CA
46550,ADV,-39,e0:5a:1b:15:b2:ee,MF01CC
46656,ADV,-42,e0:5a:1b:15:b2:ee,MF01CD
46869,ADV,-38,e0:5a:1b:15:b2:ee,MF01D0
47186,ADV,-42,e0:5a:1b:15:b2:ee,MF01D3
47288,ADV,-41,e0:5a:1b:15:b2:ee,MF01D4
47407,ADV,-39,e0:5a:1b:15:b2:ee,MF01D5
47489,ADV,-42,e0:5a:1b:15:b2:ee,MF01D6
47607,ADV,-40,e0:5a:1b:15:b2:ee,MF01D7
47702,ADV,-39,e0:5a:1b:15:b2:ee,MF01D8
47811,ADV,-43,e0:5a:1b:15:b2:ee,MF01D9
47911,ADV,-41,e0:5a:1b:15:b2:ee,MF01DA
48019,ADV,-40,e0:5a:1b:15:b2:ee,MF01DB
48119,ADV,-42,e0:5a:1b:15:b2:ee,MF01DC
48234,ADV,-41,e0:5a:1b:15:b2:ee,MF01DD
48329,ADV,-39,e0:5a:1b:15:b2:ee,MF01DE
48444,ADV,-43,e0:5a:1b:15:b2:ee,MF01DF
48540,ADV,-41,e0:5a:1b:15:b2:ee,MF01E0
48650,ADV,-39,e0:5a:1b:15:b2:ee,MF01E1
48757,ADV,-43,e0:5a:1b:15:b2:ee,MF01E2
48863,ADV,-41,e0:5a:1b:15:b2:ee,MF01E4
48965,ADV,-38,e0:5a:1b:15:b2:ee,MF01E5
49281,ADV,-42,e0:5a:1b:15:b2:ee,MF01E8
49387,ADV,-40,e0:5a:1b:15:b2:ee,MF01E9
49492,ADV,-39,e0:5a:1b:15:b2:ee,MF01EA
49596,ADV,-42,e0:5a:1b:15:b2:ee,MF01EB
49695,ADV,-40,e0:5a:1b:15:b2:ee,MF01EC
49919,ADV,-42,e0:5a:1b:15:b2:ee,MF01EE
50019,ADV,-41,e0:5a:1b:15:b2:ee,MF01EF
50125,ADV,-39,e0:5a:1b:15:b2:ee,MF01F0
50235,ADV,-42,e0:5a:1b:15:b2:ee,MF01F1
50332,ADV,-41,e0:5a:1b:15:b2:ee,MF01F2
50439,ADV,-38,e0:5a:1b:15:b2:ee,MF01F3
50546,ADV,-42,e0:5a:1b:15:b2:ee,MF01F4
50647,ADV,-40,e0:5a:1b:15:b2:ee,MF01F5
50750,ADV,-38,e0:5a:1b:15:b2:ee,MF01F6
50864,ADV,-42,e0:5a:1b:15:b2:ee,MF01F7
50962,ADV,-40,e0:5a:1b:15:b2:ee,MF01F9
51389,ADV,-42,e0:5a:1b:15:b2:ee,MF01FD
51493,ADV,-40,e0:5a:1b:15:b2:ee,MF01FE
51596,ADV,-39,e0:5a:1b:15:b2:ee,MF01FF
51708,ADV,-42,e0:5a:1b:15:b2:ee,MF0200
51804,ADV,-40,e0:5a:1b:15:b2:ee,MF0201
51908,ADV,-39,e0:5a:1b:15:b2:ee,MF0202
52014,ADV,-42,e0:5a:1b:15:b2:ee,MF0203
52114,ADV,-40,e0:5a:1b:15:b2:ee,MF0204
52217,ADV,-39,e0:5a:1b:15:b2:ee,MF0205
52339,ADV,-42,e0:5a:1b:15:b2:ee,MF0206
52437,ADV,-40,e0:5a:1b:15:b2:ee,MF0207
52542,ADV,-38,e0:5a:1b:15:b2:ee,MF0208
52638,ADV,-42,e0:5a:1b:15:b2:ee,MF0209
52851,ADV,-38,e0:5a:1b:15:b2:ee,MF020B
52959,ADV,-42,e0:5a:1b:15:b2:ee,MF020C
53065,ADV,-40,e0:5a:1b:15:b2:ee,MF020D
53166,ADV,-36,e0:5a:1b:15:b2:ee,MF020F
53269,ADV,-43,e0:5a:1b:15:b2:ee,MF0210
53683,ADV,-39,e0:5a:1b:15:b2:ee,MF0214
53792,ADV,-42,e0:5a:1b:15:b2:ee,MF0215
53886,ADV,-40,e0:5a:1b:15:b2:ee,MF0216
53994,ADV,-38,e0:5a:1b:15:b2:ee,MF0217
54103,ADV,-42,e0:5a:1b:15:b2:ee,MF0218
54203,ADV,-39,e0:5a:1b:15:b2:ee,MF0219
54310,ADV,-38,e0:5a:1b:15:b2:ee,MF021A
54414,ADV,-42,e0:5a:1b:15:b2:ee,MF021B
54513,ADV,-39,e0:5a:1b:15:b2:ee,MF021C
54616,ADV,-36,e0:5a:1b:15:b2:ee,MF021D
54748,ADV,-42,e0:5a:1b:15:b2:ee,MF021E
54836,ADV,-40,e0:5a:1b:15:b2:ee,MF021F
54940,ADV,-39,e0:5a:1b:15:b2:ee,MF0220
55045,ADV,-43,e0:5a:1b:15:b2:ee,MF0221
55143,ADV,-40,e0:5a:1b:15:b2:ee,MF0222
55254,ADV,-39,e0:5a:1b:15:b2:ee,MF0223
55366,ADV,-42,e0:5a:1b:15:b2:ee,MF0224
55557,ADV,-38,e0:5a:1b:15:b2:ee,MF0226
55669,ADV,-42,e0:5a:1b:15:b2:ee,MF0228
55768,ADV,-40,e0:5a:1b:15:b2:ee,MF0229
56094,ADV,-39,e0:5a:1b:15:b2:ee,MF022C
56198,ADV,-42,e0:5a:1b:15:b2:ee,MF022D
56308,ADV,-41,e0:5a:1b:15:b2:ee,MF022E
56414,ADV,-39,e0:5a:1b:15:b2:ee,MF022F
56529,ADV,-42,e0:5a:1b:15:b2:ee,MF0230
56625,ADV,-40,e0:5a:1b:15:b2:ee,MF0231
56721,ADV,-39,e0:5a:1b:15:b2:ee,MF0232
56842,ADV,-42,e0:5a:1b:15:b2:ee,MF0233
56935,ADV,-40,e0:5a:1b:15:b2:ee,MF0234
57045,ADV,-39,e0:5a:1b:15:b2:ee,MF0235
57149,ADV,-42,e0:5a:1b:15:b2:ee,MF0236
57254,ADV,-40,e0:5a:1b:15:b2:ee,MF0237
57366,ADV,-39,e0:5a:1b:15:b2:ee,MF0239
57467,ADV,-42,e0:5a:1b:15:b2:ee,MF023A
57567,ADV,-41,e0:5a:1b:15:b2:ee,MF023B
57986,ADV,-42,e0:5a:1b:15:b2:ee,MF023F
58087,ADV,-41,e0:5a:1b:15:b2:ee,MF0240
58206,ADV,-39,e0:5a:1b:15:b2:ee,MF0241
58303,ADV,-43,e0:5a:1b:15:b2:ee,MF0242
58407,ADV,-104,e0:5a:1b:15:b2:ee,MF0243
58516,ADV,-39,e0:5a:1b:15:b2:ee,MF0244
58648,ADV,-42,e0:5a:1b:15:b2:ee,MF0245
58722,ADV,-40,e0:5a:1b:15:b2:ee,MF0246
58834,ADV,-39,e0:5a:1b:15:b2:ee,MF0247
58942,ADV,-42,e0:5a:1b:15:b2:ee,MF0248
59040,ADV,-40,e0:5a:1b:15:b2:ee,MF0249
59144,ADV,-39,e0:5a:1b:15:b2:ee,MF024A
59248,ADV,-42,e0:5a:1b:15:b2:ee,MF024B
59349,ADV,-40,e0:5a:1b:15:b2:ee,MF024C
59469,ADV,-39,e0:5a:1b:15:b2:ee,MF024D
59566,ADV,-42,e0:5a:1b:15:b2:ee,MF024E
59662,ADV,-40,e0:5a:1b:15:b2:ee,MF0250
59987,ADV,-39,e0:5a:1b:15:b2:ee,MF0253
60102,ADV,-42,e0:5a:1b:15:b2:ee,MF0254
60194,ADV,-40,e0:5a:1b:15:b2:ee,MF0255
60408,ADV,-42,e0:5a:1b:15:b2:ee,MF0257
60512,ADV,-40,e0:5a:1b:15:b2:ee,MF0258
60622,ADV,-39,e0:5a:1b:15:b2:ee,MF0259
60735,ADV,-42,e0:5a:1b:15:b2:ee,MF025A
60840,ADV,-40,e0:5a:1b:15:b2:ee,MF025B
60947,ADV,-39,e0:5a:1b:15:b2:ee,MF025C
61048,ADV,-42,e0:5a:1b:15:b2:ee,MF025D
61161,ADV,-41,e0:5a:1b:15:b2:ee,MF025E
61263,ADV,-39,e0:5a:1b:15:b2:ee,MF025F
61589,ADV,-42,e0:5a:1b:15:b2:ee,MF0263
61699,ADV,-40,e0:5a:1b:15:b2:ee,MF0264
61800,ADV,-39,e0:5a:1b:15:b2:ee,MF0265
61906,ADV,-43,e0:5a:1b:15:b2:ee,MF0266
62007,ADV,-40,e0:5a:1b:15:b2:ee,MF0267
62218,ADV,-42,e0:5a:1b:15:b2:ee,MF0269
62318,ADV,-40,e0:5a:1b:15:b2:ee,MF026A
62425,ADV,-39,e0:5a:1b:15:b2:ee,MF026B
62531,ADV,-42,e0:5a:1b:15:b2:ee,MF026C
62629,ADV,-40,e0:5a:1b:15:b2:ee,MF026D
62740,ADV,-39,e0:5a:1b:15:b2:ee,MF026E
62840,ADV,-42,e0:5a:1b:15:b2:ee,MF026F
62941,ADV,-40,e0:5a:1b:15:b2:ee,MF0270
63046,ADV,-39,e0:5a:1b:15:b2:ee,MF0271
63154,ADV,-42,e0:5a:1b:15:b2:ee,MF0272
63253,ADV,-41,e0:5a:1b:15:b2:ee,MF0273
63363,ADV,-39,e0:5a:1b:15:b2:ee,MF0275
63469,ADV,-42,e0:5a:1b:15:b2:ee,MF0276
63564,ADV,-40,e0:5a:1b:15:b2:ee,MF0277
63983,ADV,-42,e0:5a:1b:15:b2:ee,MF027B
64083,ADV,-40,e0:5a:1b:15:b2:ee,MF027C
64194,ADV,-36,e0:5a:1b:15:b2:ee,MF027D
64302,ADV,-42,e0:5a:1b:15:b2:ee,MF027E
64400,ADV,-83,e0:5a:1b:15:b2:ee,MF027F
64503,ADV,-39,e0:5a:1b:15:b2:ee,MF0280
64614,ADV,-42,e0:5a:1b:15:b2:ee,MF0281
64714,ADV,-40,e0:5a:1b:15:b2:ee,MF0282
64816,ADV,-39,e0:5a:1b:15:b2:ee,MF0283
64918,ADV,-42,e0:5a:1b:15:b2:ee,MF0284
65021,ADV,-40,e0:5a:1b:15:b2:ee,MF0285
65124,ADV,-39,e0:5a:1b:15:b2:ee,MF0286
65230,ADV,-42,e0:5a:1b:15:b2:ee,MF0287
65334,ADV,-40,e0:5a:1b:15:b2:ee,MF0288
65431,ADV,-39,e0:5a:1b:15:b2:ee,MF0289
65546,ADV,-42,e0:5a:1b:15:b2:ee,MF028A
65646,ADV,-40,e0:5a:1b:15:b2:ee,MF028B
65867,ADV,-42,e0:5a:1b:15:b2:ee,MF028D
66060,ADV,-39,e0:5a:1b:15:b2:ee,MF028F
66169,ADV,-42,e0:5a:1b:15:b2:ee,MF0291
66383,ADV,-43,e0:5a:1b:15:b2:ee,MF0293
66493,ADV,-41,e0:5a:1b:15:b2:ee,MF0294
66588,ADV,-36,e0:5a:1b:15:b2:ee,MF0295
66697,ADV,-43,e0:5a:1b:15:b2:ee,MF0296
66798,ADV,-41,e0:5a:1b:15:b2:ee,MF0297
66909,ADV,-38,e0:5a:1b:15:b2:ee,MF0298
67116,ADV,-38,e0:5a:1b:15:b2:ee,MF029A
67224,ADV,-39,e0:5a:1b:15:b2:ee,MF029B
67433,ADV,-41,e0:5a:1b:15:b2:ee,MF029D
67539,ADV,-38,e0:5a:1b:15:b2:ee,MF029E
67654,ADV,-42,e0:5a:1b:15:b2:ee,MF029F
67755,ADV,-40,e0:5a:1b:15:b2:ee,MF02A0
67863,ADV,-39,e0:5a:1b:15:b2:ee,MF02A2
68182,ADV,-42,e0:5a:1b:15:b2:ee,MF02A5
68285,ADV,-41,e0:5a:1b:15:b2:ee,MF02A6
68394,ADV,-39,e0:5a:1b:15:b2:ee,MF02A7
68497,ADV,-42,e0:5a:1b:15:b2:ee,MF02A8
68615,ADV,-40,e0:5a:1b:15:b2:ee,MF02A9
68708,ADV,-41,e0:5a:1b:15:b2:ee,MF02AA
68925,ADV,-41,e0:5a:1b:15:b2:ee,MF02AC
69034,ADV,-40,e0:5a:1b:15:b2:ee,MF02AD
69134,ADV,-42,e0:5a:1b:15:b2:ee,MF02AE
69232,ADV,-41,e0:5a:1b:15:b2:ee,MF02AF
69347,ADV,-39,e0:5a:1b:15:b2:ee,MF02B0
69447,ADV,-42,e0:5a:1b:15:b2:ee,MF02B1
69552,ADV,-41,e0:5a:1b:15:b2:ee,MF02B2
69654,ADV,-40,e0:5a:1b:15:b2:ee,MF02B3
69769,ADV,-42,e0:5a:1b:15:b2:ee,MF02B4
69864,ADV,-41,e0:5a:1b:15:b2:ee,MF02B6
69969,ADV,-39,e0:5a:1b:15:b2:ee,MF02B7
70283,ADV,-41,e0:5a:1b:15:b2:ee,MF02BA
70387,ADV,-41,e0:5a:1b:15:b2:ee,MF02BB
70492,ADV,-37,e0:5a:1b:15:b2:ee,MF02BC
70597,ADV,-41,e0:5a:1b:15:b2:ee,MF02BD
70698,ADV,-41,e0:5a:1b:15:b2:ee,MF02BE
70808,ADV,-40,e0:5a:1b:15:b2:ee,MF02BF
70920,ADV,-41,e0:5a:1b:15:b2:ee,MF02C0
71020,ADV,-42,e0:5a:1b:15:b2:ee,MF02C1
71127,ADV,-39,e0:5a:1b:15:b2:ee,MF02C2
71346,ADV,-41,e0:5a:1b:15:b2:ee,MF02C4
71440,ADV,-37,e0:5a:1b:15:b2:ee,MF02C5
71546,ADV,-42,e0:5a:1b:15:b2:ee,MF02C6
71669,ADV,-40,e0:5a:1b:15:b2:ee,MF02C7
71763,ADV,-37,e0:5a:1b:15:b2:ee,MF02C8
71857,ADV,-41,e0:5a:1b:15:b2:ee,MF02C9
71956,ADV,-41,e0:5a:1b:15:b2:ee,MF02CA
72065,ADV,-40,e0:5a:1b:15:b2:ee,MF02CC
72284,ADV,-40,e0:5a:1b:15:b2:ee,MF02CE
72401,ADV,-42,e0:5a:1b:15:b2:ee,MF02CF
72491,ADV,-41,e0:5a:1b:15:b2:ee,MF02D0
72600,ADV,-40,e0:5a:1b:15:b2:ee,MF02D1
72707,ADV,-41,e0:5a:1b:15:b2:ee,MF02D2
72806,ADV,-41,e0:5a:1b:15:b2:ee,MF02D3
72913,ADV,-37,e0:5a:1b:15:b2:ee,MF02D4
73017,ADV,-41,e0:5a:1b:15:b2:ee,MF02D5
73120,ADV,-41,e0:5a:1b:15:b2:ee,MF02D6
73225,ADV,-39,e0:5a:1b:15:b2:ee,MF02D7
73332,ADV,-42,e0:5a:1b:15:b2:ee,MF02D8
73427,ADV,-38,e0:5a:1b:15:b2:ee,MF02D9
73533,ADV,-40,e0:5a:1b:15:b2:ee,MF02DA
73639,ADV,-41,e0:5a:1b:15:b2:ee,MF02DB
73746,ADV,-41,e0:5a:1b:15:b2:ee,MF02DC
73852,ADV,-41,e0:5a:1b:15:b2:ee,MF02DD
73954,ADV,-42,e0:5a:1b:15:b2:ee,MF02DE
74060,ADV,-41,e0:5a:1b:15:b2:ee,MF02DF
74484,ADV,-42,e0:5a:1b:15:b2:ee,MF02E4
74590,ADV,-41,e0:5a:1b:15:b2:ee,MF02E5
74688,ADV,-40,e0:5a:1b:15:b2:ee,MF02E6
74791,ADV,-42,e0:5a:1b:15:b2:ee,MF02E7
74896,ADV,-41,e0:5a:1b:15:b2:ee,MF02E8
74995,ADV,-40,e0:5a:1b:15:b2:ee,MF02E9
75104,ADV,-42,e0:5a:1b:15:b2:ee,MF02EA
75199,ADV,-42,e0:5a:1b:15:b2:ee,MF02EB
75320,ADV,-40,e0:5a:1b:15:b2:ee,MF02EC
75407,ADV,-42,e0:5a:1b:15:b2:ee,MF02ED
75504,ADV,-41,e0:5a:1b:15:b2:ee,MF02EE
75647,ADV,-40,e0:5a:1b:15:b2:ee,MF02EF
75717,ADV,-41,e0:5a:1b:15:b2:ee,MF02F0
75818,ADV,-42,e0:5a:1b:15:b2:ee,MF02F1
75924,ADV,-40,e0:5a:1b:15:b2:ee,MF02F2
76028,ADV,-42,e0:5a:1b:15:b2:ee,MF02F3
76132,ADV,-41,e0:5a:1b:15:b2:ee,MF02F4
76348,ADV,-42,e0:5a:1b:15:b2:ee,MF02F6
76448,ADV,-41,e0:5a:1b:15:b2:ee,MF02F7
76557,ADV,-40,e0:5a:1b:15:b2:ee,MF02F8
76667,ADV,-42,e0:5a:1b:15:b2:ee,MF02FA
76764,ADV,-41,e0:5a:1b:15:b2:ee,MF02FB
76867,ADV,-39,e0:5a:1b:15:b2:ee,MF02FC
77184,ADV,-41,e0:5a:1b:15:b2:ee,MF02FF
77382,ADV,-40,e0:5a:1b:15:b2:ee,MF0301
77483,ADV,-41,e0:5a:1b:15:b2:ee,MF0302
77599,ADV,-41,e0:5a:1b:15:b2:ee,MF0303
77804,ADV,-41,e0:5a:1b:15:b2:ee,MF0305
77905,ADV,-42,e0:5a:1b:15:b2:ee,MF0306
78011,ADV,-39,e0:5a:1b:15:b2:ee,MF0307
78120,ADV,-41,e0:5a:1b:15:b2:ee,MF0308
78213,ADV,-42,e0:5a:1b:15:b2:ee,MF0309
78332,ADV,-40,e0:5a:1b:15:b2:ee,MF030A
78426,ADV,-41,e0:5a:1b:15:b2:ee,MF030B
78521,ADV,-41,e0:5a:1b:15:b2:ee,MF030C
78627,ADV,-40,e0:5a:1b:15:b2:ee,MF030D
78733,ADV,-42,e0:5a:1b:15:b2:ee,MF030E
78836,ADV,-41,e0:5a:1b:15:b2:ee,MF030F
78942,ADV,-37,e0:5a:1b:15:b2:ee,MF0310
79047,ADV,-41,e0:5a:1b:15:b2:ee,MF0311
79145,ADV,-41,e0:5a:1b:15:b2:ee,MF0312
79257,ADV,-40,e0:5a:1b:15:b2:ee,MF0313
79595,ADV,-42,e0:5a:1b:15:b2:ee,MF0317
79784,ADV,-40,e0:5a:1b:15:b2:ee,MF0319
79994,ADV,-41,e0:5a:1b:15:b2:ee,MF031B
80103,ADV,-40,e0:5a:1b:15:b2:ee,MF031C
80204,ADV,-41,e0:5a:1b:15:b2:ee,MF031D
80309,ADV,-41,e0:5a:1b:15:b2:ee,MF031E
80422,ADV,-37,e0:5a:1b:15:b2:ee,MF031F
80516,ADV,-41,e0:5a:1b:15:b2:ee,MF0320
80621,ADV,-40,e0:5a:1b:15:b2:ee,MF0321
80729,ADV,-40,e0:5a:1b:15:b2:ee,MF0322
80835,ADV,-41,e0:5a:1b:15:b2:ee,MF0323
80931,ADV,-41,e0:5a:1b:15:b2:ee,MF0324
81038,ADV,-40,e0:5a:1b:15:b2:ee,MF0325
81143,ADV,-41,e0:5a:1b:15:b2:ee,MF0326
81363,ADV,-40,e0:5a:1b:15:b2:ee,MF0328
81461,ADV,-42,e0:5a:1b:15:b2:ee,MF0329
81567,ADV,-41,e0:5a:1b:15:b2:ee,MF032A
81667,ADV,-40,e0:5a:1b:15:b2:ee,MF032C
81991,ADV,-42,e0:5a:1b:15:b2:ee,MF032F
82085,ADV,-41,e0:5a:1b:15:b2:ee,MF0330
82183,ADV,-40,e0:5a:1b:15:b2:ee,MF0331
82291,ADV,-42,e0:5a:1b:15:b2:ee,MF0332
82498,ADV,-41,e0:5a:1b:15:b2:ee,MF0334
82619,ADV,-41,e0:5a:1b:15:b2:ee,MF0335
82704,ADV,-41,e0:5a:1b:15:b2:ee,MF0336
82805,ADV,-40,e0:5a:1b:15:b2:ee,MF0337
82925,ADV,-42,e0:5a:1b:15:b2:ee,MF0338
83019,ADV,-41,e0:5a:1b:15:b2:ee,MF0339
83229,ADV,-41,e0:5a:1b:15:b2:ee,MF033B
83335,ADV,-41,e0:5a:1b:15:b2:ee,MF033C
83449,ADV,-40,e0:5a:1b:15:b2:ee,MF033D
83549,ADV,-42,e0:5a:1b:15:b2:ee,MF033E
83660,ADV,-41,e0:5a:1b:15:b2:ee,MF033F
83769,ADV,-40,e0:5a:1b:15:b2:ee,MF0341
84084,ADV,-42,e0:5a:1b:15:b2:ee,MF0344
84207,ADV,-41,e0:5a:1b:15:b2:ee,MF0345
84293,ADV,-37,e0:5a:1b:15:b2:ee,MF0346
84533,ADV,-41,e0:5a:1b:15:b2:ee,MF0348
84609,ADV,-40,e0:5a:1b:15:b2:ee,MF0349
84713,ADV,-41,e0:5a:1b:15:b2:ee,MF034A
84817,ADV,-103,e0:5a:1b:15:b2:ee,MF034B
84928,ADV,-40,e0:5a:1b:15:b2:ee,MF034C
85049,ADV,-41,e0:5a:1b:15:b2:ee,MF034D
85136,ADV,-41,e0:5a:1b:15:b2:ee,MF034E
85263,ADV,-40,e0:5a:1b:15:b2:ee,MF034F
85340,ADV,-41,e0:5a:1b:15:b2:ee,MF0350
85438,ADV,-42,e0:5a:1b:15:b2:ee,MF0351
85654,ADV,-41,e0:5a:1b:15:b2:ee,MF0353
85756,ADV,-41,e0:5a:1b:15:b2:ee,MF0354
85959,ADV,-42,e0:5a:1b:15:b2:ee,MF0356
86059,ADV,-42,e0:5a:1b:15:b2:ee,MF0357
86163,ADV,-40,e0:5a:1b:15:b2:ee,MF0358
86262,ADV,-41,e0:5a:1b:15:b2:ee,MF0359
86368,ADV,-41,e0:5a:1b:15:b2:ee,MF035B
86586,ADV,-41,e0:5a:1b:15:b2:ee,MF035D
86687,ADV,-40,e0:5a:1b:15:b2:ee,MF035E
86790,ADV,-42,e0:5a:1b:15:b2:ee,MF035F
86893,ADV,-42,e0:5a:1b:15:b2:ee,MF0360
87003,ADV,-40,e0:5a:1b:15:b2:ee,MF0361
87108,ADV,-41,e0:5a:1b:15:b2:ee,MF0362
87207,ADV,-42,e0:5a:1b:15:b2:ee,MF0363
87308,ADV,-37,e0:5a:1b:15:b2:ee,MF0364
87418,ADV,-41,e0:5a:1b:15:b2:ee,MF0365
87519,ADV,-42,e0:5a:1b:15:b2:ee,MF0366
87635,ADV,-40,e0:5a:1b:15:b2:ee,MF0367
87747,ADV,-41,e0:5a:1b:15:b2:ee,MF0368
87837,ADV,-41,e0:5a:1b:15:b2:ee,MF0369
88055,ADV,-41,e0:5a:1b:15:b2:ee,MF036B
88169,ADV,-41,e0:5a:1b:15:b2:ee,MF036C
88484,ADV,-40,e0:5a:1b:15:b2:ee,MF0370
88593,ADV,-41,e0:5a:1b:15:b2:ee,MF0371
88695,ADV,-42,e0:5a:1b:15:b2:ee,MF0372
88805,ADV,-41,e0:5a:1b:15:b2:ee,MF0373
89009,ADV,-42,e0:5a:1b:15:b2:ee,MF0375
89110,ADV,-41,e0:5a:1b:15:b2:ee,MF0376
89218,ADV,-41,e0:5a:1b:15:b2:ee,MF0377
89317,ADV,-41,e0:5a:1b:15:b2:ee,MF0378
89426,ADV,-41,e0:5a:1b:15:b2:ee,MF0379
89540,ADV,-41,e0:5a:1b:15:b2:ee,MF037A
89643,ADV,-42,e0:5a:1b:15:b2:ee,MF037B
89748,ADV,-40,e0:5a:1b:15:b2:ee,MF037C
89846,ADV,-41,e0:5a:1b:15:b2:ee,MF037D
90054,ADV,-40,e0:5a:1b:15:b2:ee,MF037F
90158,ADV,-42,e0:5a:1b:15:b2:ee,MF0380
90264,ADV,-42,e0:5a:1b:15:b2:ee,MF0382
90367,ADV,-41,e0:5a:1b:15:b2:ee,MF0383
90686,ADV,-42,e0:5a:1b:15:b2:ee,MF0386
90791,ADV,-40,e0:5a:1b:15:b2:ee,MF0387
90888,ADV,-40,e0:5a:1b:15:b2:ee,MF0388
90996,ADV,-41,e0:5a:1b:15:b2:ee,MF0389
91208,ADV,-40,e0:5a:1b:15:b2:ee,MF038B
91311,ADV,-40,e0:5a:1b:15:b2:ee,MF038C
91529,ADV,-40,e0:5a:1b:15:b2:ee,MF038E
91621,ADV,-41,e0:5a:1b:15:b2:ee,MF038F
91732,ADV,-40,e0:5a:1b:15:b2:ee,MF0390
91829,ADV,-40,e0:5a:1b:15:b2:ee,MF0391
91937,ADV,-41,e0:5a:1b:15:b2:ee,MF0392
92027,ADV,-41,e0:5a:1b:15:b2:ee,MF0393
92131,ADV,-41,e0:5a:1b:15:b2:ee,MF0394
92235,ADV,-41,e0:5a:1b:15:b2:ee,MF0395
92347,ADV,-42,e0:5a:1b:15:b2:ee,MF0396
92444,ADV,-40,e0:5a:1b:15:b2:ee,MF0397
92553,ADV,-41,e0:5a:1b:15:b2:ee,MF0398
92767,ADV,-41,e0:5a:1b:15:b2:ee,MF039A
92870,ADV,-41,e0:5a:1b:15:b2:ee,MF039C
93382,ADV,-41,e0:5a:1b:15:b2:ee,MF03A1
93486,ADV,-42,e0:5a:1b:15:b2:ee,MF03A2
93595,ADV,-41,e0:5a:1b:15:b2:ee,MF03A3
93697,ADV,-41,e0:5a:1b:15:b2:ee,MF03A4
93804,ADV,-41,e0:5a:1b:15:b2:ee,MF03A5
93912,ADV,-41,e0:5a:1b:15:b2:ee,MF03A6
94029,ADV,-42,e0:5a:1b:15:b2:ee,MF03A7
94129,ADV,-40,e0:5a:1b:15:b2:ee,MF03A8
94233,ADV,-40,e0:5a:1b:15:b2:ee,MF03A9
94338,ADV,-42,e0:5a:1b:15:b2:ee,MF03AA
94445,ADV,-40,e0:5a:1b:15:b2:ee,MF03AB
94660,ADV,-42,e0:5a:1b:15:b2:ee,MF03AD
94764,ADV,-40,e0:5a:1b:15:b2:ee,MF03AF
94868,ADV,-40,e0:5a:1b:15:b2:ee,MF03B0
95190,ADV,-41,e0:5a:1b:15:b2:ee,MF03B3
95323,ADV,-41,e0:5a:1b:15:b2:ee,MF03B4
95401,ADV,-40,e0:5a:1b:15:b2:ee,MF03B5
95519,ADV,-41,e0:5a:1b:15:b2:ee,MF03B6
95608,ADV,-41,e0:5a:1b:15:b2:ee,MF03B7
95719,ADV,-37,e0:5a:1b:15:b2:ee,MF03B8
95938,ADV,-41,e0:5a:1b:15:b2:ee,MF03BA
96048,ADV,-40,e0:5a:1b:15:b2:ee,MF03BB
96149,ADV,-42,e0:5a:1b:15:b2:ee,MF03BC
96248,ADV,-41,e0:5a:1b:15:b2:ee,MF03BD
96351,ADV,-40,e0:5a:1b:15:b2:ee,MF03BE
96467,ADV,-42,e0:5a:1b:15:b2:ee,MF03BF
96566,ADV,-40,e0:5a:1b:15:b2:ee,MF03C1
96666,ADV,-40,e0:5a:1b:15:b2:ee,MF03C2
97282,ADV,-42,e0:5a:1b:15:b2:ee,MF03C8
97384,ADV,-41,e0:5a:1b:15:b2:ee,MF03C9
97501,ADV,-40,e0:5a:1b:15:b2:ee,MF03CA
97599,ADV,-41,e0:5a:1b:15:b2:ee,MF03CB
97708,ADV,-40,e0:5a:1b:15:b2:ee,MF03CC
97804,ADV,-40,e0:5a:1b:15:b2:ee,MF03CD
97908,ADV,-42,e0:5a:1b:15:b2:ee,MF03CE
98032,ADV,-40,e0:5a:1b:15:b2:ee,MF03CF
98124,ADV,-40,e0:5a:1b:15:b2:ee,MF03D0
98225,ADV,-41,e0:5a:1b:15:b2:ee,MF03D1
98331,ADV,-40,e0:5a:1b:15:b2:ee,MF03D2
98434,ADV,-40,e0:5a:1b:15:b2:ee,MF03D3
98544,ADV,-42,e0:5a:1b:15:b2:ee,MF03D4
98645,ADV,-41,e0:5a:1b:15:b2:ee,MF03D5
98768,ADV,-40,e0:5a:1b:15:b2:ee,MF03D6
98863,ADV,-42,e0:5a:1b:15:b2:ee,MF03D7
99182,ADV,-41,e0:5a:1b:15:b2:ee,MF03DB
99287,ADV,-40,e0:5a:1b:15:b2:ee,MF03DC
99398,ADV,-42,e0:5a:1b:15:b2:ee,MF03DD
99498,ADV,-41,e0:5a:1b:15:b2:ee,MF03DE
99703,ADV,-42,e0:5a:1b:15:b2:ee,MF03E0
99803,ADV,-104,e0:5a:1b:15:b2:ee,MF03E1
99905,ADV,-40,e0:5a:1b:15:b2:ee,MF03E2
100015,ADV,-41,e0:5a:1b:15:b2:ee,MF03E3
100119,ADV,-38,e0:5a:1b:15:b2:ee,MF03E4
100226,ADV,-40,e0:5a:1b:15:b2:ee,MF03E5
100333,ADV,-42,e0:5a:1b:15:b2:ee,MF03E6
100437,ADV,-41,e0:5a:1b:15:b2:ee,MF03E7
100549,ADV,-41,e0:5a:1b:15:b2:ee,MF03E8
100650,ADV,-41,e0:5a:1b:15:b2:ee,MF03E9
100753,ADV,-41,e0:5a:1b:15:b2:ee,MF03EA
100855,ADV,-40,e0:5a:1b:15:b2:ee,MF03EB
100960,ADV,-41,e0:5a:1b:15:b2:ee,MF03EC
101068,ADV,-42,e0:5a:1b:15:b2:ee,MF03EE
101168,ADV,-40,e0:5a:1b:15:b2:ee,MF03EF
101682,ADV,-40,e0:5a:1b:15:b2:ee,MF03F4
101792,ADV,-42,e0:5a:1b:15:b2:ee,MF03F5
101893,ADV,-40,e0:5a:1b:15:b2:ee,MF03F6
101994,ADV,-40,e0:5a:1b:15:b2:ee,MF03F7
102094,ADV,-41,e0:5a:1b:15:b2:ee,MF03F8
102199,ADV,-40,e0:5a:1b:15:b2:ee,MF03F9
102315,ADV,-40,e0:5a:1b:15:b2:ee,MF03FA
102411,ADV,-41,e0:5a:1b:15:b2:ee,MF03FB
102523,ADV,-41,e0:5a:1b:15:b2:ee,MF03FC
102623,ADV,-39,e0:5a:1b:15:b2:ee,MF03FD
102727,ADV,-42,e0:5a:1b:15:b2:ee,MF03FE
102817,ADV,-40,e0:5a:1b:15:b2:ee,MF03FF
102921,ADV,-40,e0:5a:1b:15:b2:ee,MF0400
103027,ADV,-41,e0:5a:1b:15:b2:ee,MF0401
103129,ADV,-40,e0:5a:1b:15:b2:ee,MF0402
103270,ADV,-40,e0:5a:1b:15:b2:ee,MF0403
103345,ADV,-41,e0:5a:1b:15:b2:ee,MF0404
103447,ADV,-40,e0:5a:1b:15:b2:ee,MF0405
103560,ADV,-39,e0:5a:1b:15:b2:ee,MF0406
103662,ADV,-42,e0:5a:1b:15:b2:ee,MF0407
103763,ADV,-40,e0:5a:1b:15:b2:ee,MF0409
104189,ADV,-42,e0:5a:1b:15:b2:ee,MF040D
104293,ADV,-39,e0:5a:1b:15:b2:ee,MF040E
104401,ADV,-36,e0:5a:1b:15:b2:ee,MF040F
104637,ADV,-40,e0:5a:1b:15:b2:ee,MF0411
104719,ADV,-39,e0:5a:1b:15:b2:ee,MF0412
104815,ADV,-42,e0:5a:1b:15:b2:ee,MF0413
104930,ADV,-40,e0:5a:1b:15:b2:ee,MF0414
105031,ADV,-40,e0:5a:1b:15:b2:ee,MF0415
105136,ADV,-41,e0:5a:1b:15:b2:ee,MF0416
105238,ADV,-40,e0:5a:1b:15:b2:ee,MF0417
105346,ADV,-40,e0:5a:1b:15:b2:ee,MF0418
105449,ADV,-41,e0:5a:1b:15:b2:ee,MF0419
105549,ADV,-40,e0:5a:1b:15:b2:ee,MF041A
105655,ADV,-40,e0:5a:1b:15:b2:ee,MF041B
105760,ADV,-41,e0:5a:1b:15:b2:ee,MF041C
105863,ADV,-41,e0:5a:1b:15:b2:ee,MF041E
106285,ADV,-42,e0:5a:1b:15:b2:ee,MF0422
106495,ADV,-40,e0:5a:1b:15:b2:ee,MF0424
106613,ADV,-42,e0:5a:1b:15:b2:ee,MF0425
106697,ADV,-41,e0:5a:1b:15:b2:ee,MF0426
106812,ADV,-40,e0:5a:1b:15:b2:ee,MF0427
106914,ADV,-41,e0:5a:1b:15:b2:ee,MF0428
107012,ADV,-40,e0:5a:1b:15:b2:ee,MF0429
107117,ADV,-37,e0:5a:1b:15:b2:ee,MF042A
107226,ADV,-41,e0:5a:1b:15:b2:ee,MF042B
107326,ADV,-40,e0:5a:1b:15:b2:ee,MF042C
107442,ADV,-40,e0:5a:1b:15:b2:ee,MF042D
107541,ADV,-41,e0:5a:1b:15:b2:ee,MF042E
107646,ADV,-38,e0:5a:1b:15:b2:ee,MF042F
107748,ADV,-41,e0:5a:1b:15:b2:ee,MF0430
107863,ADV,-41,e0:5a:1b:15:b2:ee,MF0431
107960,ADV,-41,e0:5a:1b:15:b2:ee,MF0432
108064,ADV,-40,e0:5a:1b:15:b2:ee,MF0433
108402,ADV,-41,e0:5a:1b:15:b2:ee,MF0437
108592,ADV,-40,e0:5a:1b:15:b2:ee,MF0439
108709,ADV,-42,e0:5a:1b:15:b2:ee,MF043A
108808,ADV,-37,e0:5a:1b:15:b2:ee,MF043B
108903,ADV,-40,e0:5a:1b:15:b2:ee,MF043C
109006,ADV,-42,e0:5a:1b:15:b2:ee,MF043D
109103,ADV,-40,e0:5a:1b:15:b2:ee,MF043E
109219,ADV,-40,e0:5a:1b:15:b2:ee,MF043F
109321,ADV,-42,e0:5a:1b:15:b2:ee,MF0440
109420,ADV,-40,e0:5a:1b:15:b2:ee,MF0441
109530,ADV,-37,e0:5a:1b:15:b2:ee,MF0442
109643,ADV,-42,e0:5a:1b:15:b2:ee,MF0443
109850,ADV,-40,e0:5a:1b:15:b2:ee,MF0445
109951,ADV,-41,e0:5a:1b:15:b2:ee,MF0446
110070,ADV,-41,e0:5a:1b:15:b2:ee,MF0447
110156,ADV,-37,e0:5a:1b:15:b2:ee,MF0448
110262,ADV,-42,e0:5a:1b:15:b2:ee,MF0449
110370,ADV,-40,e0:5a:1b:15:b2:ee,MF044A
110470,ADV,-40,e0:5a:1b:15:b2:ee,MF044C
110670,ADV,-40,e0:5a:1b:15:b2:ee,MF044E
110783,ADV,-41,e0:5a:1b:15:b2:ee,MF044F
110918,ADV,-40,e0:5a:1b:15:b2:ee,MF0450
110992,ADV,-39,e0:5a:1b:15:b2:ee,MF0451
111095,ADV,-42,e0:5a:1b:15:b2:ee,MF0452
111212,ADV,-40,e0:5a:1b:15:b2:ee,MF0453
111302,ADV,-40,e0:5a:1b:15:b2:ee,MF0454
111510,ADV,-40,e0:5a:1b:15:b2:ee,MF0456
111726,ADV,-41,e0:5a:1b:15:b2:ee,MF0458
111826,ADV,-40,e0:5a:1b:15:b2:ee,MF0459
111932,ADV,-39,e0:5a:1b:15:b2:ee,MF045A
112041,ADV,-42,e0:5a:1b:15:b2:ee,MF045B
112242,ADV,-37,e0:5a:1b:15:b2:ee,MF045D
112349,ADV,-42,e0:5a:1b:15:b2:ee,MF045E
112570,ADV,-36,e0:5a:1b:15:b2:ee,MF0461
112666,ADV,-42,e0:5a:1b:15:b2:ee,MF0462
112984,ADV,-40,e0:5a:1b:15:b2:ee,MF0465
113192,ADV,-42,e0:5a:1b:15:b2:ee,MF0467
113416,ADV,-39,e0:5a:1b:15:b2:ee,MF0469
113517,ADV,-42,e0:5a:1b:15:b2:ee,MF046A
113613,ADV,-41,e0:5a:1b:15:b2:ee,MF046B
113720,ADV,-40,e0:5a:1b:15:b2:ee,MF046C
113841,ADV,-42,e0:5a:1b:15:b2:ee,MF046D
113937,ADV,-41,e0:5a:1b:15:b2:ee,MF046E
114040,ADV,-40,e0:5a:1b:15:b2:ee,MF046F
114150,ADV,-42,e0:5a:1b:15:b2:ee,MF0470
114253,ADV,-41,e0:5a:1b:15:b2:ee,MF0471
114360,ADV,-40,e0:5a:1b:15:b2:ee,MF0472
114464,ADV,-42,e0:5a:1b:15:b2:ee,MF0474
114569,ADV,-41,e0:5a:1b:15:b2:ee,MF0475
114670,ADV,-41,e0:5a:1b:15:b2:ee,MF0476
114988,ADV,-42,e0:5a:1b:15:b2:ee,MF0479
115095,ADV,-41,e0:5a:1b:15:b2:ee,MF047A
115202,ADV,-41,e0:5a:1b:15:b2:ee,MF047B
115325,ADV,-43,e0:5a:1b:15:b2:ee,MF047C
115431,ADV,-40,e0:5a:1b:15:b2:ee,MF047D
115519,ADV,-40,e0:5a:1b:15:b2:ee,MF047E
115628,ADV,-43,e0:5a:1b:15:b2:ee,MF047F
115747,ADV,-41,e0:5a:1b:15:b2:ee,MF0480
115847,ADV,-40,e0:5a:1b:15:b2:ee,MF0481
115950,ADV,-43,e0:5a:1b:15:b2:ee,MF0482
116043,ADV,-41,e0:5a:1b:15:b2:ee,MF0483
116153,ADV,-40,e0:5a:1b:15:b2:ee,MF0484
116254,ADV,-42,e0:5a:1b:15:b2:ee,MF0485
116369,ADV,-41,e0:5a:1b:15:b2:ee,MF0486
116464,ADV,-40,e0:5a:1b:15:b2:ee,MF0488
116570,ADV,-42,e0:5a:1b:15:b2:ee,MF0489
116667,ADV,-41,e0:5a:1b:15:b2:ee,MF048A
116990,ADV,-41,e0:5a:1b:15:b2:ee,MF048D
117195,ADV,-41,e0:5a:1b:15:b2:ee,MF048F
117301,ADV,-40,e0:5a:1b:15:b2:ee,MF0490
117399,ADV,-42,e0:5a:1b:15:b2:ee,MF0491
117513,ADV,-41,e0:5a:1b:15:b2:ee,MF0492
117613,ADV,-40,e0:5a:1b:15:b2:ee,MF0493
117720,ADV,-42,e0:5a:1b:15:b2:ee,MF0494
117825,ADV,-40,e0:5a:1b:15:b2:ee,MF0495
117929,ADV,-40,e0:5a:1b:15:b2:ee,MF0496
118043,ADV,-42,e0:5a:1b:15:b2:ee,MF0497
118130,ADV,-39,e0:5a:1b:15:b2:ee,MF0498
118235,ADV,-40,e0:5a:1b:15:b2:ee,MF0499
118350,ADV,-45,e0:5a:1b:15:b2:ee,MF049A
118562,ADV,-39,e0:5a:1b:15:b2:ee,MF049C
118655,ADV,-43,e0:5a:1b:15:b2:ee,MF049D
118767,ADV,-40,e0:5a:1b:15:b2:ee,MF049E
118870,ADV,-40,e0:5a:1b:15:b2:ee,MF04A0
119087,ADV,-39,e0:5a:1b:15:b2:ee,MF04A2
119186,ADV,-42,e0:5a:1b:15:b2:ee,MF04A3
119288,ADV,-41,e0:5a:1b:15:b2:ee,MF04A4
119406,ADV,-40,e0:5a:1b:15:b2:ee,MF04A5
119510,ADV,-43,e0:5a:1b:15:b2:ee,MF04A6
119609,ADV,-41,e0:5a:1b:15:b2:ee,MF04A7
119714,ADV,-38,e0:5a:1b:15:b2:ee,MF04A8
119870,ADV,-42,e0:5a:1b:15:b2:ee,MF04A9
119922,ADV,-40,e0:5a:1b:15:b2:ee,MF04AA
120029,ADV,-39,e0:5a:1b:15:b2:ee,MF04AB
120135,ADV,-42,e0:5a:1b:15:b2:ee,MF04AC
120344,ADV,-40,e0:5a:1b:15:b2:ee,MF04AE
120465,ADV,-42,e0:5a:1b:15:b2:ee,MF04AF
120560,ADV,-40,e0:5a:1b:15:b2:ee,MF04B0
120666,ADV,-39,e0:5a:1b:15:b2:ee,MF04B2
120769,ADV,-43,e0:5a:1b:15:b2:ee,MF04B3
120868,ADV,-40,e0:5a:1b:15:b2:ee,MF04B4
121182,ADV,-40,e0:5a:1b:15:b2:ee,MF04B7
121293,ADV,-41,e0:5a:1b:15:b2:ee,MF04B8
121399,ADV,-40,e0:5a:1b:15:b2:ee,MF04B9
121500,ADV,-40,e0:5a:1b:15:b2:ee,MF04BA
123582,ADV,-40,e0:5a:1b:15:b2:ee,MF04BC
125588,ADV,-41,e0:5a:1b:15:b2:ee,MF04BD
127598,ADV,-42,e0:5a:1b:15:b2:ee,MF04BE
129600,ADV,-39,e0:5a:1b:15:b2:ee,MF04BF
131603,ADV,-39,e0:5a:1b:15:b2:ee,MF04C0
133615,ADV,-42,e0:5a:1b:15:b2:ee,MF04C1
137618,ADV,-41,e0:5a:1b:15:b2:ee,MF04C3
139632,ADV,-43,e0:5a:1b:15:b2:ee,MF04C4
141624,ADV,-40,e0:5a:1b:15:b2:ee,MF04C5
143638,ADV,-41,e0:5a:1b:15:b2:ee,MF04C6
145638,ADV,-42,e0:5a:1b:15:b2:ee,MF04C7
147646,ADV,-40,e0:5a:1b:15:b2:ee,MF04C8
151653,ADV,-43,e0:5a:1b:15:b2:ee,MF04CA
153665,ADV,-40,e0:5a:1b:15:b2:ee,MF04CB
155661,ADV,-42,e0:5a:1b:15:b2:ee,MF04CC
157670,ADV,-43,e0:5a:1b:15:b2:ee,MF04CD
165687,ADV,-43,e0:5a:1b:15:b2:ee,MF04D1
167688,ADV,-40,e0:5a:1b:15:b2:ee,MF04D2
169689,ADV,-41,e0:5a:1b:15:b2:ee,MF04D3
171702,ADV,-43,e0:5a:1b:15:b2:ee,MF04D4
173707,ADV,-40,e0:5a:1b:15:b2:ee,MF04D5
175714,ADV,-41,e0:5a:1b:15:b2:ee,MF04D6
177724,ADV,-43,e0:5a:1b:15:b2:ee,MF04D7
179718,ADV,-40,e0:5a:1b:15:b2:ee,MF04D8
181719,ADV,-41,e0:5a:1b:15:b2:ee,MF04D9
183738,ADV,-42,e0:5a:1b:15:b2:ee,MF04DA
185729,ADV,-40,e0:5a:1b:15:b2:ee,MF04DB
187736,ADV,-40,e0:5a:1b:15:b2:ee,MF04DC
189738,ADV,-42,e0:5a:1b:15:b2:ee,MF04DD
193750,ADV,-41,e0:5a:1b:15:b2:ee,MF04DF
195752,ADV,-42,e0:5a:1b:15:b2:ee,MF04E0
197758,ADV,-39,e0:5a:1b:15:b2:ee,MF04E1
199763,ADV,-41,e0:5a:1b:15:b2:ee,MF04E2
207795,ADV,-41,e0:5a:1b:15:b2:ee,MF04E6
209801,ADV,-41,e0:5a:1b:15:b2:ee,MF04E7
211806,ADV,-38,e0:5a:1b:15:b2:ee,MF04E8
214083,ADV,-41,e0:5a:1b:15:b2:ee,MF04EA
214597,ADV,-42,e0:5a:1b:15:b2:ee,MF04EB
215090,ADV,-46,e0:5a:1b:15:b2:ee,MF04EC
221589,ADV,-38,e0:5a:1b:15:b2:ee,MF04F0
223594,ADV,-41,e0:5a:1b:15:b2:ee,MF04F1
225598,ADV,-42,e0:5a:1b:15:b2:ee,MF04F2
227597,ADV,-39,e0:5a:1b:15:b2:ee,MF04F3
229623,ADV,-39,e0:5a:1b:15:b2:ee,MF04F4
233612,ADV,-40,e0:5a:1b:15:b2:ee,MF04F6
235621,ADV,-41,e0:5a:1b:15:b2:ee,MF04F7
237612,ADV,-42,e0:5a:1b:15:b2:ee,MF04F8
241623,ADV,-40,e0:5a:1b:15:b2:ee,MF04FA
243643,ADV,-41,e0:5a:1b:15:b2:ee,MF04FB
245631,ADV,-40,e0:5a:1b:15:b2:ee,MF04FC
247644,ADV,-48,e0:5a:1b:15:b2:ee,MF04FD
249641,ADV,-83,e0:5a:1b:15:b2:ee,MF04FE
251647,ADV,-40,e0:5a:1b:15:b2:ee,MF04FF
253654,ADV,-46,e0:5a:1b:15:b2:ee,MF0500
255658,ADV,-38,e0:5a:1b:15:b2:ee,MF0501
259666,ADV,-40,e0:5a:1b:15:b2:ee,MF0503
267686,ADV,-38,e0:5a:1b:15:b2:ee,MF0507
269685,ADV,-34,e0:5a:1b:15:b2:ee,MF0508
271709,ADV,-39,e0:5a:1b:15:b2:ee,MF0509
275708,ADV,-41,e0:5a:1b:15:b2:ee,MF050B
277716,ADV,-36,e0:5a:1b:15:b2:ee,MF050C
279729,ADV,-38,e0:5a:1b:15:b2:ee,MF050D
281746,ADV,-39,e0:5a:1b:15:b2:ee,MF050E
285571,ADV,-36,e0:5a:1b:15:b2:ee,MF0510
285785,ADV,-36,e0:5a:1b:15:b2:ee,MF0512
285889,ADV,-39,e0:5a:1b:15:b2:ee,MF0513
286024,ADV,-39,e0:5a:1b:15:b2:ee,MF0514
286089,ADV,-39,e0:5a:1b:15:b2:ee,MF0515
286190,ADV,-40,e0:5a:1b:15:b2:ee,MF0516
286305,ADV,-38,e0:5a:1b:15:b2:ee,MF0517
286402,ADV,-38,e0:5a:1b:15:b2:ee,MF0518
286504,ADV,-40,e0:5a:1b:15:b2:ee,MF0519
286612,ADV,-38,e0:5a:1b:15:b2:ee,MF051A
286714,ADV,-36,e0:5a:1b:15:b2:ee,MF051B
286815,ADV,-40,e0:5a:1b:15:b2:ee,MF051C
286923,ADV,-38,e0:5a:1b:15:b2:ee,MF051D
287023,ADV,-39,e0:5a:1b:15:b2:ee,MF051E
287130,ADV,-40,e0:5a:1b:15:b2:ee,MF051F
287246,ADV,-39,e0:5a:1b:15:b2:ee,MF0520
287342,ADV,-36,e0:5a:1b:15:b2:ee,MF0521
287447,ADV,-40,e0:5a:1b:15:b2:ee,MF0522
287553,ADV,-38,e0:5a:1b:15:b2:ee,MF0523
287755,ADV,-40,e0:5a:1b:15:b2:ee,MF0525
287871,ADV,-37,e0:5a:1b:15:b2:ee,MF0526
287968,ADV,-36,e0:5a:1b:15:b2:ee,MF0528
288065,ADV,-40,e0:5a:1b:15:b2:ee,MF0529
288484,ADV,-36,e0:5a:1b:15:b2:ee,MF052D
288596,ADV,-40,e0:5a:1b:15:b2:ee,MF052E
288694,ADV,-38,e0:5a:1b:15:b2:ee,MF052F
288796,ADV,-36,e0:5a:1b:15:b2:ee,MF0530
288914,ADV,-41,e0:5a:1b:15:b2:ee,MF0531
289014,ADV,-37,e0:5a:1b:15:b2:ee,MF0532
289117,ADV,-36,e0:5a:1b:15:b2:ee,MF0533
289219,ADV,-40,e0:5a:1b:15:b2:ee,MF0534
289435,ADV,-36,e0:5a:1b:15:b2:ee,MF0536
289546,ADV,-40,e0:5a:1b:15:b2:ee,MF0537
289654,ADV,-39,e0:5a:1b:15:b2:ee,MF0538
289749,ADV,-36,e0:5a:1b:15:b2:ee,MF0539
289863,ADV,-40,e0:5a:1b:15:b2:ee,MF053A
289968,ADV,-37,e0:5a:1b:15:b2:ee,MF053B
290059,ADV,-39,e0:5a:1b:15:b2:ee,MF053C
290168,ADV,-40,e0:5a:1b:15:b2:ee,MF053E
290491,ADV,-37,e0:5a:1b:15:b2:ee,MF0541
290705,ADV,-40,e0:5a:1b:15:b2:ee,MF0543
290812,ADV,-37,e0:5a:1b:15:b2:ee,MF0544
290914,ADV,-36,e0:5a:1b:15:b2:ee,MF0545
291018,ADV,-39,e0:5a:1b:15:b2:ee,MF0546
291117,ADV,-38,e0:5a:1b:15:b2:ee,MF0547
291231,ADV,-36,e0:5a:1b:15:b2:ee,MF0548
291333,ADV,-40,e0:5a:1b:15:b2:ee,MF0549
291432,ADV,-38,e0:5a:1b:15:b2:ee,MF054A
291529,ADV,-36,e0:5a:1b:15:b2:ee,MF054B
291572,ADV,-36,e0:5a:1b:15:b2:ee,MF054C
293088,ADV,-39,e0:5a:1b:15:b2:ee,MF054F
293595,ADV,-36,e0:5a:1b:15:b2:ee,MF0550
294099,ADV,-39,e0:5a:1b:15:b2:ee,MF0551
294600,ADV,-40,e0:5a:1b:15:b2:ee,MF0552
295103,ADV,-39,e0:5a:1b:15:b2:ee,MF0553
295611,ADV,-38,e0:5a:1b:15:b2:ee,MF0554
296118,ADV,-40,e0:5a:1b:15:b2:ee,MF0555
296616,ADV,-39,e0:5a:1b:15:b2:ee,MF0556
297122,ADV,-39,e0:5a:1b:15:b2:ee,MF0557
297572,ADV,-36,e0:5a:1b:15:b2:ee,MF0558
297987,ADV,-39,e0:5a:1b:15:b2:ee,MF055C
298085,ADV,-36,e0:5a:1b:15:b2:ee,MF055D
298197,ADV,-40,e0:5a:1b:15:b2:ee,MF055E
298312,ADV,-38,e0:5a:1b:15:b2:ee,MF055F
298409,ADV,-36,e0:5a:1b:15:b2:ee,MF0560
298517,ADV,-39,e0:5a:1b:15:b2:ee,MF0561
298620,ADV,-38,e0:5a:1b:15:b2:ee,MF0562
298725,ADV,-39,e0:5a:1b:15:b2:ee,MF0563
298830,ADV,-37,e0:5a:1b:15:b2:ee,MF0564
298939,ADV,-38,e0:5a:1b:15:b2:ee,MF0565
299048,ADV,-36,e0:5a:1b:15:b2:ee,MF0566
299157,ADV,-40,e0:5a:1b:15:b2:ee,MF0567
299260,ADV,-39,e0:5a:1b:15:b2:ee,MF0568
299362,ADV,-39,e0:5a:1b:15:b2:ee,MF056A
299470,ADV,-40,e0:5a:1b:15:b2:ee,MF056B
299791,ADV,-37,e0:5a:1b:15:b2:ee,MF056E
299895,ADV,-36,e0:5a:1b:15:b2:ee,MF056F
300036,ADV,-39,e0:5a:1b:15:b2:ee,MF0570
300146,ADV,-38,e0:5a:1b:15:b2:ee,MF0571
300217,ADV,-39,e0:5a:1b:15:b2:ee,MF0572
300317,ADV,-40,e0:5a:1b:15:b2:ee,MF0573
300428,ADV,-37,e0:5a:1b:15:b2:ee,MF0574
300535,ADV,-39,e0:5a:1b:15:b2:ee,MF0575
300644,ADV,-39,e0:5a:1b:15:b2:ee,MF0576
300756,ADV,-38,e0:5a:1b:15:b2:ee,MF0577
300846,ADV,-37,e0:5a:1b:15:b2:ee,MF0578
300948,ADV,-39,e0:5a:1b:15:b2:ee,MF0579
301056,ADV,-38,e0:5a:1b:15:b2:ee,MF057A
301164,ADV,-36,e0:5a:1b:15:b2:ee,MF057B
301263,ADV,-39,e0:5a:1b:15:b2:ee,MF057C
301368,ADV,-38,e0:5a:1b:15:b2:ee,MF057E
301787,ADV,-37,e0:5a:1b:15:b2:ee,MF0582
301892,ADV,-38,e0:5a:1b:15:b2:ee,MF0583
301994,ADV,-37,e0:5a:1b:15:b2:ee,MF0584
302106,ADV,-40,e0:5a:1b:15:b2:ee,MF0585
302212,ADV,-38,e0:5a:1b:15:b2:ee,MF0586
302313,ADV,-39,e0:5a:1b:15:b2:ee,MF0587
302420,ADV,-39,e0:5a:1b:15:b2:ee,MF0588
302523,ADV,-38,e0:5a:1b:15:b2:ee,MF0589
302629,ADV,-39,e0:5a:1b:15:b2:ee,MF058A
302738,ADV,-40,e0:5a:1b:15:b2:ee,MF058B
302852,ADV,-38,e0:5a:1b:15:b2:ee,MF058C
302949,ADV,-37,e0:5a:1b:15:b2:ee,MF058D
303051,ADV,-37,e0:5a:1b:15:b2:ee,MF058E
303157,ADV,-38,e0:5a:1b:15:b2:ee,MF058F
303271,ADV,-36,e0:5a:1b:15:b2:ee,MF0590
303468,ADV,-39,e0:5a:1b:15:b2:ee,MF0593
303572,ADV,-39,e0:5a:1b:15:b2:ee,MF0594
303785,ADV,-39,e0:5a:1b:15:b2:ee,MF0596
303886,ADV,-40,e0:5a:1b:15:b2:ee,MF0597
303995,ADV,-38,e0:5a:1b:15:b2:ee,MF0598
304109,ADV,-36,e0:5a:1b:15:b2:ee,MF0599
304201,ADV,-39,e0:5a:1b:15:b2:ee,MF059A
304303,ADV,-39,e0:5a:1b:15:b2:ee,MF059B
304415,ADV,-39,e0:5a:1b:15:b2:ee,MF059C
304508,ADV,-40,e0:5a:1b:15:b2:ee,MF059D
304616,ADV,-39,e0:5a:1b:15:b2:ee,MF059E
304715,ADV,-39,e0:5a:1b:15:b2:ee,MF059F
304825,ADV,-40,e0:5a:1b:15:b2:ee,MF05A0
304940,ADV,-38,e0:5a:1b:15:b2:ee,MF05A1
305040,ADV,-36,e0:5a:1b:15:b2:ee,MF05A2
305143,ADV,-40,e0:5a:1b:15:b2:ee,MF05A3
305256,ADV,-38,e0:5a:1b:15:b2:ee,MF05A4
305360,ADV,-39,e0:5a:1b:15:b2:ee,MF05A5
305452,ADV,-39,e0:5a:1b:15:b2:ee,MF05A6
305563,ADV,-38,e0:5a:1b:15:b2:ee,MF05A7
305666,ADV,-36,e0:5a:1b:15:b2:ee,MF05A9
305988,ADV,-40,e0:5a:1b:15:b2:ee,MF05AC
306109,ADV,-38,e0:5a:1b:15:b2:ee,MF05AD
306196,ADV,-36,e0:5a:1b:15:b2:ee,MF05AE
306301,ADV,-40,e0:5a:1b:15:b2:ee,MF05AF
306414,ADV,-38,e0:5a:1b:15:b2:ee,MF05B0
306514,ADV,-39,e0:5a:1b:15:b2:ee,MF05B1
306630,ADV,-40,e0:5a:1b:15:b2:ee,MF05B2
306729,ADV,-38,e0:5a:1b:15:b2:ee,MF05B3
306820,ADV,-36,e0:5a:1b:15:b2:ee,MF05B4
306928,ADV,-39,e0:5a:1b:15:b2:ee,MF05B5
307032,ADV,-38,e0:5a:1b:15:b2:ee,MF05B6
307154,ADV,-39,e0:5a:1b:15:b2:ee,MF05B7
307243,ADV,-40,e0:5a:1b:15:b2:ee,MF05B8
307355,ADV,-38,e0:5a:1b:15:b2:ee,MF05B9
307462,ADV,-39,e0:5a:1b:15:b2:ee,MF05BA
307572,ADV,-39,e0:5a:1b:15:b2:ee,MF05BC
307671,ADV,-38,e0:5a:1b:15:b2:ee,MF05BD
307768,ADV,-39,e0:5a:1b:15:b2:ee,MF05BE
308084,ADV,-40,e0:5a:1b:15:b2:ee,MF05C1
308195,ADV,-39,e0:5a:1b:15:b2:ee,MF05C2
308293,ADV,-39,e0:5a:1b:15:b2:ee,MF05C3
308420,ADV,-40,e0:5a:1b:15:b2:ee,MF05C4
308722,ADV,-37,e0:5a:1b:15:b2:ee,MF05C7
308832,ADV,-39,e0:5a:1b:15:b2:ee,MF05C8
308934,ADV,-36,e0:5a:1b:15:b2:ee,MF05C9
309042,ADV,-40,e0:5a:1b:15:b2:ee,MF05CA
309150,ADV,-38,e0:5a:1b:15:b2:ee,MF05CB
309250,ADV,-36,e0:5a:1b:15:b2:ee,MF05CC
309462,ADV,-38,e0:5a:1b:15:b2:ee,MF05CE
309569,ADV,-36,e0:5a:1b:15:b2:ee,MF05D0
309889,ADV,-40,e0:5a:1b:15:b2:ee,MF05D3
309997,ADV,-37,e0:5a:1b:15:b2:ee,MF05D4
310107,ADV,-39,e0:5a:1b:15:b2:ee,MF05D5
310211,ADV,-40,e0:5a:1b:15:b2:ee,MF05D6
310305,ADV,-38,e0:5a:1b:15:b2:ee,MF05D7
310403,ADV,-36,e0:5a:1b:15:b2:ee,MF05D8
310516,ADV,-40,e0:5a:1b:15:b2:ee,MF05D9
310619,ADV,-38,e0:5a:1b:15:b2:ee,MF05DA
310720,ADV,-36,e0:5a:1b:15:b2:ee,MF05DB
310829,ADV,-40,e0:5a:1b:15:b2:ee,MF05DC
310936,ADV,-38,e0:5a:1b:15:b2:ee,MF05DD
311035,ADV,-39,e0:5a:1b:15:b2:ee,MF05DE
311148,ADV,-40,e0:5a:1b:15:b2:ee,MF05DF
311246,ADV,-38,e0:5a:1b:15:b2:ee,MF05E0
311354,ADV,-39,e0:5a:1b:15:b2:ee,MF05E1
311458,ADV,-40,e0:5a:1b:15:b2:ee,MF05E2
311567,ADV,-37,e0:5a:1b:15:b2:ee,MF05E4
311671,ADV,-36,e0:5a:1b:15:b2:ee,MF05E5
311772,ADV,-39,e0:5a:1b:15:b2:ee,MF05E6
312089,ADV,-38,e0:5a:1b:15:b2:ee,MF05E9
312184,ADV,-39,e0:5a:1b:15:b2:ee,MF05EA
312289,ADV,-40,e0:5a:1b:15:b2:ee,MF05EB
312397,ADV,-38,e0:5a:1b:15:b2:ee,MF05EC
312502,ADV,-36,e0:5a:1b:15:b2:ee,MF05ED
312608,ADV,-40,e0:5a:1b:15:b2:ee,MF05EE
312719,ADV,-38,e0:5a:1b:15:b2:ee,MF05EF
312834,ADV,-39,e0:5a:1b:15:b2:ee,MF05F0
312926,ADV,-40,e0:5a:1b:15:b2:ee,MF05F1
313035,ADV,-38,e0:5a:1b:15:b2:ee,MF05F2
313142,ADV,-39,e0:5a:1b:15:b2:ee,MF05F3
313252,ADV,-39,e0:5a:1b:15:b2:ee,MF05F4
313371,ADV,-39,e0:5a:1b:15:b2:ee,MF05F5
313466,ADV,-36,e0:5a:1b:15:b2:ee,MF05F7
313571,ADV,-39,e0:5a:1b:15:b2:ee,MF05F8
313786,ADV,-40,e0:5a:1b:15:b2:ee,MF05FA
313887,ADV,-37,e0:5a:1b:15:b2:ee,MF05FB
313986,ADV,-36,e0:5a:1b:15:b2:ee,MF05FC
314088,ADV,-40,e0:5a:1b:15:b2:ee,MF05FD
314196,ADV,-39,e0:5a:1b:15:b2:ee,MF05FE
314308,ADV,-36,e0:5a:1b:15:b2:ee,MF05FF
314414,ADV,-40,e0:5a:1b:15:b2:ee,MF0600
314503,ADV,-38,e0:5a:1b:15:b2:ee,MF0601
314611,ADV,-36,e0:5a:1b:15:b2:ee,MF0602
314736,ADV,-40,e0:5a:1b:15:b2:ee,MF0603
314822,ADV,-38,e0:5a:1b:15:b2:ee,MF0604
314931,ADV,-39,e0:5a:1b:15:b2:ee,MF0605
315036,ADV,-40,e0:5a:1b:15:b2:ee,MF0606
315156,ADV,-39,e0:5a:1b:15:b2:ee,MF0607
315246,ADV,-37,e0:5a:1b:15:b2:ee,MF0608
315355,ADV,-40,e0:5a:1b:15:b2:ee,MF0609
315465,ADV,-39,e0:5a:1b:15:b2:ee,MF060B
315569,ADV,-36,e0:5a:1b:15:b2:ee,MF060C
315893,ADV,-40,e0:5a:1b:15:b2:ee,MF060F
315997,ADV,-37,e0:5a:1b:15:b2:ee,MF0610
316217,ADV,-40,e0:5a:1b:15:b2:ee,MF0612
316311,ADV,-38,e0:5a:1b:15:b2:ee,MF0613
316412,ADV,-39,e0:5a:1b:15:b2:ee,MF0614
316523,ADV,-40,e0:5a:1b:15:b2:ee,MF0615
316629,ADV,-38,e0:5a:1b:15:b2:ee,MF0616
316749,ADV,-39,e0:5a:1b:15:b2:ee,MF0617
316854,ADV,-40,e0:5a:1b:15:b2:ee,MF0618
316954,ADV,-37,e0:5a:1b:15:b2:ee,MF0619
317059,ADV,-39,e0:5a:1b:15:b2:ee,MF061A
317163,ADV,-39,e0:5a:1b:15:b2:ee,MF061B
317584,ADV,-39,e0:5a:1b:15:b2:ee,MF0620
317691,ADV,-40,e0:5a:1b:15:b2:ee,MF0621
317801,ADV,-38,e0:5a:1b:15:b2:ee,MF0622
317904,ADV,-39,e0:5a:1b:15:b2:ee,MF0623
318021,ADV,-40,e0:5a:1b:15:b2:ee,MF0624
318130,ADV,-37,e0:5a:1b:15:b2:ee,MF0625
318213,ADV,-36,e0:5a:1b:15:b2:ee,MF0626
318318,ADV,-40,e0:5a:1b:15:b2:ee,MF0627
318530,ADV,-36,e0:5a:1b:15:b2:ee,MF0629
318631,ADV,-40,e0:5a:1b:15:b2:ee,MF062A
318750,ADV,-38,e0:5a:1b:15:b2:ee,MF062B
318846,ADV,-36,e0:5a:1b:15:b2:ee,MF062C
319056,ADV,-38,e0:5a:1b:15:b2:ee,MF062E
319157,ADV,-36,e0:5a:1b:15:b2:ee,MF062F
319267,ADV,-40,e0:5a:1b:15:b2:ee,MF0631
319588,ADV,-38,e0:5a:1b:15:b2:ee,MF0634
319686,ADV,-37,e0:5a:1b:15:b2:ee,MF0635
319790,ADV,-40,e0:5a:1b:15:b2:ee,MF0636
319899,ADV,-39,e0:5a:1b:15:b2:ee,MF0637
320001,ADV,-39,e0:5a:1b:15:b2:ee,MF0638
320112,ADV,-40,e0:5a:1b:15:b2:ee,MF0639
320232,ADV,-38,e0:5a:1b:15:b2:ee,MF063A
320317,ADV,-39,e0:5a:1b:15:b2:ee,MF063B
320426,ADV,-39,e0:5a:1b:15:b2:ee,MF063C
320535,ADV,-38,e0:5a:1b:15:b2:ee,MF063D
320638,ADV,-37,e0:5a:1b:15:b2:ee,MF063E
320735,ADV,-40,e0:5a:1b:15:b2:ee,MF063F
320843,ADV,-37,e0:5a:1b:15:b2:ee,MF0640
320947,ADV,-36,e0:5a:1b:15:b2:ee,MF0641
321052,ADV,-40,e0:5a:1b:15:b2:ee,MF0642
321154,ADV,-38,e0:5a:1b:15:b2:ee,MF0643
321256,ADV,-39,e0:5a:1b:15:b2:ee,MF0644
321361,ADV,-40,e0:5a:1b:15:b2:ee,MF0645
321468,ADV,-38,e0:5a:1b:15:b2:ee,MF0647
321572,ADV,-36,e0:5a:1b:15:b2:ee,MF0648
321886,ADV,-39,e0:5a:1b:15:b2:ee,MF064B
321994,ADV,-38,e0:5a:1b:15:b2:ee,MF064C
322097,ADV,-39,e0:5a:1b:15:b2:ee,MF064D
322344,ADV,-38,e0:5a:1b:15:b2:ee,MF064F
322416,ADV,-39,e0:5a:1b:15:b2:ee,MF0650
322527,ADV,-40,e0:5a:1b:15:b2:ee,MF0651
322627,ADV,-38,e0:5a:1b:15:b2:ee,MF0652
322728,ADV,-39,e0:5a:1b:15:b2:ee,MF0653
322830,ADV,-40,e0:5a:1b:15:b2:ee,MF0654
322935,ADV,-38,e0:5a:1b:15:b2:ee,MF0655
323044,ADV,-38,e0:5a:1b:15:b2:ee,MF0656
323146,ADV,-39,e0:5a:1b:15:b2:ee,MF0657
323252,ADV,-38,e0:5a:1b:15:b2:ee,MF0658
323355,ADV,-39,e0:5a:1b:15:b2:ee,MF0659
323458,ADV,-39,e0:5a:1b:15:b2:ee,MF065A
323567,ADV,-38,e0:5a:1b:15:b2:ee,MF065C
323672,ADV,-39,e0:5a:1b:15:b2:ee,MF065D
324089,ADV,-39,e0:5a:1b:15:b2:ee,MF0661
324189,ADV,-39,e0:5a:1b:15:b2:ee,MF0662
324296,ADV,-39,e0:5a:1b:15:b2:ee,MF0663
324407,ADV,-38,e0:5a:1b:15:b2:ee,MF0664
324543,ADV,-39,e0:5a:1b:15:b2:ee,MF0665
324606,ADV,-40,e0:5a:1b:15:b2:ee,MF0666
324714,ADV,-39,e0:5a:1b:15:b2:ee,MF0667
324831,ADV,-37,e0:5a:1b:15:b2:ee,MF0668
324930,ADV,-40,e0:5a:1b:15:b2:ee,MF0669
325032,ADV,-39,e0:5a:1b:15:b2:ee,MF066A
325133,ADV,-39,e0:5a:1b:15:b2:ee,MF066B
325239,ADV,-40,e0:5a:1b:15:b2:ee,MF066C
325348,ADV,-38,e0:5a:1b:15:b2:ee,MF066D
325455,ADV,-39,e0:5a:1b:15:b2:ee,MF066E
325661,ADV,-39,e0:5a:1b:15:b2:ee,MF0670
325771,ADV,-37,e0:5a:1b:15:b2:ee,MF0672
326193,ADV,-38,e0:5a:1b:15:b2:ee,MF0676
326291,ADV,-39,e0:5a:1b:15:b2:ee,MF0677
326399,ADV,-40,e0:5a:1b:15:b2:ee,MF0678
326509,ADV,-39,e0:5a:1b:15:b2:ee,MF0679
332585,ADV,-39,e0:5a:1b:15:b2:ee,MF067D
336588,ADV,-40,e0:5a:1b:15:b2:ee,MF067F
338602,ADV,-37,e0:5a:1b:15:b2:ee,MF0680
340604,ADV,-39,e0:5a:1b:15:b2:ee,MF0681
344610,ADV,-37,e0:5a:1b:15:b2:ee,MF0683
346626,ADV,-38,e0:5a:1b:15:b2:ee,MF0684
348621,ADV,-40,e0:5a:1b:15:b2:ee,MF0685
350623,ADV,-36,e0:5a:1b:15:b2:ee,MF0686
352631,ADV,-39,e0:5a:1b:15:b2:ee,MF0687
356638,ADV,-39,e0:5a:1b:15:b2:ee,MF0689
358643,ADV,-37,e0:5a:1b:15:b2:ee,MF068A
360658,ADV,-40,e0:5a:1b:15:b2:ee,MF068B
364659,ADV,-38,e0:5a:1b:15:b2:ee,MF068D
366658,ADV,-37,e0:5a:1b:15:b2:ee,MF068E
368672,ADV,-36,e0:5a:1b:15:b2:ee,MF068F
370671,ADV,-37,e0:5a:1b:15:b2:ee,MF0690
372672,ADV,-39,e0:5a:1b:15:b2:ee,MF0691
376687,ADV,-39,e0:5a:1b:15:b2:ee,MF0693
378707,ADV,-39,e0:5a:1b:15:b2:ee,MF0694
382700,ADV,-37,e0:5a:1b:15:b2:ee,MF0696
384712,ADV,-37,e0:5a:1b:15:b2:ee,MF0697
386720,ADV,-39,e0:5a:1b:15:b2:ee,MF0698
388722,ADV,-39,e0:5a:1b:15:b2:ee,MF0699
392732,ADV,-39,e0:5a:1b:15:b2:ee,MF069B
394736,ADV,-39,e0:5a:1b:15:b2:ee,MF069C
396732,ADV,-38,e0:5a:1b:15:b2:ee,MF069D
398739,ADV,-39,e0:5a:1b:15:b2:ee,MF069E
400735,ADV,-36,e0:5a:1b:15:b2:ee,MF069F
402746,ADV,-39,e0:5a:1b:15:b2:ee,MF06A0
406760,ADV,-39,e0:5a:1b:15:b2:ee,MF06A2
408771,ADV,-39,e0:5a:1b:15:b2:ee,MF06A3
410772,ADV,-39,e0:5a:1b:15:b2:ee,MF06A4
414788,ADV,-39,e0:5a:1b:15:b2:ee,MF06A6
416791,ADV,-38,e0:5a:1b:15:b2:ee,MF06A7
418815,ADV,-39,e0:5a:1b:15:b2:ee,MF06A8
420801,ADV,-36,e0:5a:1b:15:b2:ee,MF06A9
422802,ADV,-39,e0:5a:1b:15:b2:ee,MF06AA
424818,ADV,-37,e0:5a:1b:15:b2:ee,MF06AB
426819,ADV,-37,e0:5a:1b:15:b2:ee,MF06AC
428815,ADV,-37,e0:5a:1b:15:b2:ee,MF06AD
432825,ADV,-36,e0:5a:1b:15:b2:ee,MF06AF
434834,ADV,-38,e0:5a:1b:15:b2:ee,MF06B0
436836,ADV,-40,e0:5a:1b:15:b2:ee,MF06B1
438843,ADV,-39,e0:5a:1b:15:b2:ee,MF06B2
440853,ADV,-38,e0:5a:1b:15:b2:ee,MF06B3
442862,ADV,-39,e0:5a:1b:15:b2:ee,MF06B4
444873,ADV,-39,e0:5a:1b:15:b2:ee,MF06B5
450889,ADV,-40,e0:5a:1b:15:b2:ee,MF06B8
452888,ADV,-36,e0:5a:1b:15:b2:ee,MF06B9
454892,ADV,-39,e0:5a:1b:15:b2:ee,MF06BA
456899,ADV,-40,e0:5a:1b:15:b2:ee,MF06BB
458904,ADV,-35,e0:5a:1b:15:b2:ee,MF06BC
460918,ADV,-39,e0:5a:1b:15:b2:ee,MF06BD
462915,ADV,-39,e0:5a:1b:15:b2:ee,MF06BE
464922,ADV,-36,e0:5a:1b:15:b2:ee,MF06BF
466942,ADV,-39,e0:5a:1b:15:b2:ee,MF06C0
468932,ADV,-39,e0:5a:1b:15:b2:ee,MF06C1
470938,ADV,-36,e0:5a:1b:15:b2:ee,MF06C2
472946,ADV,-39,e0:5a:1b:15:b2:ee,MF06C3
474946,ADV,-39,e0:5a:1b:15:b2:ee,MF06C4
476953,ADV,-38,e0:5a:1b:15:b2:ee,MF06C5
478962,ADV,-38,e0:5a:1b:15:b2:ee,MF06C6
480973,ADV,-39,e0:5a:1b:15:b2:ee,MF06C7
482964,ADV,-35,e0:5a:1b:15:b2:ee,MF06C8
484974,ADV,-39,e0:5a:1b:15:b2:ee,MF06C9
490987,ADV,-36,e0:5a:1b:15:b2:ee,MF06CC
492993,ADV,-39,e0:5a:1b:15:b2:ee,MF06CD
494996,ADV,-39,e0:5a:1b:15:b2:ee,MF06CE
497006,ADV,-36,e0:5a:1b:15:b2:ee,MF06CF
499011,ADV,-38,e0:5a:1b:15:b2:ee,MF06D0
501013,ADV,-39,e0:5a:1b:15:b2:ee,MF06D1
505028,ADV,-38,e0:5a:1b:15:b2:ee,MF06D3
507026,ADV,-39,e0:5a:1b:15:b2:ee,MF06D4
509033,ADV,-36,e0:5a:1b:15:b2:ee,MF06D5
511050,ADV,-38,e0:5a:1b:15:b2:ee,MF06D6
515058,ADV,-36,e0:5a:1b:15:b2:ee,MF06D8
517060,ADV,-38,e0:5a:1b:15:b2:ee,MF06D9
519061,ADV,-38,e0:5a:1b:15:b2:ee,MF06DA
521069,ADV,-36,e0:5a:1b:15:b2:ee,MF06DB
527092,ADV,-38,e0:5a:1b:15:b2:ee,MF06DE
529089,ADV,-37,e0:5a:1b:15:b2:ee,MF06DF
531104,ADV,-39,e0:5a:1b:15:b2:ee,MF06E0
533101,ADV,-39,e0:5a:1b:15:b2:ee,MF06E1
535099,ADV,-36,e0:5a:1b:15:b2:ee,MF06E2
537113,ADV,-38,e0:5a:1b:15:b2:ee,MF06E3
539108,ADV,-39,e0:5a:1b:15:b2:ee,MF06E4
541108,ADV,-39,e0:5a:1b:15:b2:ee,MF06E5
543112,ADV,-39,e0:5a:1b:15:b2:ee,MF06E6
547117,ADV,-37,e0:5a:1b:15:b2:ee,MF06E8
549146,ADV,-39,e0:5a:1b:15:b2:ee,MF06E9
551127,ADV,-39,e0:5a:1b:15:b2:ee,MF06EA
553144,ADV,-36,e0:5a:1b:15:b2:ee,MF06EB
555171,ADV,-38,e0:5a:1b:15:b2:ee,MF06EC
557152,ADV,-39,e0:5a:1b:15:b2:ee,MF06ED
559152,ADV,-36,e0:5a:1b:15:b2:ee,MF06EE
561165,ADV,-39,e0:5a:1b:15:b2:ee,MF06EF
563168,ADV,-39,e0:5a:1b:15:b2:ee,MF06F0
565169,ADV,-39,e0:5a:1b:15:b2:ee,MF06F1
567173,ADV,-39,e0:5a:1b:15:b2:ee,MF06F2
574573,ADV,-38,e0:5a:1b:15:b2:ee,MF06F6
575074,ADV,-39,e0:5a:1b:15:b2:ee,MF06F7
576091,ADV,-38,e0:5a:1b:15:b2:ee,MF06F9
580574,ADV,-39,e0:5a:1b:15:b2:ee,MF06FC
582089,ADV,-38,e0:5a:1b:15:b2:ee,MF06FF
582575,ADV,-36,e0:5a:1b:15:b2:ee,MF0700
586574,ADV,-39,e0:5a:1b:15:b2:ee,MF0705
588573,ADV,-36,e0:5a:1b:15:b2:ee,MF0706
594592,ADV,-39,e0:5a:1b:15:b2:ee,MF0709
596591,ADV,-39,e0:5a:1b:15:b2:ee,MF070A
598597,ADV,-39,e0:5a:1b:15:b2:ee,MF070B
