time_center_s,p0_loco,p1_trans,p2_stat,p3_unk,y_hat,U,U_ema,CCS,CCS_ema,mask_eval_window,window_len_s,stride_s
1.0,0.896498,0.033483,0.070019,0.000000,0,0.362149,0.362149,0.000000,0.000000,1,2.0,1.0
2.0,0.896498,0.033483,0.070019,0.000000,0,0.362149,0.362149,0.190267,0.038053,1,2.0,1.0
3.0,0.878117,0.036575,0.085308,0.000000,0,0.405167,0.370753,0.205571,0.071557,1,2.0,1.0
4.0,0.847778,0.039157,0.113064,0.000000,0,0.467256,0.390053,0.244474,0.106140,1,2.0,1.0
5.0,0.836939,0.038659,0.124402,0.000000,0,0.486084,0.409259,0.274882,0.139889,1,2.0,1.0
6.0,0.861426,0.035558,0.103016,0.000000,0,0.438079,0.415023,0.264849,0.164881,1,2.0,1.0
7.0,0.848028,0.038337,0.113635,0.000000,0,0.465997,0.425218,0.256417,0.183188,1,2.0,1.0
8.0,0.834111,0.041944,0.123945,0.000000,0,0.494359,0.439046,0.276958,0.201942,1,2.0,1.0
9.0,0.834095,0.041948,0.123957,0.000000,0,0.494389,0.450115,0.287149,0.218983,1,2.0,1.0
10.0,0.844843,0.042497,0.112660,0.000000,0,0.475730,0.455238,0.279573,0.231101,1,2.0,1.0
11.0,0.836929,0.038656,0.124415,0.000000,0,0.486100,0.461410,0.277267,0.240335,1,2.0,1.0
12.0,0.857987,0.038897,0.103116,0.000000,0,0.447815,0.458691,0.267593,0.245786,1,2.0,1.0
13.0,0.857987,0.038897,0.103116,0.000000,0,0.447815,0.456516,0.251712,0.246971,0,2.0,1.0
14.0,0.678713,0.070759,0.250527,0.000000,0,0.725662,0.510345,0.389087,0.275395,0,2.0,1.0
15.0,0.654930,0.167784,0.177287,0.000000,0,0.804101,0.569096,0.499203,0.320156,0,2.0,1.0
16.0,0.221767,0.650392,0.127842,0.000000,1,0.798062,0.614889,0.722969,0.400719,0,2.0,1.0
17.0,0.186386,0.670261,0.143353,0.000000,1,0.782565,0.648425,0.504407,0.421456,1,2.0,1.0
18.0,0.688102,0.285594,0.026303,0.000000,0,0.647016,0.648143,0.676554,0.472476,1,2.0,1.0
19.0,0.504931,0.424201,0.070867,0.000000,0,0.815930,0.681700,0.529542,0.483889,1,2.0,1.0
20.0,0.379550,0.554849,0.065602,0.000000,1,0.794861,0.704332,0.568337,0.500779,1,2.0,1.0
21.0,0.608553,0.363622,0.027826,0.000000,0,0.700676,0.703601,0.565444,0.513712,1,2.0,1.0
22.0,0.512423,0.433866,0.053712,0.000000,0,0.784585,0.719798,0.528906,0.516751,1,2.0,1.0
23.0,0.517704,0.449207,0.033089,0.000000,0,0.740120,0.723862,0.538044,0.521009,1,2.0,1.0
24.0,0.640767,0.337359,0.021873,0.000000,0,0.669377,0.712965,0.516005,0.520008,1,2.0,1.0
25.0,0.375143,0.543598,0.081259,0.000000,1,0.822060,0.734784,0.574455,0.530898,1,2.0,1.0
26.0,0.645872,0.329023,0.025105,0.000000,0,0.674124,0.722652,0.576809,0.540080,1,2.0,1.0
27.0,0.909098,0.085160,0.005742,0.000000,0,0.296771,0.637476,0.384675,0.508999,1,2.0,1.0
28.0,0.695529,0.232163,0.072307,0.000000,0,0.711356,0.652252,0.347510,0.476701,0,2.0,1.0
29.0,0.439572,0.051134,0.509293,0.000000,2,0.780059,0.677813,0.645567,0.510474,0,2.0,1.0
30.0,0.002890,0.003282,0.993828,0.000000,2,0.038064,0.549863,0.492412,0.506862,0,2.0,1.0
31.0,0.000315,0.002531,0.997155,0.000000,2,0.018668,0.443624,0.008990,0.407288,1,2.0,1.0
32.0,0.000315,0.002528,0.997158,0.000000,2,0.018654,0.358630,0.005673,0.326965,1,2.0,1.0
33.0,0.000344,0.002528,0.997129,0.000000,2,0.018865,0.290677,0.005699,0.262712,1,2.0,1.0
34.0,0.000344,0.002528,0.997129,0.000000,2,0.018865,0.236315,0.005728,0.211315,1,2.0,1.0
35.0,0.000323,0.002528,0.997149,0.000000,2,0.018716,0.192795,0.005708,0.170193,1,2.0,1.0
36.0,0.000323,0.002530,0.997147,0.000000,2,0.018730,0.157982,0.005690,0.137293,1,2.0,1.0
37.0,0.000290,0.002267,0.997443,0.000000,2,0.017038,0.129793,0.005397,0.110914,1,2.0,1.0
38.0,0.000282,0.002264,0.997453,0.000000,2,0.016967,0.107228,0.005092,0.089749,1,2.0,1.0
39.0,0.000383,0.002819,0.996798,0.000000,2,0.020717,0.089926,0.005734,0.072946,1,2.0,1.0
40.0,0.000335,0.002528,0.997137,0.000000,2,0.018801,0.075701,0.006048,0.059567,1,2.0,1.0
41.0,0.000315,0.002525,0.997160,0.000000,2,0.018638,0.064288,0.005687,0.048791,1,2.0,1.0
42.0,0.000315,0.002531,0.997155,0.000000,2,0.018668,0.055164,0.005670,0.040167,0,2.0,1.0
43.0,0.000706,0.003676,0.995618,0.000000,2,0.027403,0.049612,0.007205,0.033574,0,2.0,1.0
44.0,0.007407,0.991549,0.001043,0.000000,1,0.047253,0.049140,0.995311,0.225922,0,2.0,1.0
45.0,0.000342,0.999658,0.000000,0.000000,1,0.002800,0.039872,0.008788,0.182495,0,2.0,1.0
46.0,0.000595,0.999400,0.000005,0.000000,1,0.004623,0.032822,0.000942,0.146184,1,2.0,1.0
47.0,0.000383,0.999615,0.000002,0.000000,1,0.003114,0.026881,0.000984,0.117144,1,2.0,1.0
48.0,0.000475,0.999525,0.000000,0.000000,1,0.003743,0.022253,0.000860,0.093887,1,2.0,1.0
49.0,0.000376,0.999595,0.000029,0.000000,1,0.003341,0.018471,0.000879,0.075286,1,2.0,1.0
50.0,0.000247,0.999753,0.000000,0.000000,1,0.002093,0.015195,0.000651,0.060359,1,2.0,1.0
51.0,0.000342,0.999658,0.000000,0.000000,1,0.002800,0.012716,0.000589,0.048405,1,2.0,1.0
52.0,0.001220,0.998684,0.000096,0.000000,1,0.009455,0.012064,0.001657,0.039055,1,2.0,1.0
53.0,0.000198,0.999801,0.000000,0.000000,1,0.001722,0.009996,0.001514,0.031547,1,2.0,1.0
54.0,0.000276,0.999722,0.000002,0.000000,1,0.002331,0.008463,0.000476,0.025333,1,2.0,1.0
55.0,0.000478,0.999519,0.000002,0.000000,1,0.003793,0.007529,0.000758,0.020418,1,2.0,1.0
56.0,0.000342,0.999658,0.000000,0.000000,1,0.002799,0.006583,0.000823,0.016499,1,2.0,1.0
57.0,0.000615,0.999351,0.000034,0.000000,1,0.005049,0.006276,0.000991,0.013397,0,2.0,1.0
58.0,0.010323,0.984901,0.004776,0.000000,1,0.079848,0.020991,0.015732,0.013864,0,2.0,1.0
59.0,0.172673,0.747977,0.079350,0.000000,1,0.656773,0.148147,0.261155,0.063323,0,2.0,1.0
60.0,0.549583,0.401013,0.049404,0.000000,0,0.768244,0.272166,0.601233,0.170905,1,2.0,1.0
61.0,0.489017,0.465787,0.045196,0.000000,0,0.769750,0.371683,0.542225,0.245169,1,2.0,1.0
62.0,0.436130,0.484323,0.079547,0.000000,1,0.832330,0.463813,0.557538,0.307643,1,2.0,1.0
63.0,0.381008,0.526255,0.092736,0.000000,1,0.842894,0.539629,0.571576,0.360429,1,2.0,1.0
64.0,0.418475,0.515365,0.066159,0.000000,1,0.806329,0.592969,0.563208,0.400985,1,2.0,1.0
65.0,0.437096,0.491311,0.071592,0.000000,1,0.818922,0.638159,0.559145,0.432617,1,2.0,1.0
66.0,0.274750,0.585090,0.140160,0.000000,1,0.859230,0.682373,0.582412,0.462576,1,2.0,1.0
67.0,0.304197,0.601942,0.093861,0.000000,1,0.809776,0.707854,0.551076,0.480276,1,2.0,1.0
68.0,0.438984,0.505083,0.055933,0.000000,1,0.789805,0.724244,0.557182,0.495657,1,2.0,1.0
69.0,0.495270,0.443430,0.061300,0.000000,0,0.800788,0.739553,0.555187,0.507563,1,2.0,1.0
70.0,0.494262,0.442528,0.063209,0.000000,0,0.804299,0.752502,0.555102,0.517071,1,2.0,1.0
71.0,0.466848,0.466750,0.066402,0.000000,0,0.811343,0.764270,0.558507,0.525358,0,2.0,1.0
72.0,0.288262,0.662681,0.049057,0.000000,1,0.709194,0.753255,0.552862,0.530859,0,2.0,1.0
73.0,0.488283,0.509206,0.002510,0.000000,1,0.645110,0.731626,0.521682,0.529023,0,2.0,1.0
74.0,0.977624,0.022320,0.000055,0.000000,0,0.097879,0.604877,0.511277,0.525474,0,2.0,1.0
75.0,0.975783,0.024134,0.000083,0.000000,0,0.104297,0.504761,0.045512,0.429482,1,2.0,1.0
76.0,0.971182,0.028726,0.000093,0.000000,0,0.119454,0.427699,0.051644,0.353914,1,2.0,1.0
77.0,0.980253,0.019680,0.000067,0.000000,0,0.088750,0.359910,0.047431,0.292618,1,2.0,1.0
78.0,0.980223,0.019693,0.000083,0.000000,0,0.088936,0.305715,0.038746,0.241843,1,2.0,1.0
79.0,0.986860,0.013073,0.000067,0.000000,0,0.064076,0.257387,0.032399,0.199954,1,2.0,1.0
80.0,0.986925,0.013020,0.000055,0.000000,0,0.063762,0.218662,0.025872,0.165138,1,2.0,1.0
81.0,0.976619,0.023305,0.000076,0.000000,0,0.101432,0.195216,0.035847,0.139280,1,2.0,1.0
82.0,0.973655,0.026269,0.000076,0.000000,0,0.111340,0.178441,0.048498,0.121123,1,2.0,1.0
83.0,0.956620,0.043294,0.000086,0.000000,0,0.163082,0.175369,0.067445,0.110388,1,2.0,1.0
84.0,0.964740,0.035184,0.000076,0.000000,0,0.139373,0.168170,0.075587,0.103428,1,2.0,1.0
85.0,0.969201,0.030716,0.000083,0.000000,0,0.125687,0.159673,0.063892,0.095521,1,2.0,1.0
86.0,0.977575,0.022369,0.000057,0.000000,0,0.098058,0.147350,0.051847,0.086786,0,2.0,1.0
87.0,0.496749,0.499243,0.004008,0.000000,1,0.652173,0.248315,0.503223,0.170073,0,2.0,1.0
88.0,0.000637,0.245089,0.754274,0.000000,2,0.511570,0.300966,0.874302,0.310919,0,2.0,1.0
89.0,0.000030,0.058505,0.941466,0.000000,2,0.203139,0.281401,0.275538,0.303843,1,2.0,1.0
90.0,0.000021,0.035182,0.964797,0.000000,2,0.138867,0.252894,0.089618,0.260998,1,2.0,1.0
91.0,0.000011,0.014845,0.985144,0.000000,2,0.070426,0.216400,0.049013,0.218601,1,2.0,1.0
92.0,0.000012,0.023572,0.976416,0.000000,2,0.101747,0.193470,0.037739,0.182429,1,2.0,1.0
93.0,0.000038,0.078652,0.921310,0.000000,2,0.251121,0.205000,0.098564,0.165656,1,2.0,1.0
94.0,0.000022,0.038868,0.961110,0.000000,2,0.149810,0.193962,0.111462,0.154817,1,2.0,1.0
95.0,0.000013,0.021121,0.978867,0.000000,2,0.093323,0.173834,0.058380,0.135530,1,2.0,1.0
96.0,0.000019,0.046490,0.953491,0.000000,2,0.171376,0.173342,0.065678,0.121559,1,2.0,1.0
97.0,0.000030,0.065562,0.934408,0.000000,2,0.220588,0.182792,0.106002,0.118448,1,2.0,1.0
98.0,0.000019,0.035073,0.964909,0.000000,2,0.138516,0.173936,0.096081,0.113975,1,2.0,1.0
99.0,0.000033,0.064770,0.935197,0.000000,2,0.218700,0.182889,0.095348,0.110249,1,2.0,1.0
100.0,0.000092,0.161284,0.838624,0.000000,2,0.402984,0.226908,0.205275,0.129254,0,2.0,1.0
101.0,0.000864,0.385685,0.613451,0.000000,2,0.612881,0.304102,0.423340,0.188072,0,2.0,1.0
102.0,0.721507,0.277684,0.000809,0.000000,0,0.543465,0.351975,0.891782,0.328814,0,2.0,1.0
103.0,0.998396,0.001603,0.000001,0.000000,0,0.010863,0.283753,0.279205,0.318892,0,2.0,1.0
104.0,0.996940,0.003058,0.000001,0.000000,0,0.018916,0.230785,0.004654,0.256044,1,2.0,1.0
105.0,0.970567,0.029427,0.000006,0.000000,0,0.120903,0.208809,0.032313,0.211298,1,2.0,1.0
106.0,0.994128,0.005870,0.000002,0.000000,0,0.032803,0.173608,0.034959,0.176030,1,2.0,1.0
107.0,0.997533,0.002466,0.000001,0.000000,0,0.015740,0.142034,0.008310,0.142486,1,2.0,1.0
108.0,0.997222,0.002775,0.000003,0.000000,0,0.017433,0.117114,0.005232,0.115035,1,2.0,1.0
109.0,0.999055,0.000944,0.000001,0.000000,0,0.006860,0.095063,0.003718,0.092772,1,2.0,1.0
110.0,0.997210,0.002787,0.000003,0.000000,0,0.017497,0.079550,0.003730,0.074964,1,2.0,1.0
111.0,0.994082,0.005913,0.000005,0.000000,0,0.033041,0.070248,0.008675,0.061706,1,2.0,1.0
112.0,0.994680,0.005315,0.000005,0.000000,0,0.030223,0.062243,0.011175,0.051600,1,2.0,1.0
113.0,0.995746,0.004251,0.000002,0.000000,0,0.025023,0.054799,0.009528,0.043186,1,2.0,1.0
114.0,0.990939,0.009057,0.000004,0.000000,0,0.047037,0.053247,0.013238,0.037196,1,2.0,1.0
115.0,0.996185,0.003813,0.000003,0.000000,0,0.022823,0.047162,0.012807,0.032318,0,2.0,1.0
116.0,0.555290,0.412546,0.032164,0.000000,0,0.730444,0.183818,0.445255,0.114906,0,2.0,1.0
117.0,0.000915,0.998924,0.000161,0.000000,1,0.008088,0.148672,0.587385,0.209402,0,2.0,1.0
118.0,0.001138,0.998831,0.000031,0.000000,1,0.008380,0.120614,0.002243,0.167970,1,2.0,1.0
119.0,0.009010,0.990962,0.000028,0.000000,1,0.047083,0.105908,0.010187,0.136413,1,2.0,1.0
120.0,0.012463,0.987506,0.000031,0.000000,1,0.061342,0.096994,0.021308,0.113392,1,2.0,1.0
121.0,0.019167,0.980819,0.000014,0.000000,1,0.086431,0.094882,0.031197,0.096953,1,2.0,1.0
122.0,0.026409,0.973580,0.000012,0.000000,1,0.111205,0.098146,0.044589,0.086480,1,2.0,1.0
123.0,0.009010,0.990974,0.000016,0.000000,1,0.046964,0.087910,0.034970,0.076178,1,2.0,1.0
124.0,0.001269,0.998706,0.000025,0.000000,1,0.009124,0.072153,0.010297,0.063002,1,2.0,1.0
125.0,0.002191,0.997789,0.000020,0.000000,1,0.014417,0.060606,0.003499,0.051101,1,2.0,1.0
126.0,0.009010,0.990983,0.000008,0.000000,1,0.046875,0.057860,0.011188,0.043119,1,2.0,1.0
127.0,0.003038,0.996953,0.000008,0.000000,1,0.018888,0.050065,0.012009,0.036897,1,2.0,1.0
128.0,0.002191,0.997798,0.000012,0.000000,1,0.014333,0.042919,0.005235,0.030565,1,2.0,1.0
129.0,0.003038,0.996951,0.000011,0.000000,1,0.018910,0.038117,0.005237,0.025499,0,2.0,1.0
130.0,0.021332,0.978593,0.000075,0.000000,1,0.094633,0.049420,0.024325,0.025264,0,2.0,1.0
131.0,0.786482,0.200976,0.012542,0.000000,0,0.515468,0.142630,0.786549,0.177521,0,2.0,1.0
132.0,0.998396,0.001603,0.000001,0.000000,0,0.010863,0.116276,0.214457,0.184908,0,2.0,1.0
133.0,0.996940,0.003058,0.000001,0.000000,0,0.018916,0.096804,0.004654,0.148858,1,2.0,1.0
134.0,0.970567,0.029427,0.000006,0.000000,0,0.120903,0.101624,0.032313,0.125549,1,2.0,1.0
135.0,0.994128,0.005870,0.000002,0.000000,0,0.032803,0.087860,0.034959,0.107431,1,2.0,1.0
136.0,0.997533,0.002466,0.000001,0.000000,0,0.015740,0.073436,0.008310,0.087607,1,2.0,1.0
137.0,0.997222,0.002775,0.000003,0.000000,0,0.017433,0.062235,0.005232,0.071132,1,2.0,1.0
138.0,0.999055,0.000944,0.000001,0.000000,0,0.006860,0.051160,0.003718,0.057649,1,2.0,1.0
139.0,0.997210,0.002787,0.000003,0.000000,0,0.017497,0.044428,0.003730,0.046865,1,2.0,1.0
140.0,0.994082,0.005913,0.000005,0.000000,0,0.033041,0.042150,0.008675,0.039227,1,2.0,1.0
141.0,0.994680,0.005315,0.000005,0.000000,0,0.030223,0.039765,0.011175,0.033617,1,2.0,1.0
142.0,0.995746,0.004251,0.000002,0.000000,0,0.025023,0.036816,0.009528,0.028799,1,2.0,1.0
143.0,0.990939,0.009057,0.000004,0.000000,0,0.047037,0.038861,0.013238,0.025687,1,2.0,1.0
144.0,0.996185,0.003813,0.000003,0.000000,0,0.022823,0.035653,0.012807,0.023111,0,2.0,1.0
145.0,0.733719,0.265822,0.000459,0.000000,0,0.530584,0.134639,0.268067,0.072102,0,2.0,1.0
146.0,0.000036,0.999963,0.000001,0.000000,1,0.000387,0.107789,0.734162,0.204514,0,2.0,1.0
147.0,0.000037,0.999944,0.000018,0.000000,1,0.000579,0.086347,0.000093,0.163630,1,2.0,1.0
148.0,0.000275,0.999619,0.000106,0.000000,1,0.003281,0.069734,0.000437,0.130991,1,2.0,1.0
149.0,0.000094,0.999898,0.000009,0.000000,1,0.000976,0.055982,0.000483,0.104890,1,2.0,1.0
150.0,0.000429,0.999373,0.000198,0.000000,1,0.005135,0.045813,0.000729,0.084058,1,2.0,1.0
151.0,0.000174,0.999744,0.000082,0.000000,1,0.002309,0.037112,0.000883,0.067423,1,2.0,1.0
152.0,0.000029,0.999971,0.000001,0.000000,1,0.000307,0.029751,0.000286,0.053995,1,2.0,1.0
153.0,0.000080,0.999880,0.000040,0.000000,1,0.001165,0.024034,0.000149,0.043226,1,2.0,1.0
154.0,0.000086,0.999882,0.000032,0.000000,1,0.001143,0.019456,0.000238,0.034628,1,2.0,1.0
155.0,0.000037,0.999955,0.000007,0.000000,1,0.000464,0.015657,0.000163,0.027735,1,2.0,1.0
156.0,0.000723,0.999153,0.000124,0.000000,1,0.006544,0.013835,0.000891,0.022366,1,2.0,1.0
157.0,0.000044,0.999941,0.000015,0.000000,1,0.000607,0.011189,0.000906,0.018074,1,2.0,1.0
158.0,0.000067,0.999915,0.000017,0.000000,1,0.000838,0.009119,0.000144,0.014488,0,2.0,1.0
159.0,0.012252,0.987358,0.000389,0.000000,1,0.063311,0.019957,0.012724,0.014135,0,2.0,1.0
160.0,0.535799,0.463854,0.000348,0.000000,0,0.631190,0.142204,0.535445,0.118397,0,2.0,1.0
161.0,0.977624,0.022320,0.000055,0.000000,0,0.097879,0.133339,0.465837,0.187885,0,2.0,1.0
162.0,0.975783,0.024134,0.000083,0.000000,0,0.104297,0.127531,0.045512,0.159411,1,2.0,1.0
163.0,0.971182,0.028726,0.000093,0.000000,0,0.119454,0.125915,0.051644,0.137857,1,2.0,1.0
164.0,0.980253,0.019680,0.000067,0.000000,0,0.088750,0.118482,0.047431,0.119772,1,2.0,1.0
165.0,0.980223,0.019693,0.000083,0.000000,0,0.088936,0.112573,0.038746,0.103567,1,2.0,1.0
166.0,0.986860,0.013073,0.000067,0.000000,0,0.064076,0.102874,0.032399,0.089333,1,2.0,1.0
167.0,0.986925,0.013020,0.000055,0.000000,0,0.063762,0.095051,0.025872,0.076641,1,2.0,1.0
168.0,0.976619,0.023305,0.000076,0.000000,0,0.101432,0.096327,0.035847,0.068482,1,2.0,1.0
169.0,0.973655,0.026269,0.000076,0.000000,0,0.111340,0.099330,0.048498,0.064485,1,2.0,1.0
170.0,0.956620,0.043294,0.000086,0.000000,0,0.163082,0.112080,0.067445,0.065077,1,2.0,1.0
171.0,0.964740,0.035184,0.000076,0.000000,0,0.139373,0.117539,0.075587,0.067179,1,2.0,1.0
172.0,0.969201,0.030716,0.000083,0.000000,0,0.125687,0.119169,0.063892,0.066522,1,2.0,1.0
173.0,0.977575,0.022369,0.000057,0.000000,0,0.098058,0.114946,0.051847,0.063587,0,2.0,1.0
174.0,0.657977,0.339950,0.002074,0.000000,0,0.596228,0.211203,0.349174,0.120704,0,2.0,1.0
175.0,0.456726,0.524749,0.018525,0.000000,1,0.701056,0.309173,0.521058,0.200775,0,2.0,1.0
176.0,0.595039,0.371574,0.033387,0.000000,0,0.719329,0.391204,0.532628,0.267146,1,2.0,1.0
177.0,0.454887,0.478080,0.067033,0.000000,1,0.812199,0.475403,0.549444,0.323605,1,2.0,1.0
178.0,0.354271,0.550197,0.095532,0.000000,1,0.838051,0.547933,0.569405,0.372765,1,2.0,1.0
179.0,0.479745,0.477613,0.042642,0.000000,0,0.764455,0.591237,0.563185,0.410849,1,2.0,1.0
180.0,0.585742,0.388605,0.025654,0.000000,0,0.705050,0.614000,0.532297,0.435139,1,2.0,1.0
181.0,0.500123,0.450278,0.049599,0.000000,0,0.778066,0.646813,0.530805,0.454272,1,2.0,1.0
182.0,0.378418,0.529619,0.091963,0.000000,1,0.840890,0.685628,0.567707,0.476959,1,2.0,1.0
183.0,0.411211,0.526265,0.062524,0.000000,1,0.797904,0.708083,0.559920,0.493551,1,2.0,1.0
184.0,0.496845,0.457160,0.045995,0.000000,0,0.770964,0.720660,0.552229,0.505287,1,2.0,1.0
185.0,0.502073,0.446058,0.051870,0.000000,0,0.782371,0.733002,0.544242,0.513078,1,2.0,1.0
186.0,0.571764,0.389548,0.038688,0.000000,0,0.739759,0.734353,0.537165,0.517895,1,2.0,1.0
187.0,0.518527,0.427632,0.053841,0.000000,0,0.783831,0.744249,0.534858,0.521288,0,2.0,1.0
188.0,0.673345,0.308363,0.018292,0.000000,0,0.639243,0.723248,0.518001,0.520631,0,2.0,1.0
189.0,0.979929,0.020004,0.000067,0.000000,0,0.089897,0.596578,0.333999,0.483304,0,2.0,1.0
190.0,0.998396,0.001603,0.000001,0.000000,0,0.010863,0.479435,0.021610,0.390966,0,2.0,1.0
191.0,0.996940,0.003058,0.000001,0.000000,0,0.018916,0.387331,0.004654,0.313703,1,2.0,1.0
192.0,0.970567,0.029427,0.000006,0.000000,0,0.120903,0.334045,0.032313,0.257425,1,2.0,1.0
193.0,0.994128,0.005870,0.000002,0.000000,0,0.032803,0.273797,0.034959,0.212932,1,2.0,1.0
194.0,0.997533,0.002466,0.000001,0.000000,0,0.015740,0.222185,0.008310,0.172008,1,2.0,1.0
195.0,0.997222,0.002775,0.000003,0.000000,0,0.017433,0.181235,0.005232,0.138653,1,2.0,1.0
196.0,0.999055,0.000944,0.000001,0.000000,0,0.006860,0.146360,0.003718,0.111666,1,2.0,1.0
197.0,0.997210,0.002787,0.000003,0.000000,0,0.017497,0.120587,0.003730,0.090079,1,2.0,1.0
198.0,0.994082,0.005913,0.000005,0.000000,0,0.033041,0.103078,0.008675,0.073798,1,2.0,1.0
199.0,0.994680,0.005315,0.000005,0.000000,0,0.030223,0.088507,0.011175,0.061273,1,2.0,1.0
200.0,0.995746,0.004251,0.000002,0.000000,0,0.025023,0.075810,0.009528,0.050924,1,2.0,1.0
201.0,0.990939,0.009057,0.000004,0.000000,0,0.047037,0.070056,0.013238,0.043387,1,2.0,1.0
202.0,0.996185,0.003813,0.000003,0.000000,0,0.022823,0.060609,0.012807,0.037271,0,2.0,1.0
203.0,0.733719,0.265822,0.000459,0.000000,0,0.530584,0.154604,0.268067,0.083430,0,2.0,1.0
204.0,0.000036,0.999963,0.000001,0.000000,1,0.000387,0.123761,0.734162,0.213576,0,2.0,1.0
205.0,0.000037,0.999944,0.000018,0.000000,1,0.000579,0.099124,0.000093,0.170880,1,2.0,1.0
206.0,0.000275,0.999619,0.000106,0.000000,1,0.003281,0.079956,0.000437,0.136791,1,2.0,1.0
207.0,0.000094,0.999898,0.000009,0.000000,1,0.000976,0.064160,0.000483,0.109530,1,2.0,1.0
208.0,0.000429,0.999373,0.000198,0.000000,1,0.005135,0.052355,0.000729,0.087769,1,2.0,1.0
209.0,0.000174,0.999744,0.000082,0.000000,1,0.002309,0.042346,0.000883,0.070392,1,2.0,1.0
210.0,0.000029,0.999971,0.000001,0.000000,1,0.000307,0.033938,0.000286,0.056371,1,2.0,1.0
211.0,0.000080,0.999880,0.000040,0.000000,1,0.001165,0.027383,0.000149,0.045127,1,2.0,1.0
212.0,0.000086,0.999882,0.000032,0.000000,1,0.001143,0.022135,0.000238,0.036149,1,2.0,1.0
213.0,0.000037,0.999955,0.000007,0.000000,1,0.000464,0.017801,0.000163,0.028952,1,2.0,1.0
214.0,0.000723,0.999153,0.000124,0.000000,1,0.006544,0.015550,0.000891,0.023340,1,2.0,1.0
215.0,0.000044,0.999941,0.000015,0.000000,1,0.000607,0.012561,0.000906,0.018853,1,2.0,1.0
216.0,0.000067,0.999915,0.000017,0.000000,1,0.000838,0.010217,0.000144,0.015111,0,2.0,1.0
217.0,0.001795,0.997170,0.001035,0.000000,1,0.019376,0.012049,0.002914,0.012672,0,2.0,1.0
218.0,0.003086,0.208971,0.787943,0.000000,2,0.484965,0.106632,0.790799,0.168297,0,2.0,1.0
219.0,0.000335,0.002530,0.997135,0.000000,2,0.018817,0.089069,0.213785,0.177395,0,2.0,1.0
220.0,0.000315,0.002531,0.997155,0.000000,2,0.018668,0.074989,0.005696,0.143055,1,2.0,1.0
221.0,0.000323,0.002528,0.997149,0.000000,2,0.018716,0.063734,0.005681,0.115580,1,2.0,1.0
222.0,0.000383,0.002819,0.996798,0.000000,2,0.020717,0.055131,0.006036,0.093671,1,2.0,1.0
223.0,0.000383,0.002819,0.996798,0.000000,2,0.020717,0.048248,0.006386,0.076214,1,2.0,1.0
224.0,0.000323,0.002530,0.997147,0.000000,2,0.018730,0.042344,0.006039,0.062179,1,2.0,1.0
225.0,0.000315,0.002531,0.997155,0.000000,2,0.018668,0.037609,0.005684,0.050880,1,2.0,1.0
226.0,0.000290,0.002264,0.997446,0.000000,2,0.017024,0.033492,0.005386,0.041781,1,2.0,1.0
227.0,0.000344,0.002528,0.997129,0.000000,2,0.018865,0.030567,0.005412,0.034508,1,2.0,1.0
228.0,0.000330,0.002528,0.997142,0.000000,2,0.018765,0.028206,0.005714,0.028749,1,2.0,1.0
229.0,0.000335,0.002528,0.997137,0.000000,2,0.018803,0.026326,0.005706,0.024140,1,2.0,1.0
230.0,0.000335,0.002528,0.997137,0.000000,2,0.018803,0.024821,0.005711,0.020455,1,2.0,1.0
231.0,0.000315,0.002531,0.997155,0.000000,2,0.018668,0.023590,0.005693,0.017502,0,2.0,1.0
232.0,0.024455,0.135630,0.839915,0.000000,2,0.462623,0.111397,0.162124,0.046427,0,2.0,1.0
233.0,0.796143,0.202857,0.001000,0.000000,0,0.466060,0.182329,0.952177,0.227577,0,2.0,1.0
234.0,0.972235,0.027690,0.000075,0.000000,0,0.115965,0.169057,0.220345,0.226130,1,2.0,1.0
235.0,0.972164,0.027753,0.000083,0.000000,0,0.116241,0.158494,0.054060,0.191716,1,2.0,1.0
236.0,0.977974,0.021942,0.000085,0.000000,0,0.096831,0.146161,0.048640,0.163101,1,2.0,1.0
237.0,0.973838,0.026059,0.000103,0.000000,0,0.110874,0.139104,0.047040,0.139889,1,2.0,1.0
238.0,0.981704,0.018235,0.000061,0.000000,0,0.083509,0.127985,0.043504,0.120612,1,2.0,1.0
239.0,0.985898,0.014040,0.000062,0.000000,0,0.067804,0.115949,0.031884,0.102866,1,2.0,1.0
240.0,0.981275,0.018657,0.000068,0.000000,0,0.085095,0.109778,0.032301,0.088753,1,2.0,1.0
241.0,0.976445,0.023493,0.000061,0.000000,0,0.101942,0.108211,0.041400,0.079283,1,2.0,1.0
242.0,0.963121,0.036795,0.000084,0.000000,0,0.144267,0.115422,0.058701,0.075166,1,2.0,1.0
243.0,0.960799,0.039110,0.000092,0.000000,0,0.151140,0.122566,0.073196,0.074772,1,2.0,1.0
244.0,0.960410,0.039496,0.000094,0.000000,0,0.152284,0.128509,0.075695,0.074957,1,2.0,1.0
245.0,0.965780,0.034135,0.000085,0.000000,0,0.136273,0.130062,0.071107,0.074187,0,2.0,1.0
246.0,0.931047,0.068816,0.000136,0.000000,0,0.229296,0.149909,0.098464,0.079042,0,2.0,1.0
247.0,0.219207,0.760741,0.020051,0.000000,1,0.563550,0.232637,0.743553,0.211944,0,2.0,1.0
248.0,0.445477,0.469827,0.084697,0.000000,1,0.841251,0.354360,0.543233,0.278202,0,2.0,1.0
249.0,0.518472,0.431935,0.049593,0.000000,0,0.775653,0.438619,0.561898,0.334941,1,2.0,1.0
250.0,0.480020,0.463133,0.056846,0.000000,0,0.793540,0.509603,0.548260,0.377605,1,2.0,1.0
251.0,0.425152,0.499801,0.075046,0.000000,1,0.823415,0.572365,0.560177,0.414120,1,2.0,1.0
252.0,0.351375,0.546186,0.102440,0.000000,1,0.847653,0.627423,0.569940,0.445284,1,2.0,1.0
253.0,0.431524,0.497982,0.070493,0.000000,1,0.816321,0.665202,0.569161,0.470059,1,2.0,1.0
254.0,0.410632,0.508815,0.080553,0.000000,1,0.830300,0.698222,0.563743,0.488796,1,2.0,1.0
255.0,0.298338,0.578602,0.123060,0.000000,1,0.851297,0.728837,0.573179,0.505672,1,2.0,1.0
256.0,0.314950,0.603644,0.081406,0.000000,1,0.794428,0.741955,0.546751,0.513888,1,2.0,1.0
257.0,0.418594,0.515312,0.066094,0.000000,1,0.806229,0.754810,0.551719,0.521454,1,2.0,1.0
258.0,0.551433,0.397463,0.051105,0.000000,0,0.770911,0.758030,0.560979,0.529359,1,2.0,1.0
259.0,0.475794,0.448897,0.075310,0.000000,0,0.826239,0.771672,0.555363,0.534560,1,2.0,1.0
260.0,0.524546,0.421213,0.054241,0.000000,0,0.783455,0.774029,0.557258,0.539100,0,2.0,1.0
261.0,0.941963,0.057290,0.000747,0.000000,0,0.205284,0.660280,0.481725,0.527625,0,2.0,1.0
262.0,0.994105,0.005892,0.000003,0.000000,0,0.032919,0.534808,0.063252,0.434750,0,2.0,1.0
263.0,0.989927,0.010071,0.000002,0.000000,0,0.051302,0.438106,0.015849,0.350970,1,2.0,1.0
264.0,0.988786,0.011211,0.000003,0.000000,0,0.056008,0.361687,0.021061,0.284988,1,2.0,1.0
265.0,0.991876,0.008121,0.000003,0.000000,0,0.042977,0.297945,0.019155,0.231822,1,2.0,1.0
266.0,0.998836,0.001162,0.000001,0.000000,0,0.008223,0.240000,0.009268,0.187311,1,2.0,1.0
267.0,0.998180,0.001817,0.000003,0.000000,0,0.012127,0.194426,0.002979,0.150445,1,2.0,1.0
268.0,0.995740,0.004257,0.000003,0.000000,0,0.025055,0.160552,0.006064,0.121569,1,2.0,1.0
269.0,0.993443,0.006555,0.000003,0.000000,0,0.035976,0.135636,0.010761,0.099407,1,2.0,1.0
270.0,0.997227,0.002770,0.000003,0.000000,0,0.017401,0.111989,0.009294,0.081385,1,2.0,1.0
271.0,0.997984,0.002012,0.000003,0.000000,0,0.013243,0.092240,0.004777,0.066063,1,2.0,1.0
272.0,0.997766,0.002232,0.000003,0.000000,0,0.014462,0.076684,0.004241,0.053699,1,2.0,1.0
273.0,0.992663,0.007332,0.000005,0.000000,0,0.039516,0.069251,0.009539,0.044867,1,2.0,1.0
274.0,0.989917,0.010080,0.000003,0.000000,0,0.051348,0.065670,0.017273,0.039348,0,2.0,1.0
275.0,0.994101,0.005895,0.000004,0.000000,0,0.032944,0.059125,0.015863,0.034651,0,2.0,1.0
276.0,0.985244,0.014409,0.000347,0.000000,0,0.071459,0.061592,0.020483,0.031817,0,2.0,1.0
277.0,0.221767,0.650392,0.127842,0.000000,1,0.798062,0.208886,0.772090,0.179872,0,2.0,1.0
278.0,0.186386,0.670261,0.143353,0.000000,1,0.782565,0.323622,0.504407,0.244779,1,2.0,1.0
279.0,0.688102,0.285594,0.026303,0.000000,0,0.647016,0.388301,0.676554,0.331134,1,2.0,1.0
280.0,0.504931,0.424201,0.070867,0.000000,0,0.815930,0.473826,0.529542,0.370816,1,2.0,1.0
281.0,0.379550,0.554849,0.065602,0.000000,1,0.794861,0.538033,0.568337,0.410320,1,2.0,1.0
282.0,0.608553,0.363622,0.027826,0.000000,0,0.700676,0.570562,0.565444,0.441345,1,2.0,1.0
283.0,0.512423,0.433866,0.053712,0.000000,0,0.784585,0.613367,0.528906,0.458857,1,2.0,1.0
284.0,0.517704,0.449207,0.033089,0.000000,0,0.740120,0.638717,0.538044,0.474694,1,2.0,1.0
285.0,0.640767,0.337359,0.021873,0.000000,0,0.669377,0.644849,0.516005,0.482956,1,2.0,1.0
286.0,0.375143,0.543598,0.081259,0.000000,1,0.822060,0.680291,0.574455,0.501256,1,2.0,1.0
287.0,0.645872,0.329023,0.025105,0.000000,0,0.674124,0.679058,0.576809,0.516367,1,2.0,1.0
288.0,0.909098,0.085160,0.005742,0.000000,0,0.296771,0.602601,0.384675,0.490029,1,2.0,1.0
289.0,0.695529,0.232163,0.072307,0.000000,0,0.711356,0.624352,0.347510,0.461525,0,2.0,1.0
290.0,0.831201,0.026160,0.142639,0.000000,0,0.479487,0.595379,0.405488,0.450317,0,2.0,1.0
291.0,0.901643,0.020992,0.077365,0.000000,0,0.339021,0.544107,0.238969,0.408048,0,2.0,1.0
292.0,0.896498,0.033483,0.070019,0.000000,0,0.362149,0.507715,0.185559,0.363550,1,2.0,1.0
293.0,0.878117,0.036575,0.085308,0.000000,0,0.405167,0.487206,0.205571,0.331954,1,2.0,1.0
294.0,0.847778,0.039157,0.113064,0.000000,0,0.467256,0.483216,0.244474,0.314458,1,2.0,1.0
295.0,0.836939,0.038659,0.124402,0.000000,0,0.486084,0.483790,0.274882,0.306543,1,2.0,1.0
296.0,0.861426,0.035558,0.103016,0.000000,0,0.438079,0.474648,0.264849,0.298204,1,2.0,1.0
297.0,0.848028,0.038337,0.113635,0.000000,0,0.465997,0.472917,0.256417,0.289847,1,2.0,1.0
298.0,0.834111,0.041944,0.123945,0.000000,0,0.494359,0.477206,0.276958,0.287269,1,2.0,1.0
299.0,0.834095,0.041948,0.123957,0.000000,0,0.494389,0.480642,0.287149,0.287245,1,2.0,1.0
300.0,0.844843,0.042497,0.112660,0.000000,0,0.475730,0.479660,0.279573,0.285711,1,2.0,1.0
301.0,0.836929,0.038656,0.124415,0.000000,0,0.486100,0.480948,0.277267,0.284022,1,2.0,1.0
302.0,0.857987,0.038897,0.103116,0.000000,0,0.447815,0.474321,0.267593,0.280736,1,2.0,1.0
303.0,0.857987,0.038897,0.103116,0.000000,0,0.447815,0.469020,0.251712,0.274931,0,2.0,1.0
304.0,0.676090,0.071337,0.252573,0.000000,0,0.728692,0.520954,0.391104,0.298166,0,2.0,1.0
305.0,0.017360,0.982495,0.000145,0.000000,1,0.081012,0.432966,0.918138,0.422160,0,2.0,1.0
306.0,0.000342,0.999658,0.000000,0.000000,1,0.002800,0.346933,0.017835,0.341295,0,2.0,1.0
307.0,0.000595,0.999400,0.000005,0.000000,1,0.004623,0.278471,0.000942,0.273225,1,2.0,1.0
308.0,0.000383,0.999615,0.000002,0.000000,1,0.003114,0.223399,0.000984,0.218777,1,2.0,1.0
309.0,0.000475,0.999525,0.000000,0.000000,1,0.003743,0.179468,0.000860,0.175193,1,2.0,1.0
310.0,0.000376,0.999595,0.000029,0.000000,1,0.003341,0.144243,0.000879,0.140330,1,2.0,1.0
311.0,0.000247,0.999753,0.000000,0.000000,1,0.002093,0.115813,0.000651,0.112395,1,2.0,1.0
312.0,0.000342,0.999658,0.000000,0.000000,1,0.002800,0.093210,0.000589,0.090034,1,2.0,1.0
313.0,0.001220,0.998684,0.000096,0.000000,1,0.009455,0.076459,0.001657,0.072358,1,2.0,1.0
314.0,0.000198,0.999801,0.000000,0.000000,1,0.001722,0.061512,0.001514,0.058189,1,2.0,1.0
315.0,0.000276,0.999722,0.000002,0.000000,1,0.002331,0.049676,0.000476,0.046647,1,2.0,1.0
316.0,0.000478,0.999519,0.000002,0.000000,1,0.003793,0.040499,0.000758,0.037469,1,2.0,1.0
317.0,0.000342,0.999658,0.000000,0.000000,1,0.002799,0.032959,0.000823,0.030140,1,2.0,1.0
318.0,0.000615,0.999351,0.000034,0.000000,1,0.005049,0.027377,0.000991,0.024310,0,2.0,1.0
319.0,0.001504,0.994705,0.003791,0.000000,1,0.032944,0.028491,0.005940,0.020636,0,2.0,1.0
320.0,0.000263,0.835221,0.164516,0.000000,1,0.409120,0.104616,0.168577,0.050224,0,2.0,1.0
321.0,0.000030,0.058505,0.941466,0.000000,2,0.203139,0.124321,0.796249,0.199429,1,2.0,1.0
322.0,0.000021,0.035182,0.964797,0.000000,2,0.138867,0.127230,0.089618,0.177467,1,2.0,1.0
323.0,0.000011,0.014845,0.985144,0.000000,2,0.070426,0.115869,0.049013,0.151776,1,2.0,1.0
324.0,0.000012,0.023572,0.976416,0.000000,2,0.101747,0.113045,0.037739,0.128969,1,2.0,1.0
325.0,0.000038,0.078652,0.921310,0.000000,2,0.251121,0.140660,0.098564,0.122888,1,2.0,1.0
326.0,0.000022,0.038868,0.961110,0.000000,2,0.149810,0.142490,0.111462,0.120603,1,2.0,1.0
327.0,0.000013,0.021121,0.978867,0.000000,2,0.093323,0.132657,0.058380,0.108158,1,2.0,1.0
328.0,0.000019,0.046490,0.953491,0.000000,2,0.171376,0.140400,0.065678,0.099662,1,2.0,1.0
329.0,0.000030,0.065562,0.934408,0.000000,2,0.220588,0.156438,0.106002,0.100930,1,2.0,1.0
330.0,0.000019,0.035073,0.964909,0.000000,2,0.138516,0.152854,0.096081,0.099960,1,2.0,1.0
331.0,0.000033,0.064770,0.935197,0.000000,2,0.218700,0.166023,0.095348,0.099038,1,2.0,1.0
332.0,0.000092,0.161284,0.838624,0.000000,2,0.402984,0.213415,0.205275,0.120285,0,2.0,1.0
333.0,0.000719,0.491169,0.508112,0.000000,2,0.635735,0.297879,0.494667,0.195162,0,2.0,1.0
334.0,0.376401,0.620104,0.003495,0.000000,1,0.622495,0.362802,0.693378,0.294805,0,2.0,1.0
335.0,0.977624,0.022320,0.000055,0.000000,0,0.097879,0.309818,0.618180,0.359480,0,2.0,1.0
336.0,0.975783,0.024134,0.000083,0.000000,0,0.104297,0.268714,0.045512,0.296686,1,2.0,1.0
337.0,0.971182,0.028726,0.000093,0.000000,0,0.119454,0.238862,0.051644,0.247678,1,2.0,1.0
338.0,0.980253,0.019680,0.000067,0.000000,0,0.088750,0.208839,0.047431,0.207629,1,2.0,1.0
339.0,0.980223,0.019693,0.000083,0.000000,0,0.088936,0.184859,0.038746,0.173852,1,2.0,1.0
340.0,0.986860,0.013073,0.000067,0.000000,0,0.064076,0.160702,0.032399,0.145561,1,2.0,1.0
341.0,0.986925,0.013020,0.000055,0.000000,0,0.063762,0.141314,0.025872,0.121624,1,2.0,1.0
342.0,0.976619,0.023305,0.000076,0.000000,0,0.101432,0.133338,0.035847,0.104468,1,2.0,1.0
343.0,0.973655,0.026269,0.000076,0.000000,0,0.111340,0.128938,0.048498,0.093274,1,2.0,1.0
344.0,0.956620,0.043294,0.000086,0.000000,0,0.163082,0.135767,0.067445,0.088108,1,2.0,1.0
345.0,0.964740,0.035184,0.000076,0.000000,0,0.139373,0.136488,0.075587,0.085604,1,2.0,1.0
346.0,0.969201,0.030716,0.000083,0.000000,0,0.125687,0.134328,0.063892,0.081262,1,2.0,1.0
347.0,0.977575,0.022369,0.000057,0.000000,0,0.098058,0.127074,0.051847,0.075379,0,2.0,1.0
348.0,0.657977,0.339950,0.002074,0.000000,0,0.596228,0.220905,0.349174,0.130138,0,2.0,1.0
349.0,0.456726,0.524749,0.018525,0.000000,1,0.701056,0.316935,0.521058,0.208322,0,2.0,1.0
350.0,0.595039,0.371574,0.033387,0.000000,0,0.719329,0.397414,0.532628,0.273183,1,2.0,1.0
351.0,0.454887,0.478080,0.067033,0.000000,1,0.812199,0.480371,0.549444,0.328435,1,2.0,1.0
352.0,0.354271,0.550197,0.095532,0.000000,1,0.838051,0.551907,0.569405,0.376629,1,2.0,1.0
353.0,0.479745,0.477613,0.042642,0.000000,0,0.764455,0.594416,0.563185,0.413941,1,2.0,1.0
354.0,0.585742,0.388605,0.025654,0.000000,0,0.705050,0.616543,0.532297,0.437612,1,2.0,1.0
355.0,0.500123,0.450278,0.049599,0.000000,0,0.778066,0.648848,0.530805,0.456250,1,2.0,1.0
356.0,0.378418,0.529619,0.091963,0.000000,1,0.840890,0.687256,0.567707,0.478542,1,2.0,1.0
357.0,0.411211,0.526265,0.062524,0.000000,1,0.797904,0.709386,0.559920,0.494817,1,2.0,1.0
358.0,0.496845,0.457160,0.045995,0.000000,0,0.770964,0.721701,0.552229,0.506300,1,2.0,1.0
359.0,0.502073,0.446058,0.051870,0.000000,0,0.782371,0.733835,0.544242,0.513888,1,2.0,1.0
360.0,0.571764,0.389548,0.038688,0.000000,0,0.739759,0.735020,0.537165,0.518544,1,2.0,1.0
361.0,0.518527,0.427632,0.053841,0.000000,0,0.783831,0.744782,0.534858,0.521807,0,2.0,1.0
362.0,0.588963,0.375385,0.035652,0.000000,0,0.726787,0.741183,0.532160,0.523877,0,2.0,1.0
363.0,0.011213,0.985312,0.003476,0.000000,1,0.077017,0.608350,0.623401,0.543782,0,2.0,1.0
364.0,0.001416,0.998553,0.000031,0.000000,1,0.010065,0.488693,0.016098,0.438245,0,2.0,1.0
365.0,0.001964,0.998010,0.000025,0.000000,1,0.013196,0.393594,0.003431,0.351282,1,2.0,1.0
366.0,0.005837,0.994140,0.000023,0.000000,1,0.032869,0.321449,0.007827,0.282591,1,2.0,1.0
367.0,0.023739,0.976245,0.000016,0.000000,1,0.102354,0.277630,0.029338,0.231941,1,2.0,1.0
368.0,0.017216,0.982771,0.000013,0.000000,1,0.079334,0.237971,0.040166,0.193586,1,2.0,1.0
369.0,0.026409,0.973579,0.000013,0.000000,1,0.111218,0.212620,0.042741,0.163417,1,2.0,1.0
370.0,0.004212,0.995775,0.000013,0.000000,1,0.024943,0.175085,0.030424,0.136818,1,2.0,1.0
371.0,0.001416,0.998562,0.000022,0.000000,1,0.009981,0.142064,0.005651,0.110585,1,2.0,1.0
372.0,0.004212,0.995777,0.000010,0.000000,1,0.024916,0.118634,0.005649,0.089598,1,2.0,1.0
373.0,0.009010,0.990985,0.000005,0.000000,1,0.046846,0.104277,0.013161,0.074310,1,2.0,1.0
374.0,0.005236,0.994758,0.000006,0.000000,1,0.029858,0.089393,0.014162,0.062281,1,2.0,1.0
375.0,0.001964,0.998025,0.000011,0.000000,1,0.013048,0.074124,0.007196,0.051264,1,2.0,1.0
376.0,0.001269,0.998712,0.000018,0.000000,1,0.009057,0.061111,0.003257,0.041662,0,2.0,1.0
377.0,0.067427,0.929380,0.003192,0.000000,1,0.244165,0.097722,0.071730,0.047676,0,2.0,1.0
378.0,0.007316,0.021726,0.970958,0.000000,2,0.134523,0.105082,0.976215,0.233384,0,2.0,1.0
379.0,0.000315,0.002531,0.997155,0.000000,2,0.018668,0.087799,0.031747,0.193057,1,2.0,1.0
380.0,0.000315,0.002528,0.997158,0.000000,2,0.018654,0.073970,0.005673,0.155580,1,2.0,1.0
381.0,0.000344,0.002528,0.997129,0.000000,2,0.018865,0.062949,0.005699,0.125604,1,2.0,1.0
382.0,0.000344,0.002528,0.997129,0.000000,2,0.018865,0.054132,0.005728,0.101629,1,2.0,1.0
383.0,0.000323,0.002528,0.997149,0.000000,2,0.018716,0.047049,0.005708,0.082444,1,2.0,1.0
384.0,0.000323,0.002530,0.997147,0.000000,2,0.018730,0.041385,0.005690,0.067093,1,2.0,1.0
385.0,0.000290,0.002267,0.997443,0.000000,2,0.017038,0.036516,0.005397,0.054754,1,2.0,1.0
386.0,0.000282,0.002264,0.997453,0.000000,2,0.016967,0.032606,0.005092,0.044822,1,2.0,1.0
387.0,0.000383,0.002819,0.996798,0.000000,2,0.020717,0.030228,0.005734,0.037004,1,2.0,1.0
388.0,0.000335,0.002528,0.997137,0.000000,2,0.018801,0.027943,0.006048,0.030813,1,2.0,1.0
389.0,0.000315,0.002525,0.997160,0.000000,2,0.018638,0.026082,0.005687,0.025788,1,2.0,1.0
390.0,0.000315,0.002531,0.997155,0.000000,2,0.018668,0.024599,0.005670,0.021764,0,2.0,1.0
391.0,0.001033,0.003672,0.995296,0.000000,2,0.029475,0.025574,0.007526,0.018917,0,2.0,1.0
392.0,0.974633,0.014097,0.011270,0.000000,0,0.123496,0.045159,0.987725,0.212678,0,2.0,1.0
393.0,0.998396,0.001603,0.000001,0.000000,0,0.010863,0.038299,0.026908,0.175524,0,2.0,1.0
394.0,0.996940,0.003058,0.000001,0.000000,0,0.018916,0.034423,0.004654,0.141350,1,2.0,1.0
395.0,0.970567,0.029427,0.000006,0.000000,0,0.120903,0.051719,0.032313,0.119543,1,2.0,1.0
396.0,0.994128,0.005870,0.000002,0.000000,0,0.032803,0.047936,0.034959,0.102626,1,2.0,1.0
397.0,0.997533,0.002466,0.000001,0.000000,0,0.015740,0.041496,0.008310,0.083763,1,2.0,1.0
398.0,0.997222,0.002775,0.000003,0.000000,0,0.017433,0.036684,0.005232,0.068057,1,2.0,1.0
399.0,0.999055,0.000944,0.000001,0.000000,0,0.006860,0.030719,0.003718,0.055189,1,2.0,1.0
400.0,0.997210,0.002787,0.000003,0.000000,0,0.017497,0.028075,0.003730,0.044897,1,2.0,1.0
401.0,0.994082,0.005913,0.000005,0.000000,0,0.033041,0.029068,0.008675,0.037653,1,2.0,1.0
402.0,0.994680,0.005315,0.000005,0.000000,0,0.030223,0.029299,0.011175,0.032357,1,2.0,1.0
403.0,0.995746,0.004251,0.000002,0.000000,0,0.025023,0.028444,0.009528,0.027792,1,2.0,1.0
404.0,0.990939,0.009057,0.000004,0.000000,0,0.047037,0.032162,0.013238,0.024881,1,2.0,1.0
405.0,0.996185,0.003813,0.000003,0.000000,0,0.022823,0.030295,0.012807,0.022466,0,2.0,1.0
406.0,0.733719,0.265822,0.000459,0.000000,0,0.530584,0.130352,0.268067,0.071586,0,2.0,1.0
407.0,0.000036,0.999963,0.000001,0.000000,1,0.000387,0.104359,0.734162,0.204101,0,2.0,1.0
408.0,0.000037,0.999944,0.000018,0.000000,1,0.000579,0.083603,0.000093,0.163300,1,2.0,1.0
409.0,0.000275,0.999619,0.000106,0.000000,1,0.003281,0.067539,0.000437,0.130727,1,2.0,1.0
410.0,0.000094,0.999898,0.000009,0.000000,1,0.000976,0.054226,0.000483,0.104678,1,2.0,1.0
411.0,0.000429,0.999373,0.000198,0.000000,1,0.005135,0.044408,0.000729,0.083888,1,2.0,1.0
412.0,0.000174,0.999744,0.000082,0.000000,1,0.002309,0.035988,0.000883,0.067287,1,2.0,1.0
413.0,0.000029,0.999971,0.000001,0.000000,1,0.000307,0.028852,0.000286,0.053887,1,2.0,1.0
414.0,0.000080,0.999880,0.000040,0.000000,1,0.001165,0.023315,0.000149,0.043139,1,2.0,1.0
415.0,0.000086,0.999882,0.000032,0.000000,1,0.001143,0.018880,0.000238,0.034559,1,2.0,1.0
416.0,0.000037,0.999955,0.000007,0.000000,1,0.000464,0.015197,0.000163,0.027680,1,2.0,1.0
417.0,0.000723,0.999153,0.000124,0.000000,1,0.006544,0.013466,0.000891,0.022322,1,2.0,1.0
418.0,0.000044,0.999941,0.000015,0.000000,1,0.000607,0.010895,0.000906,0.018039,1,2.0,1.0
419.0,0.000067,0.999915,0.000017,0.000000,1,0.000838,0.008883,0.000144,0.014460,0,2.0,1.0
420.0,0.005674,0.993884,0.000442,0.000000,1,0.035368,0.014180,0.006200,0.012808,0,2.0,1.0
421.0,0.032119,0.950470,0.017412,0.000000,1,0.208668,0.053078,0.055154,0.021277,0,2.0,1.0
422.0,0.445477,0.469827,0.084697,0.000000,1,0.841251,0.210713,0.537661,0.124554,0,2.0,1.0
423.0,0.518472,0.431935,0.049593,0.000000,0,0.775653,0.323701,0.561898,0.212023,1,2.0,1.0
424.0,0.480020,0.463133,0.056846,0.000000,0,0.793540,0.417669,0.548260,0.279270,1,2.0,1.0
425.0,0.425152,0.499801,0.075046,0.000000,1,0.823415,0.498818,0.560177,0.335452,1,2.0,1.0
426.0,0.351375,0.546186,0.102440,0.000000,1,0.847653,0.568585,0.569940,0.382349,1,2.0,1.0
427.0,0.431524,0.497982,0.070493,0.000000,1,0.816321,0.618132,0.569161,0.419712,1,2.0,1.0
428.0,0.410632,0.508815,0.080553,0.000000,1,0.830300,0.660566,0.563743,0.448518,1,2.0,1.0
429.0,0.298338,0.578602,0.123060,0.000000,1,0.851297,0.698712,0.573179,0.473450,1,2.0,1.0
430.0,0.314950,0.603644,0.081406,0.000000,1,0.794428,0.717855,0.546751,0.488110,1,2.0,1.0
431.0,0.418594,0.515312,0.066094,0.000000,1,0.806229,0.735530,0.551719,0.500832,1,2.0,1.0
432.0,0.551433,0.397463,0.051105,0.000000,0,0.770911,0.742606,0.560979,0.512861,1,2.0,1.0
433.0,0.475794,0.448897,0.075310,0.000000,0,0.826239,0.759333,0.555363,0.521362,1,2.0,1.0
434.0,0.524546,0.421213,0.054241,0.000000,0,0.783455,0.764157,0.557258,0.528541,0,2.0,1.0
435.0,0.656679,0.314255,0.029066,0.000000,0,0.676107,0.746547,0.521597,0.527152,0,2.0,1.0
436.0,0.404096,0.537019,0.058885,0.000000,1,0.788996,0.755037,0.564166,0.534555,0,2.0,1.0
437.0,0.195893,0.586786,0.217322,0.000000,1,0.877352,0.779500,0.592928,0.546230,1,2.0,1.0
438.0,0.590989,0.368457,0.040554,0.000000,0,0.736105,0.770821,0.659211,0.568826,1,2.0,1.0
439.0,0.559890,0.399646,0.040464,0.000000,0,0.747373,0.766131,0.520218,0.559104,1,2.0,1.0
440.0,0.261081,0.616570,0.122348,0.000000,1,0.824508,0.777807,0.602463,0.567776,1,2.0,1.0
441.0,0.732210,0.249053,0.018738,0.000000,0,0.590700,0.740385,0.652983,0.584817,1,2.0,1.0
442.0,0.534624,0.426182,0.039195,0.000000,0,0.751150,0.742538,0.501667,0.568187,1,2.0,1.0
443.0,0.405961,0.524889,0.069150,0.000000,1,0.809232,0.755877,0.556555,0.565861,1,2.0,1.0
444.0,0.738131,0.249692,0.012177,0.000000,0,0.568223,0.718346,0.568445,0.566378,1,2.0,1.0
445.0,0.507715,0.446755,0.045530,0.000000,0,0.768949,0.728467,0.513134,0.555729,1,2.0,1.0
446.0,0.484236,0.448382,0.067381,0.000000,0,0.812448,0.745263,0.550761,0.554735,1,2.0,1.0
447.0,0.891822,0.102821,0.005357,0.000000,0,0.331337,0.662478,0.521683,0.548125,1,2.0,1.0
448.0,0.786712,0.186133,0.027155,0.000000,0,0.545778,0.639138,0.279109,0.494322,0,2.0,1.0
449.0,0.457719,0.364598,0.177683,0.000000,0,0.939881,0.699286,0.567218,0.508901,0,2.0,1.0
450.0,0.466581,0.521811,0.011609,0.000000,1,0.679791,0.695387,0.594124,0.525946,0,2.0,1.0
451.0,0.977624,0.022320,0.000055,0.000000,0,0.097879,0.575886,0.532212,0.527199,0,2.0,1.0
452.0,0.975783,0.024134,0.000083,0.000000,0,0.104297,0.481568,0.045512,0.430862,1,2.0,1.0
453.0,0.971182,0.028726,0.000093,0.000000,0,0.119454,0.409145,0.051644,0.355018,1,2.0,1.0
454.0,0.980253,0.019680,0.000067,0.000000,0,0.088750,0.345066,0.047431,0.293501,1,2.0,1.0
455.0,0.980223,0.019693,0.000083,0.000000,0,0.088936,0.293840,0.038746,0.242550,1,2.0,1.0
456.0,0.986860,0.013073,0.000067,0.000000,0,0.064076,0.247887,0.032399,0.200520,1,2.0,1.0
457.0,0.986925,0.013020,0.000055,0.000000,0,0.063762,0.211062,0.025872,0.165590,1,2.0,1.0
458.0,0.976619,0.023305,0.000076,0.000000,0,0.101432,0.189136,0.035847,0.139641,1,2.0,1.0
459.0,0.973655,0.026269,0.000076,0.000000,0,0.111340,0.173577,0.048498,0.121413,1,2.0,1.0
460.0,0.956620,0.043294,0.000086,0.000000,0,0.163082,0.171478,0.067445,0.110619,1,2.0,1.0
461.0,0.964740,0.035184,0.000076,0.000000,0,0.139373,0.165057,0.075587,0.103613,1,2.0,1.0
462.0,0.969201,0.030716,0.000083,0.000000,0,0.125687,0.157183,0.063892,0.095669,1,2.0,1.0
463.0,0.977575,0.022369,0.000057,0.000000,0,0.098058,0.145358,0.051847,0.086904,0,2.0,1.0
464.0,0.881917,0.113144,0.004939,0.000000,0,0.349167,0.186120,0.135329,0.096589,0,2.0,1.0
465.0,0.952480,0.021187,0.026334,0.000000,0,0.203718,0.189639,0.157464,0.108764,0,2.0,1.0
466.0,0.896498,0.033483,0.070019,0.000000,0,0.362149,0.224141,0.143550,0.115721,1,2.0,1.0
467.0,0.878117,0.036575,0.085308,0.000000,0,0.405167,0.260347,0.205571,0.133691,1,2.0,1.0
468.0,0.847778,0.039157,0.113064,0.000000,0,0.467256,0.301728,0.244474,0.155848,1,2.0,1.0
469.0,0.836939,0.038659,0.124402,0.000000,0,0.486084,0.338600,0.274882,0.179655,1,2.0,1.0
470.0,0.861426,0.035558,0.103016,0.000000,0,0.438079,0.358496,0.264849,0.196694,1,2.0,1.0
471.0,0.848028,0.038337,0.113635,0.000000,0,0.465997,0.379996,0.256417,0.208638,1,2.0,1.0
472.0,0.834111,0.041944,0.123945,0.000000,0,0.494359,0.402868,0.276958,0.222302,1,2.0,1.0
473.0,0.834095,0.041948,0.123957,0.000000,0,0.494389,0.421173,0.287149,0.235272,1,2.0,1.0
474.0,0.844843,0.042497,0.112660,0.000000,0,0.475730,0.432084,0.279573,0.244132,1,2.0,1.0
475.0,0.836929,0.038656,0.124415,0.000000,0,0.486100,0.442887,0.277267,0.250759,1,2.0,1.0
476.0,0.857987,0.038897,0.103116,0.000000,0,0.447815,0.443873,0.267593,0.254126,1,2.0,1.0
477.0,0.857987,0.038897,0.103116,0.000000,0,0.447815,0.444661,0.251712,0.253643,0,2.0,1.0
478.0,0.676090,0.071337,0.252573,0.000000,0,0.728692,0.501467,0.391104,0.281135,0,2.0,1.0
479.0,0.017360,0.982495,0.000145,0.000000,1,0.081012,0.417376,0.918138,0.408536,0,2.0,1.0
480.0,0.000342,0.999658,0.000000,0.000000,1,0.002800,0.334461,0.017835,0.330396,0,2.0,1.0
481.0,0.000595,0.999400,0.000005,0.000000,1,0.004623,0.268493,0.000942,0.264505,1,2.0,1.0
482.0,0.000383,0.999615,0.000002,0.000000,1,0.003114,0.215417,0.000984,0.211801,1,2.0,1.0
483.0,0.000475,0.999525,0.000000,0.000000,1,0.003743,0.173082,0.000860,0.169613,1,2.0,1.0
484.0,0.000376,0.999595,0.000029,0.000000,1,0.003341,0.139134,0.000879,0.135866,1,2.0,1.0
485.0,0.000247,0.999753,0.000000,0.000000,1,0.002093,0.111726,0.000651,0.108823,1,2.0,1.0
486.0,0.000342,0.999658,0.000000,0.000000,1,0.002800,0.089941,0.000589,0.087176,1,2.0,1.0
487.0,0.001220,0.998684,0.000096,0.000000,1,0.009455,0.073844,0.001657,0.070072,1,2.0,1.0
488.0,0.000198,0.999801,0.000000,0.000000,1,0.001722,0.059419,0.001514,0.056361,1,2.0,1.0
489.0,0.000276,0.999722,0.000002,0.000000,1,0.002331,0.048002,0.000476,0.045184,1,2.0,1.0
490.0,0.000478,0.999519,0.000002,0.000000,1,0.003793,0.039160,0.000758,0.036299,1,2.0,1.0
491.0,0.000342,0.999658,0.000000,0.000000,1,0.002799,0.031888,0.000823,0.029203,1,2.0,1.0
492.0,0.000615,0.999351,0.000034,0.000000,1,0.005049,0.026520,0.000991,0.023561,0,2.0,1.0
493.0,0.200252,0.796682,0.003066,0.000000,1,0.474117,0.116039,0.203712,0.059591,0,2.0,1.0
494.0,0.992309,0.007667,0.000024,0.000000,0,0.041197,0.101071,0.795180,0.206709,0,2.0,1.0
495.0,0.989927,0.010071,0.000002,0.000000,0,0.051302,0.091117,0.017609,0.168889,1,2.0,1.0
496.0,0.988786,0.011211,0.000003,0.000000,0,0.056008,0.084096,0.021061,0.139323,1,2.0,1.0
497.0,0.991876,0.008121,0.000003,0.000000,0,0.042977,0.075872,0.019155,0.115290,1,2.0,1.0
498.0,0.998836,0.001162,0.000001,0.000000,0,0.008223,0.062342,0.009268,0.094085,1,2.0,1.0
499.0,0.998180,0.001817,0.000003,0.000000,0,0.012127,0.052299,0.002979,0.075864,1,2.0,1.0
500.0,0.995740,0.004257,0.000003,0.000000,0,0.025055,0.046850,0.006064,0.061904,1,2.0,1.0
501.0,0.993443,0.006555,0.000003,0.000000,0,0.035976,0.044675,0.010761,0.051676,1,2.0,1.0
502.0,0.997227,0.002770,0.000003,0.000000,0,0.017401,0.039220,0.009294,0.043199,1,2.0,1.0
503.0,0.997984,0.002012,0.000003,0.000000,0,0.013243,0.034025,0.004777,0.035515,1,2.0,1.0
504.0,0.997766,0.002232,0.000003,0.000000,0,0.014462,0.030112,0.004241,0.029260,1,2.0,1.0
505.0,0.992663,0.007332,0.000005,0.000000,0,0.039516,0.031993,0.009539,0.025316,1,2.0,1.0
506.0,0.989917,0.010080,0.000003,0.000000,0,0.051348,0.035864,0.017273,0.023707,0,2.0,1.0
507.0,0.978581,0.021400,0.000019,0.000000,0,0.094360,0.047563,0.031071,0.025180,0,2.0,1.0
508.0,0.026954,0.968429,0.004617,0.000000,1,0.139539,0.065958,0.952898,0.210724,0,2.0,1.0
509.0,0.001416,0.998553,0.000031,0.000000,1,0.010065,0.054780,0.032934,0.175166,0,2.0,1.0
510.0,0.001964,0.998010,0.000025,0.000000,1,0.013196,0.046463,0.003431,0.140819,1,2.0,1.0
511.0,0.005837,0.994140,0.000023,0.000000,1,0.032869,0.043744,0.007827,0.114220,1,2.0,1.0
512.0,0.023739,0.976245,0.000016,0.000000,1,0.102354,0.055466,0.029338,0.097244,1,2.0,1.0
513.0,0.017216,0.982771,0.000013,0.000000,1,0.079334,0.060240,0.040166,0.085828,1,2.0,1.0
514.0,0.026409,0.973579,0.000013,0.000000,1,0.111218,0.070435,0.042741,0.077211,1,2.0,1.0
515.0,0.004212,0.995775,0.000013,0.000000,1,0.024943,0.061337,0.030424,0.067853,1,2.0,1.0
516.0,0.001416,0.998562,0.000022,0.000000,1,0.009981,0.051066,0.005651,0.055413,1,2.0,1.0
517.0,0.004212,0.995777,0.000010,0.000000,1,0.024916,0.045836,0.005649,0.045460,1,2.0,1.0
518.0,0.009010,0.990985,0.000005,0.000000,1,0.046846,0.046038,0.013161,0.039000,1,2.0,1.0
519.0,0.005236,0.994758,0.000006,0.000000,1,0.029858,0.042802,0.014162,0.034033,1,2.0,1.0
520.0,0.001964,0.998025,0.000011,0.000000,1,0.013048,0.036851,0.007196,0.028665,1,2.0,1.0
521.0,0.001269,0.998712,0.000018,0.000000,1,0.009057,0.031292,0.003257,0.023584,0,2.0,1.0
522.0,0.021269,0.978078,0.000652,0.000000,1,0.098635,0.044761,0.023154,0.023498,0,2.0,1.0
523.0,0.000651,0.274041,0.725309,0.000000,2,0.539274,0.143664,0.731480,0.165094,0,2.0,1.0
524.0,0.000030,0.058505,0.941466,0.000000,2,0.203139,0.155559,0.301114,0.192298,1,2.0,1.0
525.0,0.000021,0.035182,0.964797,0.000000,2,0.138867,0.152220,0.089618,0.171762,1,2.0,1.0
526.0,0.000011,0.014845,0.985144,0.000000,2,0.070426,0.135861,0.049013,0.147212,1,2.0,1.0
527.0,0.000012,0.023572,0.976416,0.000000,2,0.101747,0.129039,0.037739,0.125318,1,2.0,1.0
528.0,0.000038,0.078652,0.921310,0.000000,2,0.251121,0.153455,0.098564,0.119967,1,2.0,1.0
529.0,0.000022,0.038868,0.961110,0.000000,2,0.149810,0.152726,0.111462,0.118266,1,2.0,1.0
530.0,0.000013,0.021121,0.978867,0.000000,2,0.093323,0.140845,0.058380,0.106289,1,2.0,1.0
531.0,0.000019,0.046490,0.953491,0.000000,2,0.171376,0.146951,0.065678,0.098167,1,2.0,1.0
532.0,0.000030,0.065562,0.934408,0.000000,2,0.220588,0.161679,0.106002,0.099734,1,2.0,1.0
533.0,0.000019,0.035073,0.964909,0.000000,2,0.138516,0.157046,0.096081,0.099003,1,2.0,1.0
534.0,0.000033,0.064770,0.935197,0.000000,2,0.218700,0.169377,0.095348,0.098272,1,2.0,1.0
535.0,0.000092,0.161284,0.838624,0.000000,2,0.402984,0.216098,0.205275,0.119673,0,2.0,1.0
536.0,0.000719,0.491169,0.508112,0.000000,2,0.635735,0.300026,0.494667,0.194672,0,2.0,1.0
537.0,0.376401,0.620104,0.003495,0.000000,1,0.622495,0.364520,0.693378,0.294413,0,2.0,1.0
538.0,0.977624,0.022320,0.000055,0.000000,0,0.097879,0.311191,0.618180,0.359166,0,2.0,1.0
539.0,0.975783,0.024134,0.000083,0.000000,0,0.104297,0.269813,0.045512,0.296435,1,2.0,1.0
540.0,0.971182,0.028726,0.000093,0.000000,0,0.119454,0.239741,0.051644,0.247477,1,2.0,1.0
541.0,0.980253,0.019680,0.000067,0.000000,0,0.088750,0.209543,0.047431,0.207468,1,2.0,1.0
542.0,0.980223,0.019693,0.000083,0.000000,0,0.088936,0.185421,0.038746,0.173724,1,2.0,1.0
543.0,0.986860,0.013073,0.000067,0.000000,0,0.064076,0.161152,0.032399,0.145459,1,2.0,1.0
544.0,0.986925,0.013020,0.000055,0.000000,0,0.063762,0.141674,0.025872,0.121541,1,2.0,1.0
545.0,0.976619,0.023305,0.000076,0.000000,0,0.101432,0.133626,0.035847,0.104402,1,2.0,1.0
546.0,0.973655,0.026269,0.000076,0.000000,0,0.111340,0.129169,0.048498,0.093222,1,2.0,1.0
547.0,0.956620,0.043294,0.000086,0.000000,0,0.163082,0.135951,0.067445,0.088066,1,2.0,1.0
548.0,0.964740,0.035184,0.000076,0.000000,0,0.139373,0.136636,0.075587,0.085571,1,2.0,1.0
549.0,0.969201,0.030716,0.000083,0.000000,0,0.125687,0.134446,0.063892,0.081235,1,2.0,1.0
550.0,0.977575,0.022369,0.000057,0.000000,0,0.098058,0.127168,0.051847,0.075357,0,2.0,1.0
551.0,0.210883,0.788859,0.000259,0.000000,1,0.471011,0.195937,0.776201,0.215526,0,2.0,1.0
552.0,0.000108,0.999891,0.000001,0.000000,1,0.001012,0.156952,0.211205,0.214662,0,2.0,1.0
553.0,0.000037,0.999944,0.000018,0.000000,1,0.000579,0.125677,0.000165,0.171762,1,2.0,1.0
554.0,0.000275,0.999619,0.000106,0.000000,1,0.003281,0.101198,0.000437,0.137497,1,2.0,1.0
555.0,0.000094,0.999898,0.000009,0.000000,1,0.000976,0.081154,0.000483,0.110094,1,2.0,1.0
556.0,0.000429,0.999373,0.000198,0.000000,1,0.005135,0.065950,0.000729,0.088221,1,2.0,1.0
557.0,0.000174,0.999744,0.000082,0.000000,1,0.002309,0.053222,0.000883,0.070754,1,2.0,1.0
558.0,0.000029,0.999971,0.000001,0.000000,1,0.000307,0.042639,0.000286,0.056660,1,2.0,1.0
559.0,0.000080,0.999880,0.000040,0.000000,1,0.001165,0.034344,0.000149,0.045358,1,2.0,1.0
560.0,0.000086,0.999882,0.000032,0.000000,1,0.001143,0.027704,0.000238,0.036334,1,2.0,1.0
561.0,0.000037,0.999955,0.000007,0.000000,1,0.000464,0.022256,0.000163,0.029100,1,2.0,1.0
562.0,0.000723,0.999153,0.000124,0.000000,1,0.006544,0.019114,0.000891,0.023458,1,2.0,1.0
563.0,0.000044,0.999941,0.000015,0.000000,1,0.000607,0.015412,0.000906,0.018948,1,2.0,1.0
564.0,0.000067,0.999915,0.000017,0.000000,1,0.000838,0.012497,0.000144,0.015187,0,2.0,1.0
565.0,0.007883,0.991449,0.000668,0.000000,1,0.046944,0.019387,0.008634,0.013876,0,2.0,1.0
566.0,0.690356,0.309053,0.000591,0.000000,0,0.567178,0.128945,0.688147,0.148730,0,2.0,1.0
567.0,0.998396,0.001603,0.000001,0.000000,0,0.010863,0.105329,0.310256,0.181036,0,2.0,1.0
568.0,0.996940,0.003058,0.000001,0.000000,0,0.018916,0.088046,0.004654,0.145759,1,2.0,1.0
569.0,0.970567,0.029427,0.000006,0.000000,0,0.120903,0.094617,0.032313,0.123070,1,2.0,1.0
570.0,0.994128,0.005870,0.000002,0.000000,0,0.032803,0.082255,0.034959,0.105448,1,2.0,1.0
571.0,0.997533,0.002466,0.000001,0.000000,0,0.015740,0.068952,0.008310,0.086020,1,2.0,1.0
572.0,0.997222,0.002775,0.000003,0.000000,0,0.017433,0.058648,0.005232,0.069863,1,2.0,1.0
573.0,0.999055,0.000944,0.000001,0.000000,0,0.006860,0.048290,0.003718,0.056634,1,2.0,1.0
574.0,0.997210,0.002787,0.000003,0.000000,0,0.017497,0.042132,0.003730,0.046053,1,2.0,1.0
575.0,0.994082,0.005913,0.000005,0.000000,0,0.033041,0.040314,0.008675,0.038578,1,2.0,1.0
576.0,0.994680,0.005315,0.000005,0.000000,0,0.030223,0.038295,0.011175,0.033097,1,2.0,1.0
577.0,0.995746,0.004251,0.000002,0.000000,0,0.025023,0.035641,0.009528,0.028383,1,2.0,1.0
578.0,0.990939,0.009057,0.000004,0.000000,0,0.047037,0.037920,0.013238,0.025354,1,2.0,1.0
579.0,0.996185,0.003813,0.000003,0.000000,0,0.022823,0.034901,0.012807,0.022845,0,2.0,1.0
580.0,0.988341,0.011629,0.000030,0.000000,0,0.057983,0.039517,0.015385,0.021353,0,2.0,1.0
581.0,0.790278,0.201780,0.007942,0.000000,0,0.498243,0.131262,0.216589,0.060400,0,2.0,1.0
582.0,0.595039,0.371574,0.033387,0.000000,0,0.719329,0.248876,0.454512,0.139222,1,2.0,1.0
583.0,0.454887,0.478080,0.067033,0.000000,1,0.812199,0.361540,0.549444,0.221267,1,2.0,1.0
584.0,0.354271,0.550197,0.095532,0.000000,1,0.838051,0.456842,0.569405,0.290894,1,2.0,1.0
585.0,0.479745,0.477613,0.042642,0.000000,0,0.764455,0.518365,0.563185,0.345353,1,2.0,1.0
586.0,0.585742,0.388605,0.025654,0.000000,0,0.705050,0.555702,0.532297,0.382741,1,2.0,1.0
587.0,0.500123,0.450278,0.049599,0.000000,0,0.778066,0.600175,0.530805,0.412354,1,2.0,1.0
588.0,0.378418,0.529619,0.091963,0.000000,1,0.840890,0.648318,0.567707,0.443425,1,2.0,1.0
589.0,0.411211,0.526265,0.062524,0.000000,1,0.797904,0.678235,0.559920,0.466724,1,2.0,1.0
590.0,0.496845,0.457160,0.045995,0.000000,0,0.770964,0.696781,0.552229,0.483825,1,2.0,1.0
591.0,0.502073,0.446058,0.051870,0.000000,0,0.782371,0.713899,0.544242,0.495908,1,2.0,1.0
592.0,0.571764,0.389548,0.038688,0.000000,0,0.739759,0.719071,0.537165,0.504160,1,2.0,1.0
593.0,0.518527,0.427632,0.053841,0.000000,0,0.783831,0.732023,0.534858,0.510299,0,2.0,1.0
594.0,0.443164,0.489134,0.067702,0.000000,1,0.812607,0.748140,0.557393,0.519718,0,2.0,1.0
595.0,0.496467,0.471373,0.032160,0.000000,0,0.739754,0.746463,0.547242,0.525223,0,2.0,1.0
596.0,0.221767,0.650392,0.127842,0.000000,1,0.798062,0.756782,0.579212,0.536021,0,2.0,1.0
597.0,0.186386,0.670261,0.143353,0.000000,1,0.782565,0.761939,0.504407,0.529698,1,2.0,1.0
598.0,0.688102,0.285594,0.026303,0.000000,0,0.647016,0.738954,0.676554,0.559069,1,2.0,1.0
599.0,0.504931,0.424201,0.070867,0.000000,0,0.815930,0.754350,0.529542,0.553164,1,2.0,1.0
600.0,0.379550,0.554849,0.065602,0.000000,1,0.794861,0.762452,0.568337,0.556198,1,2.0,1.0
601.0,0.608553,0.363622,0.027826,0.000000,0,0.700676,0.750097,0.565444,0.558047,1,2.0,1.0
602.0,0.512423,0.433866,0.053712,0.000000,0,0.784585,0.756994,0.528906,0.552219,1,2.0,1.0
603.0,0.517704,0.449207,0.033089,0.000000,0,0.740120,0.753620,0.538044,0.549384,1,2.0,1.0
604.0,0.640767,0.337359,0.021873,0.000000,0,0.669377,0.736771,0.516005,0.542708,1,2.0,1.0
605.0,0.375143,0.543598,0.081259,0.000000,1,0.822060,0.753829,0.574455,0.549058,1,2.0,1.0
606.0,0.645872,0.329023,0.025105,0.000000,0,0.674124,0.737888,0.576809,0.554608,1,2.0,1.0
607.0,0.909098,0.085160,0.005742,0.000000,0,0.296771,0.649665,0.384675,0.520621,1,2.0,1.0
608.0,0.695529,0.232163,0.072307,0.000000,0,0.711356,0.662003,0.347510,0.485999,0,2.0,1.0
609.0,0.489764,0.410735,0.099500,0.000000,0,0.859894,0.701581,0.556802,0.500160,0,2.0,1.0
610.0,0.837002,0.162743,0.000255,0.000000,0,0.406432,0.642551,0.523197,0.504767,0,2.0,1.0
611.0,0.972235,0.027690,0.000075,0.000000,0,0.115965,0.537234,0.181731,0.440160,1,2.0,1.0
612.0,0.972164,0.027753,0.000083,0.000000,0,0.116241,0.453035,0.054060,0.362940,1,2.0,1.0
613.0,0.977974,0.021942,0.000085,0.000000,0,0.096831,0.381795,0.048640,0.300080,1,2.0,1.0
614.0,0.973838,0.026059,0.000103,0.000000,0,0.110874,0.327610,0.047040,0.249472,1,2.0,1.0
615.0,0.981704,0.018235,0.000061,0.000000,0,0.083509,0.278790,0.043504,0.208278,1,2.0,1.0
616.0,0.985898,0.014040,0.000062,0.000000,0,0.067804,0.236593,0.031884,0.173000,1,2.0,1.0
617.0,0.981275,0.018657,0.000068,0.000000,0,0.085095,0.206293,0.032301,0.144860,1,2.0,1.0
618.0,0.976445,0.023493,0.000061,0.000000,0,0.101942,0.185423,0.041400,0.124168,1,2.0,1.0
619.0,0.963121,0.036795,0.000084,0.000000,0,0.144267,0.177192,0.058701,0.111074,1,2.0,1.0
620.0,0.960799,0.039110,0.000092,0.000000,0,0.151140,0.171981,0.073196,0.103499,1,2.0,1.0
621.0,0.960410,0.039496,0.000094,0.000000,0,0.152284,0.168042,0.075695,0.097938,1,2.0,1.0
622.0,0.965780,0.034135,0.000085,0.000000,0,0.136273,0.161688,0.071107,0.092572,0,2.0,1.0
623.0,0.872063,0.126735,0.001203,0.000000,0,0.354317,0.200214,0.153453,0.104748,0,2.0,1.0
624.0,0.056911,0.119462,0.823628,0.000000,2,0.524992,0.265170,0.934240,0.270646,0,2.0,1.0
625.0,0.000335,0.002530,0.997135,0.000000,2,0.018817,0.215899,0.178411,0.252199,0,2.0,1.0
626.0,0.000315,0.002531,0.997155,0.000000,2,0.018668,0.176453,0.005696,0.202899,1,2.0,1.0
627.0,0.000323,0.002528,0.997149,0.000000,2,0.018716,0.144905,0.005681,0.163455,1,2.0,1.0
628.0,0.000383,0.002819,0.996798,0.000000,2,0.020717,0.120068,0.006036,0.131971,1,2.0,1.0
629.0,0.000383,0.002819,0.996798,0.000000,2,0.020717,0.100198,0.006386,0.106854,1,2.0,1.0
630.0,0.000323,0.002530,0.997147,0.000000,2,0.018730,0.083904,0.006039,0.086691,1,2.0,1.0
631.0,0.000315,0.002531,0.997155,0.000000,2,0.018668,0.070857,0.005684,0.070490,1,2.0,1.0
632.0,0.000290,0.002264,0.997446,0.000000,2,0.017024,0.060090,0.005386,0.057469,1,2.0,1.0
633.0,0.000344,0.002528,0.997129,0.000000,2,0.018865,0.051845,0.005412,0.047058,1,2.0,1.0
634.0,0.000330,0.002528,0.997142,0.000000,2,0.018765,0.045229,0.005714,0.038789,1,2.0,1.0
635.0,0.000335,0.002528,0.997137,0.000000,2,0.018803,0.039944,0.005706,0.032172,1,2.0,1.0
636.0,0.000335,0.002528,0.997137,0.000000,2,0.018803,0.035716,0.005711,0.026880,1,2.0,1.0
637.0,0.000315,0.002531,0.997155,0.000000,2,0.018668,0.032306,0.005693,0.022643,0,2.0,1.0
638.0,0.007169,0.044860,0.947971,0.000000,2,0.205082,0.066861,0.054610,0.029036,0,2.0,1.0
639.0,0.000221,0.999779,0.000000,0.000000,1,0.001899,0.053869,0.955148,0.214259,0,2.0,1.0
640.0,0.000426,0.999574,0.000000,0.000000,1,0.003399,0.043775,0.000647,0.171536,1,2.0,1.0
641.0,0.001850,0.998046,0.000105,0.000000,1,0.013246,0.037669,0.002379,0.137705,1,2.0,1.0
642.0,0.000426,0.999574,0.000000,0.000000,1,0.003399,0.030815,0.002379,0.110640,1,2.0,1.0
643.0,0.000198,0.999801,0.000000,0.000000,1,0.001724,0.024997,0.000625,0.088637,1,2.0,1.0
644.0,0.000352,0.999638,0.000010,0.000000,1,0.002981,0.020594,0.000561,0.071021,1,2.0,1.0
645.0,0.000342,0.999658,0.000000,0.000000,1,0.002799,0.017035,0.000704,0.056958,1,2.0,1.0
646.0,0.000387,0.999607,0.000007,0.000000,1,0.003197,0.014267,0.000736,0.045713,1,2.0,1.0
647.0,0.000199,0.999800,0.000001,0.000000,1,0.001738,0.011761,0.000593,0.036689,1,2.0,1.0
648.0,0.000178,0.999822,0.000000,0.000000,1,0.001562,0.009721,0.000378,0.029427,1,2.0,1.0
649.0,0.001436,0.998482,0.000081,0.000000,1,0.010635,0.009904,0.001695,0.023881,1,2.0,1.0
650.0,0.000307,0.999693,0.000000,0.000000,1,0.002542,0.008432,0.001824,0.019469,1,2.0,1.0
651.0,0.000247,0.999753,0.000000,0.000000,1,0.002094,0.007164,0.000554,0.015686,0,2.0,1.0
652.0,0.016169,0.982427,0.001403,0.000000,1,0.084952,0.022722,0.017811,0.016111,0,2.0,1.0
653.0,0.634649,0.363886,0.001465,0.000000,0,0.606203,0.139418,0.632245,0.139338,0,2.0,1.0
654.0,0.998396,0.001603,0.000001,0.000000,0,0.010863,0.113707,0.365785,0.184627,0,2.0,1.0
655.0,0.996940,0.003058,0.000001,0.000000,0,0.018916,0.094749,0.004654,0.148633,1,2.0,1.0
656.0,0.970567,0.029427,0.000006,0.000000,0,0.120903,0.099980,0.032313,0.125369,1,2.0,1.0
657.0,0.994128,0.005870,0.000002,0.000000,0,0.032803,0.086544,0.034959,0.107287,1,2.0,1.0
658.0,0.997533,0.002466,0.000001,0.000000,0,0.015740,0.072383,0.008310,0.087492,1,2.0,1.0
659.0,0.997222,0.002775,0.000003,0.000000,0,0.017433,0.061393,0.005232,0.071040,1,2.0,1.0
660.0,0.999055,0.000944,0.000001,0.000000,0,0.006860,0.050487,0.003718,0.057575,1,2.0,1.0
661.0,0.997210,0.002787,0.000003,0.000000,0,0.017497,0.043889,0.003730,0.046806,1,2.0,1.0
662.0,0.994082,0.005913,0.000005,0.000000,0,0.033041,0.041719,0.008675,0.039180,1,2.0,1.0
663.0,0.994680,0.005315,0.000005,0.000000,0,0.030223,0.039420,0.011175,0.033579,1,2.0,1.0
664.0,0.995746,0.004251,0.000002,0.000000,0,0.025023,0.036541,0.009528,0.028769,1,2.0,1.0
665.0,0.990939,0.009057,0.000004,0.000000,0,0.047037,0.038640,0.013238,0.025663,1,2.0,1.0
666.0,0.996185,0.003813,0.000003,0.000000,0,0.022823,0.035477,0.012807,0.023092,0,2.0,1.0
667.0,0.988083,0.011871,0.000046,0.000000,0,0.059110,0.040203,0.015641,0.021602,0,2.0,1.0
668.0,0.669947,0.301801,0.028252,0.000000,0,0.665084,0.165179,0.334453,0.084172,0,2.0,1.0
669.0,0.549583,0.401013,0.049404,0.000000,0,0.768244,0.285792,0.509387,0.169215,1,2.0,1.0
670.0,0.489017,0.465787,0.045196,0.000000,0,0.769750,0.382584,0.542225,0.243817,1,2.0,1.0
671.0,0.436130,0.484323,0.079547,0.000000,1,0.832330,0.472533,0.557538,0.306561,1,2.0,1.0
672.0,0.381008,0.526255,0.092736,0.000000,1,0.842894,0.546605,0.571576,0.359564,1,2.0,1.0
673.0,0.418475,0.515365,0.066159,0.000000,1,0.806329,0.598550,0.563208,0.400293,1,2.0,1.0
674.0,0.437096,0.491311,0.071592,0.000000,1,0.818922,0.642624,0.559145,0.432063,1,2.0,1.0
675.0,0.274750,0.585090,0.140160,0.000000,1,0.859230,0.685945,0.582412,0.462133,1,2.0,1.0
676.0,0.304197,0.601942,0.093861,0.000000,1,0.809776,0.710712,0.551076,0.479922,1,2.0,1.0
677.0,0.438984,0.505083,0.055933,0.000000,1,0.789805,0.726530,0.557182,0.495374,1,2.0,1.0
678.0,0.495270,0.443430,0.061300,0.000000,0,0.800788,0.741382,0.555187,0.507336,1,2.0,1.0
679.0,0.494262,0.442528,0.063209,0.000000,0,0.804299,0.753965,0.555102,0.516889,1,2.0,1.0
680.0,0.466848,0.466750,0.066402,0.000000,0,0.811343,0.765441,0.558507,0.525213,0,2.0,1.0
681.0,0.288262,0.662681,0.049057,0.000000,1,0.709194,0.754191,0.552862,0.530743,0,2.0,1.0
682.0,0.488283,0.509206,0.002510,0.000000,1,0.645110,0.732375,0.521682,0.528931,0,2.0,1.0
683.0,0.977624,0.022320,0.000055,0.000000,0,0.097879,0.605476,0.511277,0.525400,0,2.0,1.0
684.0,0.975783,0.024134,0.000083,0.000000,0,0.104297,0.505240,0.045512,0.429422,1,2.0,1.0
685.0,0.971182,0.028726,0.000093,0.000000,0,0.119454,0.428083,0.051644,0.353867,1,2.0,1.0
686.0,0.980253,0.019680,0.000067,0.000000,0,0.088750,0.360216,0.047431,0.292580,1,2.0,1.0
687.0,0.980223,0.019693,0.000083,0.000000,0,0.088936,0.305960,0.038746,0.241813,1,2.0,1.0
688.0,0.986860,0.013073,0.000067,0.000000,0,0.064076,0.257583,0.032399,0.199930,1,2.0,1.0
689.0,0.986925,0.013020,0.000055,0.000000,0,0.063762,0.218819,0.025872,0.165118,1,2.0,1.0
690.0,0.976619,0.023305,0.000076,0.000000,0,0.101432,0.195342,0.035847,0.139264,1,2.0,1.0
691.0,0.973655,0.026269,0.000076,0.000000,0,0.111340,0.178541,0.048498,0.121111,1,2.0,1.0
692.0,0.956620,0.043294,0.000086,0.000000,0,0.163082,0.175450,0.067445,0.110378,1,2.0,1.0
693.0,0.964740,0.035184,0.000076,0.000000,0,0.139373,0.168234,0.075587,0.103420,1,2.0,1.0
694.0,0.969201,0.030716,0.000083,0.000000,0,0.125687,0.159725,0.063892,0.095514,1,2.0,1.0
695.0,0.977575,0.022369,0.000057,0.000000,0,0.098058,0.147391,0.051847,0.086781,0,2.0,1.0
696.0,0.116673,0.879846,0.003481,0.000000,1,0.348613,0.187636,0.866262,0.242677,0,2.0,1.0
697.0,0.001964,0.997952,0.000084,0.000000,1,0.013722,0.152853,0.121727,0.218487,0,2.0,1.0
698.0,0.001138,0.998831,0.000031,0.000000,1,0.008380,0.123958,0.003213,0.175432,1,2.0,1.0
699.0,0.009010,0.990962,0.000028,0.000000,1,0.047083,0.108583,0.010187,0.142383,1,2.0,1.0
700.0,0.012463,0.987506,0.000031,0.000000,1,0.061342,0.099135,0.021308,0.118168,1,2.0,1.0
701.0,0.019167,0.980819,0.000014,0.000000,1,0.086431,0.096594,0.031197,0.100774,1,2.0,1.0
702.0,0.026409,0.973580,0.000012,0.000000,1,0.111205,0.099516,0.044589,0.089537,1,2.0,1.0
703.0,0.009010,0.990974,0.000016,0.000000,1,0.046964,0.089006,0.034970,0.078623,1,2.0,1.0
704.0,0.001269,0.998706,0.000025,0.000000,1,0.009124,0.073030,0.010297,0.064958,1,2.0,1.0
705.0,0.002191,0.997789,0.000020,0.000000,1,0.014417,0.061307,0.003499,0.052666,1,2.0,1.0
706.0,0.009010,0.990983,0.000008,0.000000,1,0.046875,0.058421,0.011188,0.044371,1,2.0,1.0
707.0,0.003038,0.996953,0.000008,0.000000,1,0.018888,0.050514,0.012009,0.037898,1,2.0,1.0
708.0,0.002191,0.997798,0.000012,0.000000,1,0.014333,0.043278,0.005235,0.031366,1,2.0,1.0
709.0,0.003038,0.996951,0.000011,0.000000,1,0.018910,0.038404,0.005237,0.026140,0,2.0,1.0
710.0,0.032649,0.967308,0.000043,0.000000,1,0.131353,0.056994,0.035542,0.028020,0,2.0,1.0
711.0,0.861424,0.135599,0.002978,0.000000,0,0.379343,0.121464,0.840710,0.190558,0,2.0,1.0
712.0,0.896498,0.033483,0.070019,0.000000,0,0.362149,0.169601,0.222986,0.197044,0,2.0,1.0
713.0,0.896498,0.033483,0.070019,0.000000,0,0.362149,0.208111,0.190267,0.195688,1,2.0,1.0
714.0,0.857987,0.038897,0.103116,0.000000,0,0.447815,0.256051,0.222293,0.201009,1,2.0,1.0
715.0,0.861355,0.035665,0.102980,0.000000,0,0.438321,0.292505,0.248962,0.210600,1,2.0,1.0
716.0,0.836980,0.038649,0.124371,0.000000,0,0.486003,0.331205,0.264877,0.221455,1,2.0,1.0
717.0,0.858090,0.038781,0.103129,0.000000,0,0.447514,0.354467,0.267471,0.230658,1,2.0,1.0
718.0,0.861458,0.035549,0.102992,0.000000,0,0.438010,0.371175,0.248791,0.234285,1,2.0,1.0
719.0,0.836985,0.038643,0.124372,0.000000,0,0.485988,0.394138,0.264789,0.240386,1,2.0,1.0
720.0,0.836970,0.038647,0.124384,0.000000,0,0.486018,0.412514,0.282506,0.248810,1,2.0,1.0
721.0,0.847940,0.038448,0.113612,0.000000,0,0.466266,0.423264,0.274682,0.253984,1,2.0,1.0
722.0,0.834054,0.041959,0.123987,0.000000,0,0.494471,0.437506,0.277072,0.258602,1,2.0,1.0
723.0,0.857987,0.038897,0.103116,0.000000,0,0.447815,0.439568,0.269975,0.260877,1,2.0,1.0
724.0,0.834111,0.041944,0.123945,0.000000,0,0.494359,0.450526,0.269931,0.262688,0,2.0,1.0
725.0,0.367157,0.613847,0.018996,0.000000,1,0.676066,0.495634,0.665648,0.343280,0,2.0,1.0
726.0,0.000085,0.999912,0.000002,0.000000,1,0.000835,0.396674,0.386176,0.351859,0,2.0,1.0
727.0,0.000037,0.999944,0.000018,0.000000,1,0.000579,0.317455,0.000143,0.281516,1,2.0,1.0
728.0,0.000275,0.999619,0.000106,0.000000,1,0.003281,0.254620,0.000437,0.225300,1,2.0,1.0
729.0,0.000094,0.999898,0.000009,0.000000,1,0.000976,0.203891,0.000483,0.180337,1,2.0,1.0
730.0,0.000429,0.999373,0.000198,0.000000,1,0.005135,0.164140,0.000729,0.144415,1,2.0,1.0
731.0,0.000174,0.999744,0.000082,0.000000,1,0.002309,0.131774,0.000883,0.115709,1,2.0,1.0
732.0,0.000029,0.999971,0.000001,0.000000,1,0.000307,0.105481,0.000286,0.092624,1,2.0,1.0
733.0,0.000080,0.999880,0.000040,0.000000,1,0.001165,0.084617,0.000149,0.074129,1,2.0,1.0
734.0,0.000086,0.999882,0.000032,0.000000,1,0.001143,0.067923,0.000238,0.059351,1,2.0,1.0
735.0,0.000037,0.999955,0.000007,0.000000,1,0.000464,0.054431,0.000163,0.047513,1,2.0,1.0
736.0,0.000723,0.999153,0.000124,0.000000,1,0.006544,0.044854,0.000891,0.038189,1,2.0,1.0
737.0,0.000044,0.999941,0.000015,0.000000,1,0.000607,0.036004,0.000906,0.030732,1,2.0,1.0
738.0,0.000067,0.999915,0.000017,0.000000,1,0.000838,0.028971,0.000144,0.024615,0,2.0,1.0
739.0,0.020410,0.978929,0.000661,0.000000,1,0.095681,0.042313,0.021152,0.023922,0,2.0,1.0
740.0,0.001855,0.950357,0.047788,0.000000,1,0.186945,0.071239,0.069598,0.033057,0,2.0,1.0
741.0,0.000033,0.071300,0.928668,0.000000,2,0.234255,0.103843,0.887860,0.204018,0,2.0,1.0
742.0,0.000035,0.053055,0.946910,0.000000,2,0.189152,0.120904,0.116852,0.186585,1,2.0,1.0
743.0,0.000017,0.026316,0.973667,0.000000,2,0.110954,0.118914,0.076628,0.164594,1,2.0,1.0
744.0,0.000010,0.017306,0.982684,0.000000,2,0.079632,0.111058,0.042738,0.140222,1,2.0,1.0
745.0,0.000022,0.038930,0.961049,0.000000,2,0.149990,0.118844,0.054919,0.123162,1,2.0,1.0
746.0,0.000031,0.067329,0.932640,0.000000,2,0.224852,0.140046,0.101067,0.118743,1,2.0,1.0
747.0,0.000016,0.028600,0.971384,0.000000,2,0.118360,0.135709,0.092123,0.113419,1,2.0,1.0
748.0,0.000013,0.022246,0.977740,0.000000,2,0.097233,0.128014,0.049603,0.100656,1,2.0,1.0
749.0,0.000026,0.059212,0.940762,0.000000,2,0.204890,0.143389,0.078862,0.096297,1,2.0,1.0
750.0,0.000023,0.050290,0.949687,0.000000,2,0.181714,0.151054,0.103593,0.097756,1,2.0,1.0
751.0,0.000022,0.039062,0.960916,0.000000,2,0.150383,0.150920,0.085467,0.095298,1,2.0,1.0
752.0,0.000050,0.116281,0.883669,0.000000,2,0.327675,0.186271,0.146326,0.105504,1,2.0,1.0
753.0,0.000094,0.161314,0.838592,0.000000,2,0.403047,0.229626,0.240204,0.132444,0,2.0,1.0
754.0,0.064614,0.898740,0.036645,0.000000,1,0.358740,0.255449,0.824285,0.270812,0,2.0,1.0
755.0,0.991840,0.008156,0.000004,0.000000,0,0.043141,0.212987,0.928583,0.402366,0,2.0,1.0
756.0,0.989927,0.010071,0.000002,0.000000,0,0.051302,0.180650,0.018069,0.325507,1,2.0,1.0
757.0,0.988786,0.011211,0.000003,0.000000,0,0.056008,0.155722,0.021061,0.264618,1,2.0,1.0
758.0,0.991876,0.008121,0.000003,0.000000,0,0.042977,0.133173,0.019155,0.215525,1,2.0,1.0
759.0,0.998836,0.001162,0.000001,0.000000,0,0.008223,0.108183,0.009268,0.174274,1,2.0,1.0
760.0,0.998180,0.001817,0.000003,0.000000,0,0.012127,0.088972,0.002979,0.140015,1,2.0,1.0
761.0,0.995740,0.004257,0.000003,0.000000,0,0.025055,0.076188,0.006064,0.113225,1,2.0,1.0
762.0,0.993443,0.006555,0.000003,0.000000,0,0.035976,0.068146,0.010761,0.092732,1,2.0,1.0
763.0,0.997227,0.002770,0.000003,0.000000,0,0.017401,0.057997,0.009294,0.076044,1,2.0,1.0
764.0,0.997984,0.002012,0.000003,0.000000,0,0.013243,0.049046,0.004777,0.061791,1,2.0,1.0
765.0,0.997766,0.002232,0.000003,0.000000,0,0.014462,0.042129,0.004241,0.050281,1,2.0,1.0
766.0,0.992663,0.007332,0.000005,0.000000,0,0.039516,0.041607,0.009539,0.042132,1,2.0,1.0
767.0,0.989917,0.010080,0.000003,0.000000,0,0.051348,0.043555,0.017273,0.037161,0,2.0,1.0
768.0,0.994101,0.005895,0.000004,0.000000,0,0.032944,0.041433,0.015863,0.032901,0,2.0,1.0
769.0,0.985244,0.014409,0.000347,0.000000,0,0.071459,0.047438,0.020483,0.030417,0,2.0,1.0
770.0,0.221767,0.650392,0.127842,0.000000,1,0.798062,0.197563,0.772090,0.178752,0,2.0,1.0
771.0,0.186386,0.670261,0.143353,0.000000,1,0.782565,0.314563,0.504407,0.243883,1,2.0,1.0
772.0,0.688102,0.285594,0.026303,0.000000,0,0.647016,0.381054,0.676554,0.330417,1,2.0,1.0
773.0,0.504931,0.424201,0.070867,0.000000,0,0.815930,0.468029,0.529542,0.370242,1,2.0,1.0
774.0,0.379550,0.554849,0.065602,0.000000,1,0.794861,0.533395,0.568337,0.409861,1,2.0,1.0
775.0,0.608553,0.363622,0.027826,0.000000,0,0.700676,0.566852,0.565444,0.440978,1,2.0,1.0
776.0,0.512423,0.433866,0.053712,0.000000,0,0.784585,0.610398,0.528906,0.458563,1,2.0,1.0
777.0,0.517704,0.449207,0.033089,0.000000,0,0.740120,0.636343,0.538044,0.474460,1,2.0,1.0
778.0,0.640767,0.337359,0.021873,0.000000,0,0.669377,0.642950,0.516005,0.482769,1,2.0,1.0
779.0,0.375143,0.543598,0.081259,0.000000,1,0.822060,0.678772,0.574455,0.501106,1,2.0,1.0
780.0,0.645872,0.329023,0.025105,0.000000,0,0.674124,0.677842,0.576809,0.516247,1,2.0,1.0
781.0,0.909098,0.085160,0.005742,0.000000,0,0.296771,0.601628,0.384675,0.489932,1,2.0,1.0
782.0,0.695529,0.232163,0.072307,0.000000,0,0.711356,0.623574,0.347510,0.461448,0,2.0,1.0
783.0,0.396811,0.526398,0.076791,0.000000,1,0.820723,0.663004,0.596243,0.488407,0,2.0,1.0
784.0,0.589441,0.377040,0.033518,0.000000,0,0.721957,0.674794,0.565056,0.503737,0,2.0,1.0
785.0,0.595039,0.371574,0.033387,0.000000,0,0.719329,0.683701,0.508042,0.504598,1,2.0,1.0
786.0,0.454887,0.478080,0.067033,0.000000,1,0.812199,0.709401,0.549444,0.513567,1,2.0,1.0
787.0,0.354271,0.550197,0.095532,0.000000,1,0.838051,0.735131,0.569405,0.524735,1,2.0,1.0
788.0,0.479745,0.477613,0.042642,0.000000,0,0.764455,0.740995,0.563185,0.532425,1,2.0,1.0
789.0,0.585742,0.388605,0.025654,0.000000,0,0.705050,0.733806,0.532297,0.532399,1,2.0,1.0
790.0,0.500123,0.450278,0.049599,0.000000,0,0.778066,0.742658,0.530805,0.532080,1,2.0,1.0
791.0,0.378418,0.529619,0.091963,0.000000,1,0.840890,0.762305,0.567707,0.539206,1,2.0,1.0
792.0,0.411211,0.526265,0.062524,0.000000,1,0.797904,0.769424,0.559920,0.543349,1,2.0,1.0
793.0,0.496845,0.457160,0.045995,0.000000,0,0.770964,0.769732,0.552229,0.545125,1,2.0,1.0
794.0,0.502073,0.446058,0.051870,0.000000,0,0.782371,0.772260,0.544242,0.544948,1,2.0,1.0
795.0,0.571764,0.389548,0.038688,0.000000,0,0.739759,0.765760,0.537165,0.543392,1,2.0,1.0
796.0,0.518527,0.427632,0.053841,0.000000,0,0.783831,0.769374,0.534858,0.541685,0,2.0,1.0
797.0,0.247659,0.669895,0.082446,0.000000,1,0.746209,0.764741,0.580675,0.549483,0,2.0,1.0
798.0,0.541204,0.456023,0.002772,0.000000,0,0.643243,0.740441,0.560250,0.551636,0,2.0,1.0
799.0,0.977624,0.022320,0.000055,0.000000,0,0.097879,0.611929,0.460727,0.533454,0,2.0,1.0
800.0,0.975783,0.024134,0.000083,0.000000,0,0.104297,0.510403,0.045512,0.435866,1,2.0,1.0
801.0,0.971182,0.028726,0.000093,0.000000,0,0.119454,0.432213,0.051644,0.359022,1,2.0,1.0
802.0,0.980253,0.019680,0.000067,0.000000,0,0.088750,0.363520,0.047431,0.296703,1,2.0,1.0
803.0,0.980223,0.019693,0.000083,0.000000,0,0.088936,0.308603,0.038746,0.245112,1,2.0,1.0
804.0,0.986860,0.013073,0.000067,0.000000,0,0.064076,0.259698,0.032399,0.202569,1,2.0,1.0
805.0,0.986925,0.013020,0.000055,0.000000,0,0.063762,0.220511,0.025872,0.167230,1,2.0,1.0
806.0,0.976619,0.023305,0.000076,0.000000,0,0.101432,0.196695,0.035847,0.140953,1,2.0,1.0
807.0,0.973655,0.026269,0.000076,0.000000,0,0.111340,0.179624,0.048498,0.122462,1,2.0,1.0
808.0,0.956620,0.043294,0.000086,0.000000,0,0.163082,0.176316,0.067445,0.111459,1,2.0,1.0
809.0,0.964740,0.035184,0.000076,0.000000,0,0.139373,0.168927,0.075587,0.104285,1,2.0,1.0
810.0,0.969201,0.030716,0.000083,0.000000,0,0.125687,0.160279,0.063892,0.096206,1,2.0,1.0
811.0,0.977575,0.022369,0.000057,0.000000,0,0.098058,0.147835,0.051847,0.087334,0,2.0,1.0
812.0,0.500090,0.499227,0.000683,0.000000,0,0.635650,0.245398,0.499958,0.169859,0,2.0,1.0
813.0,0.000247,0.999753,0.000000,0.000000,1,0.002092,0.196737,0.500773,0.236042,0,2.0,1.0
814.0,0.000426,0.999574,0.000000,0.000000,1,0.003399,0.158069,0.000673,0.188968,1,2.0,1.0
815.0,0.001850,0.998046,0.000105,0.000000,1,0.013246,0.129105,0.002379,0.151650,1,2.0,1.0
816.0,0.000426,0.999574,0.000000,0.000000,1,0.003399,0.103963,0.002379,0.121796,1,2.0,1.0
817.0,0.000198,0.999801,0.000000,0.000000,1,0.001724,0.083516,0.000625,0.097561,1,2.0,1.0
818.0,0.000352,0.999638,0.000010,0.000000,1,0.002981,0.067409,0.000561,0.078161,1,2.0,1.0
819.0,0.000342,0.999658,0.000000,0.000000,1,0.002799,0.054487,0.000704,0.062670,1,2.0,1.0
820.0,0.000387,0.999607,0.000007,0.000000,1,0.003197,0.044229,0.000736,0.050283,1,2.0,1.0
821.0,0.000199,0.999800,0.000001,0.000000,1,0.001738,0.035731,0.000593,0.040345,1,2.0,1.0
822.0,0.000178,0.999822,0.000000,0.000000,1,0.001562,0.028897,0.000378,0.032352,1,2.0,1.0
823.0,0.001436,0.998482,0.000081,0.000000,1,0.010635,0.025244,0.001695,0.026220,1,2.0,1.0
824.0,0.000307,0.999693,0.000000,0.000000,1,0.002542,0.020704,0.001824,0.021341,1,2.0,1.0
825.0,0.000247,0.999753,0.000000,0.000000,1,0.002094,0.016982,0.000554,0.017184,0,2.0,1.0
826.0,0.016169,0.982427,0.001403,0.000000,1,0.084952,0.030576,0.017811,0.017309,0,2.0,1.0
827.0,0.634649,0.363886,0.001465,0.000000,0,0.606203,0.145701,0.632245,0.140296,0,2.0,1.0
828.0,0.998396,0.001603,0.000001,0.000000,0,0.010863,0.118734,0.365785,0.185394,0,2.0,1.0
829.0,0.996940,0.003058,0.000001,0.000000,0,0.018916,0.098770,0.004654,0.149246,1,2.0,1.0
830.0,0.970567,0.029427,0.000006,0.000000,0,0.120903,0.103197,0.032313,0.125859,1,2.0,1.0
831.0,0.994128,0.005870,0.000002,0.000000,0,0.032803,0.089118,0.034959,0.107679,1,2.0,1.0
832.0,0.997533,0.002466,0.000001,0.000000,0,0.015740,0.074442,0.008310,0.087806,1,2.0,1.0
833.0,0.997222,0.002775,0.000003,0.000000,0,0.017433,0.063040,0.005232,0.071291,1,2.0,1.0
834.0,0.999055,0.000944,0.000001,0.000000,0,0.006860,0.051804,0.003718,0.057776,1,2.0,1.0
835.0,0.997210,0.002787,0.000003,0.000000,0,0.017497,0.044943,0.003730,0.046967,1,2.0,1.0
836.0,0.994082,0.005913,0.000005,0.000000,0,0.033041,0.042563,0.008675,0.039309,1,2.0,1.0
837.0,0.994680,0.005315,0.000005,0.000000,0,0.030223,0.040095,0.011175,0.033682,1,2.0,1.0
838.0,0.995746,0.004251,0.000002,0.000000,0,0.025023,0.037080,0.009528,0.028851,1,2.0,1.0
839.0,0.990939,0.009057,0.000004,0.000000,0,0.047037,0.039072,0.013238,0.025729,1,2.0,1.0
840.0,0.996185,0.003813,0.000003,0.000000,0,0.022823,0.035822,0.012807,0.023144,0,2.0,1.0
841.0,0.555290,0.412546,0.032164,0.000000,0,0.730444,0.174746,0.445255,0.107567,0,2.0,1.0
842.0,0.000915,0.998924,0.000161,0.000000,1,0.008088,0.141415,0.587385,0.203530,0,2.0,1.0
843.0,0.001138,0.998831,0.000031,0.000000,1,0.008380,0.114808,0.002243,0.163273,1,2.0,1.0
844.0,0.009010,0.990962,0.000028,0.000000,1,0.047083,0.101263,0.010187,0.132656,1,2.0,1.0
845.0,0.012463,0.987506,0.000031,0.000000,1,0.061342,0.093279,0.021308,0.110386,1,2.0,1.0
846.0,0.019167,0.980819,0.000014,0.000000,1,0.086431,0.091909,0.031197,0.094548,1,2.0,1.0
847.0,0.026409,0.973580,0.000012,0.000000,1,0.111205,0.095768,0.044589,0.084556,1,2.0,1.0
848.0,0.009010,0.990974,0.000016,0.000000,1,0.046964,0.086007,0.034970,0.074639,1,2.0,1.0
849.0,0.001269,0.998706,0.000025,0.000000,1,0.009124,0.070631,0.010297,0.061771,1,2.0,1.0
850.0,0.002191,0.997789,0.000020,0.000000,1,0.014417,0.059388,0.003499,0.050116,1,2.0,1.0
851.0,0.009010,0.990983,0.000008,0.000000,1,0.046875,0.056885,0.011188,0.042331,1,2.0,1.0
852.0,0.003038,0.996953,0.000008,0.000000,1,0.018888,0.049286,0.012009,0.036266,1,2.0,1.0
853.0,0.002191,0.997798,0.000012,0.000000,1,0.014333,0.042295,0.005235,0.030060,1,2.0,1.0
854.0,0.003038,0.996951,0.000011,0.000000,1,0.018910,0.037618,0.005237,0.025096,0,2.0,1.0
855.0,0.023738,0.976209,0.000054,0.000000,1,0.102700,0.050635,0.026695,0.025416,0,2.0,1.0
856.0,0.097207,0.693819,0.208974,0.000000,1,0.734891,0.187486,0.320369,0.084406,0,2.0,1.0
857.0,0.000335,0.002530,0.997135,0.000000,2,0.018817,0.153752,0.789836,0.225492,0,2.0,1.0
858.0,0.000315,0.002531,0.997155,0.000000,2,0.018668,0.126735,0.005696,0.181533,1,2.0,1.0
859.0,0.000323,0.002528,0.997149,0.000000,2,0.018716,0.105131,0.005681,0.146363,1,2.0,1.0
860.0,0.000383,0.002819,0.996798,0.000000,2,0.020717,0.088249,0.006036,0.118297,1,2.0,1.0
861.0,0.000383,0.002819,0.996798,0.000000,2,0.020717,0.074742,0.006386,0.095915,1,2.0,1.0
862.0,0.000323,0.002530,0.997147,0.000000,2,0.018730,0.063540,0.006039,0.077940,1,2.0,1.0
863.0,0.000315,0.002531,0.997155,0.000000,2,0.018668,0.054565,0.005684,0.063489,1,2.0,1.0
864.0,0.000290,0.002264,0.997446,0.000000,2,0.017024,0.047057,0.005386,0.051868,1,2.0,1.0
865.0,0.000344,0.002528,0.997129,0.000000,2,0.018865,0.041419,0.005412,0.042577,1,2.0,1.0
866.0,0.000330,0.002528,0.997142,0.000000,2,0.018765,0.036888,0.005714,0.035204,1,2.0,1.0
867.0,0.000335,0.002528,0.997137,0.000000,2,0.018803,0.033271,0.005706,0.029305,1,2.0,1.0
868.0,0.000335,0.002528,0.997137,0.000000,2,0.018803,0.030377,0.005711,0.024586,1,2.0,1.0
869.0,0.000315,0.002531,0.997155,0.000000,2,0.018668,0.028035,0.005693,0.020808,1,2.0,1.0
