ms,mv,uA,p_mW
# meta, firmware=TXSD_PowerLogger_PASS_THRU_ON_v2, trial_index=6
10,3280,72'00,0.2
21,3264,61200,1997.6
30,3280,56%00,0.2
41,3196,14$200,0.0
50,3280,56%00,0.2
60,3280,69%00,0.2
70,3280,57!00,0.2
80,3284,72"00,0.2
90,3280,58#00,0.2
100,3280,56%00,0.2
110,3280,62%00,0.2
121,3276,81"00,0.3
130,3280,66$00,0.2
140,3280,56$00,0.2
150,3168,12 900,0.0
160,3280,57 00,0.2
170,3280,72#00,0.2
180,3280,60800,1994.2
190,3280,56$00,0.2
200,3284,64!00,0.2
210,3280,56$00,0.2
221,3272,70'00,0.2
230,3284,57 00,0.2
240,3284,71#00,0.2
251,3228,228400,737.3
260,3280,56%00,0.2
270,3280,62'00,0.2
280,3280,56#00,0.2
290,3280,67 00,0.2
300,3280,56%00,0.2
310,3280,69%00,0.2
321,3264,62900,2053.1
330,3280,72900,2391.1
340,3280,60$00,0.2
350,3280,56$00,0.2
360,3164,14%900,0.0
370,3280,56$00,0.2
380,3284,69%00,0.2
390,3280,57 00,0.2
400,3280,71900,2358.3
410,3280,58 00,0.2
421,3280,10!700,0.0
430,3284,62$00,0.2
440,3280,56$00,0.2
450,3284,66 00,0.2
461,3280,59#00,0.2
470,3280,69800,2289.4
480,3280,57 00,0.2
490,3280,72%00,0.2
500,3280,60'00,0.2
510,3280,56$00,0.2
521,3264,64"00,0.2
530,3280,56$00,0.2
540,3280,69"00,0.2
550,3284,56900,1868.6
560,3284,70800,2325.1
571,3172,139200,441.5
580,3280,56$00,0.2
590,3284,62'00,0.2
600,3280,56$00,0.2
610,3284,66&00,0.2
621,3272,71600,2342.8
630,3280,69'00,0.2
640,3280,57!00,0.2
650,3280,72900,2391.1
660,3284,60!00,0.2
671,3216,14#100,0.0
680,3280,64$00,0.2
690,3280,56$00,0.2
700,3284,69$00,0.2
710,3280,57 00,0.2
721,3276,83%00,0.3
730,3284,57800,1898.2
740,3280,56%00,0.2
750,3280,62 00,0.2
760,3280,56$00,0.2
771,3224,15"500,0.0
780,3280,56%00,0.2
790,3280,69&00,0.2
800,3280,57 00,0.2
810,3280,72'00,0.2
821,3260,61!00,0.2
830,3280,56$00,0.2
840,3284,63&00,0.2
850,3280,56$00,0.2
860,3284,68'00,0.2
871,3280,59800,1961.4
880,3284,72"00,0.2
890,3280,58#00,0.2
900,3276,56%00,0.2
910,3284,62$00,0.2
921,3276,81&00,0.3
930,3280,66$00,0.2
940,3280,56$00,0.2
950,3280,69%00,0.2
960,3280,57 00,0.2
970,3280,72800,2387.8
981,3236,15&900,0.0
990,3280,56$00,0.2
1000,3284,64!00,0.2
1010,3280,56%00,0.2
1021,3272,70!00,0.2
1030,3280,57 00,0.2
1040,3280,71#00,0.2
1050,3280,57$00,0.2
1060,3280,56%00,0.2
1070,3284,61'00,0.2
1080,3280,56$00,0.2
1091,3216,15#200,0.0
1100,3280,56%00,0.2
1110,3280,69%00,0.2
1121,3264,63 00,0.2
1130,3280,72800,2387.8
1140,3284,60$00,0.2
1150,3280,56$00,0.2
1160,3280,63#00,0.2
1170,3280,56%00,0.2
1180,3284,68$00,0.2
1190,3280,56800,1863.0
1200,3172,11'600,0.0
1210,3280,58 00,0.2
1221,3276,97900,3207.2
1230,3284,62200,2042.6
1240,3280,56$00,0.2
1250,3280,66 00,0.2
1260,3280,56%00,0.2
1270,3284,69%00,0.2
1280,3280,57 00,0.2
1290,3280,72'00,0.2
1301,3284,62#00,0.2
1310,3280,56$00,0.2
1321,3264,64"00,0.2
1330,3280,56$00,0.2
1340,3280,69"00,0.2
1350,3280,56900,1866.3
1360,3280,70800,2322.2
1370,3284,57"00,0.2
1380,3280,56&00,0.2
1390,3284,61#00,0.2
1400,3280,56%00,0.2
1411,3196,19 700,0.1
1421,3268,71%00,0.2
1430,3280,69'00,0.2
1440,3284,57 00,0.2
1450,3280,72800,2387.8
1460,3284,60 00,0.2
1470,3280,56$00,0.2
1480,3284,63 00,0.2
1490,3280,56$00,0.2
1500,3280,68 00,0.2
1511,3220,14#900,0.0
1521,3280,81&00,0.3
1530,3284,57'00,0.2
1540,3280,56%00,0.2
1550,3280,61900,2030.3
1560,3284,56$00,0.2
1570,3284,65&00,0.2
1580,3284,56$00,0.2
1590,3280,69%00,0.2
1600,3280,57 00,0.2
1611,3280,85%00,0.3
1621,3260,61!00,0.2
1630,3280,56$00,0.2
1640,3284,63&00,0.2
1650,3280,56$00,0.2
1660,3280,68'00,0.2
1670,3280,56900,1866.3
1680,3284,70$00,0.2
1690,3280,57 00,0.2
1700,3280,71900,2358.3
1710,3280,60900,1997.5
1721,3224,18$400,0.1
1730,3284,66!00,0.2
1740,3280,56$00,0.2
1750,3280,69$00,0.2
1760,3280,57!00,0.2
1770,3280,72'00,0.2
1780,3280,59$00,0.2
1790,3280,56$00,0.2
1800,3280,62800,2059.8
1810,3280,56$00,0.2
1821,3192,16!500,0.1
1830,3280,56900,1866.3
1840,3280,70800,2322.2
1850,3280,57"00,0.2
1860,3280,56&00,0.2
1870,3284,61#00,0.2
1880,3280,56$00,0.2
1890,3284,64900,2131.3
1900,3284,56$00,0.2
1910,3284,69%00,0.2
1921,3264,64'00,0.2
1931,3196,15'400,0.0
1940,3284,60%00,0.2
1950,3280,56$00,0.2
1960,3280,63%00,0.2
1970,3280,56$00,0.2
1980,3284,68%00,0.2
1990,3280,56900,1866.3
2000,3284,70#00,0.2
2010,3280,57!00,0.2
2021,3280,91$00,0.3
2030,3280,61!00,0.2
2040,3216,21'900,0.1
2050,3284,66"00,0.2
2060,3280,56$00,0.2
2070,3284,69%00,0.2
2080,3280,57!00,0.2
2090,3284,72'00,0.2
2100,3284,59$00,0.2
2110,3280,56$00,0.2
2121,3264,63&00,0.2
2130,3280,56$00,0.2
2141,3180,18 400,0.1
2150,3280,57 00,0.2
2160,3284,71 00,0.2
2170,3280,57#00,0.2
2180,3280,56%00,0.2
2190,3280,61%00,0.2
2200,3280,56#00,0.2
2210,3284,65 00,0.2
2221,3272,74%00,0.2
2230,3280,69&00,0.2
2240,3280,57 00,0.2
2251,3168,149300,473.0
2260,3284,60"00,0.2
2270,3280,56%00,0.2
2280,3280,63"00,0.2
2290,3280,56$00,0.2
2300,3280,68"00,0.2
2310,3280,56'00,0.2
2321,3280,75'00,0.2
2330,3280,57!00,0.2
2340,3280,72!00,0.2
2351,3284,63'00,0.2
2360,3280,56$00,0.2
2370,3284,65'00,0.2
2380,3280,56%00,0.2
2390,3284,69%00,0.2
2400,3284,57!00,0.2
2410,3284,72&00,0.2
2421,3260,60'00,0.2
2430,3280,56400,1849.9
2440,3280,62800,2059.8
2450,3280,56#00,0.2
2461,3224,15 600,0.0
2470,3280,57 00,0.2
2480,3284,70&00,0.2
2490,3280,57"00,0.2
2500,3280,56'00,0.2
2510,3280,61!00,0.2
2521,3280,83#00,0.3
2530,3280,64900,2128.7
2540,3280,56%00,0.2
2550,3280,69$00,0.2
2560,3280,57 00,0.2
2571,3192,15"400,0.0
2580,3284,59800,1963.8
2590,3280,56$00,0.2
2600,3284,62900,2065.6
2610,3280,56$00,0.2
2621,3272,67900,2221.7
2630,3280,56&00,0.2
2640,3280,69800,2289.4
2650,3280,57 00,0.2
2660,3280,72$00,0.2
2671,3180,15"000,0.0
2680,3280,56$00,0.2
2690,3280,65#00,0.2
2700,3280,56$00,0.2
2710,3280,69%00,0.2
2721,3264,64900,2118.3
2730,3280,72%00,0.2
2740,3280,58800,1928.6
2750,3280,56$00,0.2
2760,3280,62'00,0.2
2770,3280,56$00,0.2
2780,3164,14&900,0.0
2790,3280,56900,1866.3
2800,3280,70"00,0.2
2810,3280,57!00,0.2
2821,3280,90$00,0.3
2830,3280,61!00,0.2
2840,3280,56$00,0.2
2850,3280,64$00,0.2
2860,3280,56#00,0.2
2870,3284,69$00,0.2
2881,3280,59800,1961.4
2890,3280,72'00,0.2
2900,3280,59#00,0.2
2910,3280,56$00,0.2
2921,3264,63&00,0.2
2930,3280,56$00,0.2
2940,3280,67%00,0.2
2950,3280,56%00,0.2
2960,3284,69&00,0.2
2970,3280,57!00,0.2
2980,3280,72&00,0.2
2991,3220,14'100,0.0
3000,3280,56$00,0.2
3010,3280,64900,2128.7
3021,3272,74%00,0.2
3030,3284,69'00,0.2
3040,3280,57 00,0.2
3050,3280,72"00,0.2
3060,3280,58$00,0.2
3070,3276,56%00,0.2
3080,3280,62%00,0.2
3091,3280,14#800,0.0
3100,3284,68 00,0.2
3110,3280,56'00,0.2
3121,3276,74$00,0.2
3130,3280,57 00,0.2
3140,3280,72#00,0.2
3150,3284,60800,1996.7
3160,3280,56$00,0.2
3170,3284,64!00,0.2
3180,3280,56$00,0.2
3190,3284,69#00,0.2
3201,3220,14%500,0.0
3210,3284,72&00,0.2
3221,3260,60800,1982.1
3230,3280,56%00,0.2
3240,3280,62800,2059.8
3250,3280,56$00,0.2
3260,3280,67 00,0.2
3270,3280,56$00,0.2
3280,3280,69%00,0.2
3290,3280,57 00,0.2
3301,3212,16 600,0.1
3310,3284,61!00,0.2
3321,3276,83%00,0.3
3330,3280,64'00,0.2
3340,3280,56$00,0.2
3350,3280,69%00,0.2
3360,3284,57!00,0.2
3370,3284,71900,2361.2
3380,3284,58 00,0.2
3390,3280,56%00,0.2
3400,3280,62"00,0.2
3410,3228,219700,709.2
3421,3272,67800,2218.4
3430,3280,56'00,0.2
3440,3284,69'00,0.2
3450,3280,57 00,0.2
3460,3280,72%00,0.2
3470,3280,60'00,0.2
3480,3280,56$00,0.2
3490,3284,63800,2095.2
3500,3280,56%00,0.2
3511,3208,149500,479.6
3521,3268,65 00,0.2
3530,3280,72$00,0.2
3540,3280,58&00,0.2
3550,3280,56%00,0.2
3560,3284,62&00,0.2
3570,3280,56$00,0.2
3580,3284,66&00,0.2
3590,3280,56%00,0.2
3600,3280,69&00,0.2
3611,3284,59'00,0.2
3621,3280,88&00,0.3
3630,3280,61!00,0.2
3640,3280,56$00,0.2
3650,3284,64#00,0.2
3660,3280,56%00,0.2
3670,3284,69%00,0.2
3680,3280,57!00,0.2
3690,3284,71$00,0.2
3700,3284,57&00,0.2
3710,3280,56%00,0.2
3721,3200,16$800,0.1
3730,3280,56$00,0.2
3740,3284,67#00,0.2
3750,3284,56%00,0.2
3760,3280,69&00,0.2
3770,3280,57"00,0.2
3780,3280,72800,2387.8
3790,3280,60$00,0.2
3800,3280,56$00,0.2
3810,3280,63$00,0.2
3821,3272,15!600,0.0
3830,3280,69'00,0.2
3840,3284,57!00,0.2
3850,3280,72 00,0.2
3860,3284,58!00,0.2
3870,3280,56%00,0.2
3880,3280,62#00,0.2
3890,3280,56$00,0.2
3900,3284,66 00,0.2
3910,3284,56$00,0.2
3921,3276,71 00,0.2
3930,3232,22&100,0.1
3940,3280,72$00,0.2
3950,3284,60800,1996.7
3960,3280,56%00,0.2
3970,3284,64 00,0.2
3980,3280,56$00,0.2
3990,3284,69#00,0.2
4000,3280,57 00,0.2
4010,3284,70900,2328.4
4021,3264,59900,1955.1
4031,3212,158800,510.1
4040,3280,62800,2059.8
4050,3280,56$00,0.2
4060,3284,66'00,0.2
4070,3280,56%00,0.2
4080,3280,69&00,0.2
4090,3280,57 00,0.2
4100,3280,72900,2391.1
4110,3284,60!00,0.2
4121,3280,85$00,0.3
4131,3280,65'00,0.2
4140,3280,56$00,0.2
4150,3284,69%00,0.2
4160,3280,57 00,0.2
4170,3280,71'00,0.2
4180,3280,57800,1895.8
4190,3280,56%00,0.2
4200,3284,62!00,0.2
4210,3280,56$00,0.2
4221,3268,65900,2153.6
4230,3280,56%00,0.2
4240,3220,71000,2286.2
4250,3280,57!00,0.2
4260,3280,72%00,0.2
4270,3284,60'00,0.2
4280,3280,56'00,0.2
4290,3280,63800,2092.6
4300,3280,56$00,0.2
4310,3280,69 00,0.2
4321,3268,68"00,0.2
4330,3280,70900,2325.5
4341,3256,159500,519.3
4350,3280,56%00,0.2
4360,3284,62'00,0.2
4370,3280,56$00,0.2
4380,3284,66&00,0.2
4390,3280,56$00,0.2
4400,3280,69&00,0.2
4410,3280,57 00,0.2
4421,3280,83$00,0.3
4430,3284,60 00,0.2
4441,3276,56$00,0.2
4450,3284,64$00,0.2
4460,3280,56$00,0.2
4470,3284,69%00,0.2
4480,3280,57 00,0.2
4490,3280,71$00,0.2
4500,3284,57&00,0.2
4510,3276,56%00,0.2
4521,3264,62"00,0.2
4530,3280,56$00,0.2
4540,3280,65&00,0.2
4551,3280,56$00,0.2
4560,3280,69800,2289.4
4570,3280,57!00,0.2
4580,3280,72'00,0.2
4590,3284,60%00,0.2
4600,3280,56$00,0.2
4610,3284,63%00,0.2
4621,3276,77'00,0.3
4630,3280,68800,2256.6
4640,3280,56900,1866.3
4650,3280,70%00,0.2
4661,3172,13&800,0.0
4670,3280,56%00,0.2
4680,3284,62$00,0.2
4690,3280,56$00,0.2
4700,3284,66"00,0.2
4710,3280,56$00,0.2
4721,3276,70900,2322.7
4730,3280,57 00,0.2
4740,3280,72800,2387.8
4750,3284,59&00,0.2
4760,3280,56$00,0.2
4771,3172,14!400,0.0
4780,3280,56$00,0.2
4790,3280,69$00,0.2
4800,3280,57 00,0.2
4810,3280,71!00,0.2
4821,3264,60800,1984.5
4830,3280,56&00,0.2
4840,3284,61600,2022.9
4850,3280,56$00,0.2
4860,3280,65#00,0.2
4871,3204,179100,573.8
4880,3284,69800,2292.2
4890,3280,57!00,0.2
4900,3280,72800,2387.8
4910,3280,60"00,0.2
4921,3276,85#00,0.3
4930,3280,63$00,0.2
4940,3280,56%00,0.2
4950,3284,68$00,0.2
4960,3280,56800,1863.0
4970,3284,70!00,0.2
4980,3224,219500,707.7
4990,3280,56&00,0.2
5000,3284,62"00,0.2
5010,3280,56%00,0.2
5021,3268,66!00,0.2
5030,3280,56%00,0.2
5040,3280,69%00,0.2
5050,3280,57 00,0.2
5060,3284,72'00,0.2
5070,3280,59#00,0.2
5081,3224,19"300,0.1
5090,3280,63800,2092.6
5100,3280,56$00,0.2
5110,3284,69!00,0.2
5121,3268,68!00,0.2
5130,3280,70900,2325.5
5140,3280,57#00,0.2
5150,3280,56'00,0.2
5160,3284,61#00,0.2
5170,3280,56$00,0.2
5181,3280,67&00,0.2
5190,3284,56$00,0.2
5200,3284,69&00,0.2
5210,3280,57 00,0.2
5221,3280,81%00,0.3
5230,3280,60 00,0.2
5240,3276,56$00,0.2
5250,3284,63!00,0.2
5260,3280,56$00,0.2
5270,3280,68 00,0.2
5280,3280,56&00,0.2
5291,3220,16"400,0.1
5300,3280,57&00,0.2
5310,3280,56&00,0.2
5321,3260,62"00,0.2
5330,3280,56$00,0.2
5340,3284,65&00,0.2
5350,3280,56$00,0.2
5360,3280,69&00,0.2
5370,3280,57 00,0.2
5380,3280,72%00,0.2
5391,3252,15'100,0.0
5400,3280,56$00,0.2
5410,3284,63%00,0.2
5421,3272,77'00,0.3
5430,3280,68&00,0.2
5440,3280,56900,1866.3
5450,3280,70$00,0.2
5460,3284,57!00,0.2
5470,3280,72 00,0.2
5480,3280,61 00,0.2
5490,3280,56$00,0.2
5501,3168,14!700,0.0
5510,3280,56$00,0.2
5521,3276,70%00,0.2
5530,3280,57!00,0.2
5540,3280,72800,2387.8
5550,3280,59%00,0.2
5560,3276,56$00,0.2
5570,3284,62900,2065.6
5580,3280,56$00,0.2
5590,3280,67%00,0.2
5601,3220,14#300,0.0
5610,3280,70900,2325.5
5621,3264,60900,1987.8
5630,3280,56%00,0.2
5640,3284,61&00,0.2
5650,3280,56$00,0.2
5660,3280,65!00,0.2
5670,3280,56$00,0.2
5680,3280,69%00,0.2
5690,3280,57!00,0.2
5701,3280,76!00,0.2
5710,3284,60!00,0.2
5721,3276,94"00,0.3
5730,3280,63$00,0.2
5740,3280,56$00,0.2
5750,3280,68#00,0.2
5760,3280,56800,1863.0
5770,3280,70!00,0.2
5780,3280,57!00,0.2
5790,3280,72"00,0.2
5800,3284,60800,1996.7
5811,3224,13$300,0.0
5821,3268,65900,2153.6
5830,3280,56$00,0.2
5840,3280,69%00,0.2
5850,3280,57 00,0.2
5860,3284,72'00,0.2
5870,3284,59!00,0.2
5880,3280,56&00,0.2
5890,3280,62800,2059.8
5900,3280,56$00,0.2
5911,3220,15$600,0.0
5921,3268,68"00,0.2
5930,3280,70800,2322.2
5940,3280,57"00,0.2
5950,3280,56'00,0.2
5960,3280,61"00,0.2
5970,3284,56$00,0.2
5980,3284,64'00,0.2
5990,3280,56%00,0.2
6000,3280,69%00,0.2
6011,3268,159400,520.9
6021,3280,79%00,0.3
6030,3284,59900,1967.1
6040,3276,56500,1850.9
6050,3284,63 00,0.2
6060,3280,56%00,0.2
6070,3284,67900,2229.8
6080,3280,56&00,0.2
6090,3284,69800,2292.2
6100,3280,57!00,0.2
6110,3280,72%00,0.2
6121,3156,16#000,0.1
6130,3280,56$00,0.2
6140,3284,65$00,0.2
6150,3280,56$00,0.2
6160,3284,69%00,0.2
6170,3280,57 00,0.2
6180,3280,72$00,0.2
6190,3280,58&00,0.2
6200,3280,56%00,0.2
6210,3284,62&00,0.2
6221,3276,79$00,0.3
6230,3280,68$00,0.2
6240,3280,56900,1866.3
6250,3280,70"00,0.2
6260,3280,57!00,0.2
6270,3280,72!00,0.2
6280,3280,60800,1994.2
6290,3280,56%00,0.2
6300,3280,64"00,0.2
6310,3280,56$00,0.2
6321,3272,69&00,0.2
6331,3272,159400,521.6
6340,3284,72800,2390.8
6350,3280,59#00,0.2
6360,3280,56%00,0.2
6370,3284,62800,2062.4
6380,3284,56$00,0.2
6390,3284,67#00,0.2
6400,3280,56%00,0.2
6410,3280,69%00,0.2
6421,3264,62&00,0.2
6430,3280,72900,2391.1
6440,3260,61800,2014.7
6450,3280,56$00,0.2
6460,3280,64900,2128.7
6470,3284,56$00,0.2
6480,3280,69%00,0.2
6490,3280,57!00,0.2
6500,3280,72 00,0.2
6510,3280,58!00,0.2
6521,3280,87$00,0.3
6530,3284,62%00,0.2
6541,3224,14#800,0.0
6550,3280,68!00,0.2
6560,3280,56'00,0.2
6570,3284,69800,2292.2
6580,3284,57 00,0.2
6590,3280,72#00,0.2
6600,3284,60'00,0.2
6610,3280,56$00,0.2
6621,3268,64$00,0.2
6630,3280,56$00,0.2
6641,3172,191500,607.4
6650,3280,57!00,0.2
6660,3284,72&00,0.2
6670,3280,58900,1931.9
6680,3280,56%00,0.2
6690,3280,62800,2059.8
6700,3280,56$00,0.2
6710,3280,66900,2194.3
6721,3268,71"00,0.2
6730,3280,69900,2292.7
6741,3280,59900,1964.7
6750,3280,72 00,0.2
6760,3284,61!00,0.2
6770,3280,56$00,0.2
6780,3284,64'00,0.2
6790,3280,56$00,0.2
6800,3284,69$00,0.2
6810,3284,57 00,0.2
6821,3276,73800,2417.7
6830,3280,58!00,0.2
6840,3280,56$00,0.2
6851,3232,23$400,0.1
6860,3280,56$00,0.2
6870,3280,67'00,0.2
6880,3280,56%00,0.2
6890,3280,69800,2289.4
6900,3280,57 00,0.2
6910,3280,72&00,0.2
6921,3260,61$00,0.2
6930,3280,56$00,0.2
6940,3284,63900,2098.5
6951,3216,20!000,0.1
6960,3280,69&00,0.2
6970,3280,57 00,0.2
6980,3280,72$00,0.2
6990,3280,58&00,0.2
7000,3280,56%00,0.2
7010,3280,62&00,0.2
7021,3276,80'00,0.3
7030,3284,66'00,0.2
7040,3280,56$00,0.2
7051,3220,15!100,0.0
7060,3284,57!00,0.2
7070,3280,72 00,0.2
7080,3280,60900,1997.5
7090,3280,56$00,0.2
7100,3284,64$00,0.2
7110,3280,56%00,0.2
7121,3272,69&00,0.2
7130,3280,57!00,0.2
7140,3284,71&00,0.2
7150,3280,57800,1895.8
7160,3280,93$00,0.3
7170,3280,62800,2059.8
7180,3280,56$00,0.2
7190,3280,67#00,0.2
7200,3280,56$00,0.2
7210,3284,69&00,0.2
7221,3264,62%00,0.2
7230,3280,72800,2387.8
7240,3284,60600,1990.1
7250,3280,56$00,0.2
7261,3228,228200,736.6
7270,3280,56%00,0.2
7280,3280,69%00,0.2
7290,3280,57!00,0.2
7300,3280,72"00,0.2
7310,3280,58#00,0.2
7321,3280,86!00,0.3
7330,3280,62'00,0.2
7340,3280,56$00,0.2
7350,3284,66$00,0.2
7361,3204,18$400,0.1
7370,3280,70 00,0.2
7380,3280,57!00,0.2
7390,3280,72"00,0.2
7400,3284,60800,1996.7
7410,3280,56$00,0.2
7421,3264,64%00,0.2
7430,3280,56$00,0.2
7440,3284,69$00,0.2
7450,3280,57!00,0.2
7461,3220,16 100,0.1
7470,3280,59 00,0.2
7480,3276,56%00,0.2
7490,3284,62'00,0.2
7500,3280,56$00,0.2
7510,3284,67 00,0.2
7521,3268,70900,2317.0
7530,3280,69900,2292.7
7540,3280,57!00,0.2
7550,3280,72800,2387.8
7560,3280,60#00,0.2
7571,3224,13'300,0.0
7580,3280,64'00,0.2
7590,3280,56%00,0.2
7600,3284,69%00,0.2
7649,3280,57 00,0.2
7649,3276,73"00,0.2
7650,3280,58!00,0.2
7650,3280,56%00,0.2
7650,3280,62#00,0.2
7660,3280,56$00,0.2
7671,3280,69 00,0.2
7680,3280,56&00,0.2
7690,3284,69800,2292.2
7700,3280,57!00,0.2
7710,3280,72%00,0.2
7721,3260,61$00,0.2
7730,3280,56$00,0.2
7740,3280,63900,2095.9
7750,3280,56$00,0.2
7760,3284,69"00,0.2
7770,3280,57 00,0.2
7781,3212,15'900,0.0
7790,3280,58&00,0.2
7800,3280,56$00,0.2
7810,3280,62'00,0.2
7821,3276,80'00,0.3
7830,3284,66'00,0.2
7840,3280,56300,1846.6
7850,3280,69%00,0.2
7860,3280,57!00,0.2
7870,3280,72800,2387.8
7880,3280,60 00,0.2
7891,3220,14'800,0.0
7900,3284,64$00,0.2
7910,3280,56%00,0.2
7921,3272,69'00,0.2
7930,3280,56900,1866.3
7940,3280,71&00,0.2
7950,3280,57900,1899.1
7960,3280,56$00,0.2
7970,3284,62 00,0.2
7980,3280,56$00,0.2
7990,3280,65&00,0.2
8001,3228,168000,542.3
8010,3280,69&00,0.2
8021,3260,62%00,0.2
8030,3280,72800,2387.8
8040,3284,60&00,0.2
8050,3280,56$00,0.2
8060,3280,63&00,0.2
8070,3280,56$00,0.2
8080,3284,68'00,0.2
8090,3280,56900,1866.3
8100,3280,70%00,0.2
8111,3228,22&800,0.1
8121,3280,84"00,0.3
8130,3284,62'00,0.2
8140,3280,56$00,0.2
8150,3280,66$00,0.2
8160,3280,56$00,0.2
8170,3280,69%00,0.2
8180,3280,57 00,0.2
8190,3280,72800,2387.8
8200,3280,59'00,0.2
8211,3216,14#000,0.0
8221,3268,64&00,0.2
8230,3280,56$00,0.2
8240,3284,69%00,0.2
8250,3284,57 00,0.2
8260,3284,71#00,0.2
8270,3280,57%00,0.2
8280,3280,56&00,0.2
8290,3280,61'00,0.2
8300,3280,56$00,0.2
8310,3280,65#00,0.2
8321,3212,17!000,0.1
8330,3280,69800,2289.4
8340,3284,57!00,0.2
8350,3280,72'00,0.2
8360,3280,60#00,0.2
8370,3280,56$00,0.2
8380,3280,63"00,0.2
8390,3280,56$00,0.2
8400,3280,68#00,0.2
8410,3280,56800,1863.0
8421,3204,15'600,0.0
8430,3280,58 00,0.2
8440,3280,56500,1853.2
8450,3284,62#00,0.2
8460,3280,56$00,0.2
8470,3284,65900,2164.2
8480,3280,56$00,0.2
8490,3284,69%00,0.2
8500,3280,57!00,0.2
8510,3280,72'00,0.2
8521,3248,169500,550.5
8530,3280,56$00,0.2
8540,3280,63900,2095.9
8550,3280,56$00,0.2
8560,3284,69 00,0.2
8570,3280,57 00,0.2
8580,3280,70'00,0.2
8590,3280,57!00,0.2
8600,3280,56'00,0.2
8610,3280,61"00,0.2
8621,3200,18"500,0.1
8630,3280,66%00,0.2
8640,3280,56$00,0.2
8650,3284,69&00,0.2
8660,3284,57!00,0.2
8670,3280,72800,2387.8
8680,3280,59'00,0.2
8690,3280,56$00,0.2
8700,3280,62900,2063.1
8710,3280,56%00,0.2
8721,3272,67900,2221.7
8730,3280,57 00,0.2
8740,3280,71"00,0.2
8750,3280,57$00,0.2
8760,3280,56&00,0.2
8770,3284,61&00,0.2
8780,3280,56$00,0.2
8790,3280,65#00,0.2
8800,3280,56$00,0.2
8810,3280,69%00,0.2
8821,3264,64!00,0.2
8831,3220,16%300,0.1
8840,3280,60$00,0.2
8850,3280,56$00,0.2
8860,3284,63#00,0.2
8870,3280,56$00,0.2
8880,3284,68#00,0.2
8890,3280,56800,1863.0
8900,3280,70!00,0.2
8910,3280,57 00,0.2
8921,3280,77%00,0.3
8931,3220,149200,480.4
8940,3280,56$00,0.2
8950,3284,65900,2164.2
8960,3280,56$00,0.2
8970,3280,69%00,0.2
8980,3280,57 00,0.2
8990,3280,72'00,0.2
9000,3284,59"00,0.2
9010,3280,56%00,0.2
9021,3264,63&00,0.2
9030,3280,56%00,0.2
9041,3212,21$700,0.1
9050,3280,57 00,0.2
9060,3280,70800,2322.2
9070,3280,57"00,0.2
9080,3280,56&00,0.2
9090,3284,61#00,0.2
9100,3280,56$00,0.2
9110,3280,64900,2128.7
9121,3272,74'00,0.2
9130,3280,69800,2289.4
9141,3220,14%200,0.0
9150,3280,72900,2391.1
9160,3280,60 00,0.2
9170,3280,56#00,0.2
9180,3284,63 00,0.2
9190,3280,56%00,0.2
9200,3280,67900,2227.1
9210,3280,56%00,0.2
9221,3276,70'00,0.2
9230,3280,57 00,0.2
9241,3208,15'800,0.0
9250,3280,61900,2030.3
9260,3280,56$00,0.2
9270,3284,65%00,0.2
9280,3280,56$00,0.2
9290,3284,69%00,0.2
9300,3280,57 00,0.2
9310,3280,72%00,0.2
9321,3260,60'00,0.2
9330,3280,56$00,0.2
9341,3244,16"100,0.1
9350,3280,56$00,0.2
9360,3284,68'00,0.2
9370,3280,56900,1866.3
9380,3280,70%00,0.2
9390,3280,57!00,0.2
9400,3280,71900,2358.3
9410,3284,61 00,0.2
9421,3280,83800,2748.6
9430,3280,64'00,0.2
9440,3280,56%00,0.2
9451,3224,15%900,0.0
9460,3280,57 00,0.2
9470,3280,72800,2387.8
9480,3280,59&00,0.2
9490,3280,56$00,0.2
9500,3284,62900,2065.6
9510,3280,56$00,0.2
9521,3268,67800,2215.7
9530,3280,56%00,0.2
9540,3280,69'00,0.2
9550,3280,57 00,0.2
9561,3160,15&300,0.0
9570,3280,61&00,0.2
9580,3280,56$00,0.2
9590,3280,65"00,0.2
9600,3280,56$00,0.2
9610,3280,69%00,0.2
9621,3264,65!00,0.2
9630,3280,72400,2374.7
9640,3280,58&00,0.2
9650,3280,56$00,0.2
9661,3176,14$400,0.0
9670,3280,56$00,0.2
9680,3284,68#00,0.2
9690,3280,56900,1866.3
9700,3280,70!00,0.2
9710,3280,57 00,0.2
9721,3280,76#00,0.2
9730,3284,61"00,0.2
9740,3280,56$00,0.2
9750,3284,64#00,0.2
9761,3220,14#900,0.0
9770,3284,69'00,0.2
9780,3280,57 00,0.2
9790,3280,72800,2387.8
9800,3280,59!00,0.2
9810,3280,56%00,0.2
9821,3264,63&00,0.2
9830,3280,56$00,0.2
9840,3284,67$00,0.2
9850,3280,56$00,0.2
9860,3280,69&00,0.2
9870,3232,57'00,0.2
9880,3280,56'00,0.2
9890,3280,61#00,0.2
9900,3280,56$00,0.2
9910,3284,64800,2128.0
9921,3272,74&00,0.2
9930,3284,69800,2292.2
9940,3280,57 00,0.2
9950,3280,72"00,0.2
9960,3280,58"00,0.2
9971,3280,10 600,0.0
9980,3284,63!00,0.2
9990,3280,56$00,0.2
10000,3280,67900,2227.1
10010,3280,56&00,0.2
10021,3276,70800,2319.4
10030,3280,57 00,0.2
10040,3280,72"00,0.2
10050,3284,60800,1996.7
10060,3280,56$00,0.2
10071,3224,15!300,0.0
10080,3280,56$00,0.2
10090,3280,69%00,0.2
10100,3284,57 00,0.2
10110,3280,72%00,0.2
10121,3260,60800,1982.1
10130,3280,56$00,0.2
10140,3280,62800,2059.8
10150,3280,56$00,0.2
10160,3284,66900,2197.0
10171,3280,56$00,0.2
10180,3280,70$00,0.2
10190,3284,57!00,0.2
10200,3280,72 00,0.2
10210,3284,61 00,0.2
10221,3280,83'00,0.3
10230,3280,64700,2122.2
10240,3280,56$00,0.2
10250,3284,69$00,0.2
10260,3284,57 00,0.2
10270,3284,71800,2357.9
10281,3228,21&800,0.1
10290,3280,56$00,0.2
10300,3284,62800,2062.4
10310,3280,56$00,0.2
10321,3268,67&00,0.2
10330,3280,56%00,0.2
10340,3280,69'00,0.2
10350,3280,57!00,0.2
10360,3280,72&00,0.2
10370,3280,60'00,0.2
10381,3280,10#000,0.0
10390,3284,65!00,0.2
10400,3280,56$00,0.2
10410,3280,69%00,0.2
10421,3264,65$00,0.2
10430,3280,72$00,0.2
10440,3280,58%00,0.2
10450,3280,56$00,0.2
10460,3284,62%00,0.2
10470,3280,56$00,0.2
10480,3284,66%00,0.2
10491,3216,20 500,0.1
10500,3280,70!00,0.2
10510,3280,57!00,0.2
10521,3280,75#00,0.2
10530,3280,61!00,0.2
10540,3280,56%00,0.2
10550,3284,64"00,0.2
10560,3280,56$00,0.2
10570,3284,69$00,0.2
10580,3280,57 00,0.2
10591,3280,71800,2355.0
10600,3284,59!00,0.2
10610,3280,56%00,0.2
10621,3260,63%00,0.2
10630,3280,56$00,0.2
10640,3284,67#00,0.2
10650,3280,56$00,0.2
10660,3280,69&00,0.2
10670,3280,57 00,0.2
10680,3280,72'00,0.2
10691,3280,63$00,0.2
10700,3284,56%00,0.2
10710,3280,64'00,0.2
10721,3272,74900,2450.7
10730,3284,69800,2292.2
10740,3280,57!00,0.2
10750,3280,72!00,0.2
10760,3280,58!00,0.2
10770,3280,56$00,0.2
10780,3284,62$00,0.2
10790,3280,56$00,0.2
10801,3168,14&800,0.0
10810,3280,56&00,0.2
10821,3276,70'00,0.2
10830,3280,57100,1872.9
10840,3280,72$00,0.2
10850,3284,60'00,0.2
10860,3284,56%00,0.2
10870,3284,64 00,0.2
10880,3280,56$00,0.2
10890,3280,69"00,0.2
10900,3280,57 00,0.2
10911,3280,72%00,0.2
10921,3260,60'00,0.2
10930,3276,56%00,0.2
10940,3280,62800,2059.8
10950,3280,56$00,0.2
10960,3280,66800,2191.0
10970,3280,56$00,0.2
10980,3280,69%00,0.2
10990,3280,57 00,0.2
11000,3280,72900,2391.1
11011,3220,14'300,0.0
11021,3280,83&00,0.3
11030,3284,64&00,0.2
11040,3280,56$00,0.2
11050,3280,69%00,0.2
11060,3280,57!00,0.2
11070,3280,71&00,0.2
11080,3280,57'00,0.2
11090,3280,56%00,0.2
11100,3280,61900,2030.3
11111,3280,56$00,0.2
11121,3268,67%00,0.2
11130,3280,56%00,0.2
11140,3284,69&00,0.2
11150,3280,57 00,0.2
11160,3280,72&00,0.2
11170,3284,60%00,0.2
11180,3280,56$00,0.2
11190,3284,63&00,0.2
11200,3280,56$00,0.2
11210,3280,68'00,0.2
11221,3212,73%00,0.2
11230,3284,72#00,0.2
11240,3280,58$00,0.2
11250,3276,56$00,0.2
11260,3284,62%00,0.2
11270,3280,56%00,0.2
11280,3280,66#00,0.2
11290,3280,56$00,0.2
11300,3284,69%00,0.2
11310,3280,57 00,0.2
11321,3204,16 600,0.1
11330,3284,61 00,0.2
11340,3280,56%00,0.2
11350,3284,64 00,0.2
11360,3280,56$00,0.2
11370,3284,69#00,0.2
11380,3280,57 00,0.2
11390,3280,71 00,0.2
11400,3280,57#00,0.2
11410,3280,56&00,0.2
11421,3264,61900,2020.4
11431,3224,212000,683.5
11440,3284,67800,2226.6
11450,3280,56&00,0.2
11460,3284,69'00,0.2
11470,3280,57!00,0.2
11480,3280,72%00,0.2
11490,3280,60'00,0.2
11500,3280,56$00,0.2
11510,3284,63900,2098.5
11521,3276,75800,2483.2
11531,3284,71900,2361.2
11540,3284,57!00,0.2
11550,3284,72%00,0.2
11560,3280,58&00,0.2
11570,3280,56%00,0.2
11580,3280,62&00,0.2
11590,3280,56$00,0.2
11600,3284,66&00,0.2
11610,3280,56#00,0.2
11621,3276,70'00,0.2
11630,3280,57!00,0.2
11641,3220,159100,512.3
11650,3284,61 00,0.2
11660,3280,56%00,0.2
11670,3280,64$00,0.2
11680,3280,56$00,0.2
11690,3284,69%00,0.2
11700,3284,57 00,0.2
11710,3280,71$00,0.2
11721,3264,60'00,0.2
11730,3280,56%00,0.2
11740,3284,61900,2032.8
11751,3224,18!300,0.1
11760,3284,67"00,0.2
11770,3280,56$00,0.2
11780,3280,69&00,0.2
11790,3280,57!00,0.2
11800,3280,72'00,0.2
11810,3284,60$00,0.2
11821,3280,84900,2784.7
11830,3284,63'00,0.2
11840,3280,56$00,0.2
11851,3176,149200,473.9
11860,3284,57 00,0.2
11870,3280,72!00,0.2
11880,3280,58"00,0.2
11890,3280,56%00,0.2
11900,3280,62$00,0.2
11910,3280,56$00,0.2
11921,3268,66$00,0.2
11930,3280,56$00,0.2
11940,3284,69%00,0.2
11951,3276,15#800,0.0
11960,3280,72%00,0.2
11970,3284,60'00,0.2
11980,3280,56%00,0.2
11990,3280,64 00,0.2
12000,3280,56$00,0.2
12010,3280,69#00,0.2
12021,3264,67'00,0.2
12030,3280,71!00,0.2
12040,3280,57$00,0.2
12050,3280,56&00,0.2
12061,3172,139100,441.2
12070,3280,56$00,0.2
12080,3284,66900,2197.0
12090,3280,56$00,0.2
12100,3284,69$00,0.2
12110,3284,57!00,0.2
12121,3280,73"00,0.2
12130,3280,60#00,0.2
12140,3284,56$00,0.2
12150,3284,63"00,0.2
12160,3280,56$00,0.2
12171,3220,22&300,0.1
12180,3284,57 00,0.2
12190,3280,71'00,0.2
12200,3280,57900,1899.1
12210,3280,56%00,0.2
12221,3264,62$00,0.2
12230,3280,56%00,0.2
12240,3284,65900,2164.2
12250,3280,56$00,0.2
12260,3280,69%00,0.2
12270,3280,57!00,0.2
12281,3280,73 00,0.2
12290,3280,60'00,0.2
12300,3280,56$00,0.2
12310,3284,63'00,0.2
12321,3276,76900,2519.2
12330,3284,69 00,0.2
12340,3280,56900,1866.3
12350,3280,70800,2322.2
12360,3284,57"00,0.2
12370,3280,56800,1863.0
12381,3228,23 800,0.1
12390,3280,56$00,0.2
12400,3280,66%00,0.2
12410,3280,56$00,0.2
12421,3276,70'00,0.2
12430,3280,57!00,0.2
12440,3280,72800,2387.8
12450,3280,59900,1964.7
12460,3280,56$00,0.2
12470,3280,63 00,0.2
12481,3220,21$200,0.1
12490,3284,69&00,0.2
12500,3280,57!00,0.2
12510,3280,71#00,0.2
12521,3260,60800,1982.1
12530,3276,56&00,0.2
12540,3284,61900,2032.8
12550,3280,56$00,0.2
12560,3284,65%00,0.2
12570,3280,56$00,0.2
12580,3284,69%00,0.2
12591,3224,18"300,0.1
12600,3284,72800,2390.8
12610,3280,60$00,0.2
12621,3280,85000,2788.0
12630,3284,63&00,0.2
12640,3284,56$00,0.2
12650,3284,68&00,0.2
12660,3280,56900,1866.3
12670,3280,70$00,0.2
12680,3280,57!00,0.2
12691,3220,20"300,0.1
12700,3280,62$00,0.2
12710,3280,56$00,0.2
12721,3268,66"00,0.2
12730,3280,56$00,0.2
12740,3280,69%00,0.2
12750,3280,57 00,0.2
12760,3280,72'00,0.2
12770,3284,59%00,0.2
12780,3280,56$00,0.2
12790,3284,62800,2062.4
12801,3228,188000,606.9
12810,3280,69"00,0.2
12821,3268,67800,2215.7
12830,3280,71!00,0.2
12840,3280,57$00,0.2
12850,3280,56'00,0.2
12860,3284,61%00,0.2
12870,3280,56$00,0.2
12880,3284,65!00,0.2
12890,3280,56$00,0.2
12900,3280,69%00,0.2
12911,3224,17%400,0.1
12921,3280,72900,2391.1
12930,3284,60#00,0.2
12940,3280,56%00,0.2
12950,3284,63#00,0.2
12960,3280,56$00,0.2
12970,3284,68"00,0.2
12980,3280,56800,1863.0
12990,3280,70!00,0.2
13000,3280,57!00,0.2
13011,3220,198700,639.8
13021,3264,62$00,0.2
13030,3280,56%00,0.2
13040,3280,65800,2158.2
13050,3284,56$00,0.2
13060,3280,69&00,0.2
13070,3280,57!00,0.2
13080,3280,72&00,0.2
13090,3284,59 00,0.2
13100,3280,56%00,0.2
13110,3280,62800,2059.8
13121,3184,10&200,0.0
13130,3284,69 00,0.2
13140,3280,57 00,0.2
13150,3280,70'00,0.2
13160,3284,57!00,0.2
13170,3280,56800,1863.0
13180,3284,61"00,0.2
13190,3280,56$00,0.2
13200,3284,64'00,0.2
13210,3280,56$00,0.2
13221,3276,70000,2293.2
13231,3280,57!00,0.2
13240,3280,72800,2387.8
13250,3284,59'00,0.2
13260,3276,56$00,0.2
13270,3284,63 00,0.2
13280,3280,56$00,0.2
13290,3280,67'00,0.2
13300,3280,56&00,0.2
13310,3284,69'00,0.2
13321,3264,61#00,0.2
13331,3224,15$700,0.0
13340,3280,61'00,0.2
13350,3280,56$00,0.2
13360,3284,65"00,0.2
13370,3280,56$00,0.2
13380,3280,69%00,0.2
13390,3280,57 00,0.2
13400,3284,72$00,0.2
13410,3280,58&00,0.2
13421,3280,86&00,0.3
13431,3256,16%200,0.1
13440,3280,56%00,0.2
13450,3284,68$00,0.2
13460,3280,56800,1863.0
13470,3280,70"00,0.2
13480,3280,57 00,0.2
13490,3280,72!00,0.2
13500,3284,60900,2000.0
13510,3280,56$00,0.2
13521,3268,64&00,0.2
13530,3280,56$00,0.2
13541,3280,70!00,0.2
13550,3280,57!00,0.2
13560,3280,72'00,0.2
13570,3280,59"00,0.2
13580,3280,56%00,0.2
13590,3284,62800,2062.4
13600,3280,56%00,0.2
13610,3280,67"00,0.2
13621,3268,70%00,0.2
13630,3280,70 00,0.2
13641,3228,21'100,0.1
13650,3280,56&00,0.2
13660,3280,61#00,0.2
13670,3280,56$00,0.2
13680,3280,64800,2125.4
13690,3280,56$00,0.2
13700,3280,69%00,0.2
13710,3280,57!00,0.2
13721,3280,72!00,0.2
13730,3284,58#00,0.2
13740,3276,56%00,0.2
13751,3212,199700,641.4
13760,3284,56$00,0.2
13770,3280,67900,2227.1
13780,3280,56'00,0.2
13790,3280,69800,2289.4
13800,3280,57!00,0.2
13810,3280,72#00,0.2
13821,3260,61%00,0.2
13830,3280,56%00,0.2
13840,3280,64 00,0.2
13851,3280,56$00,0.2
13860,3280,69800,2289.4
13870,3280,57 00,0.2
13880,3280,72%00,0.2
13890,3280,58900,1931.9
13900,3276,56$00,0.2
13910,3284,62'00,0.2
13921,3276,80%00,0.3
13931,3280,67 00,0.2
13940,3280,56$00,0.2
13950,3280,69&00,0.2
13961,3224,21'600,0.1
13970,3280,72 00,0.2
13980,3280,61!00,0.2
13990,3280,56$00,0.2
14000,3280,64%00,0.2
14010,3280,56$00,0.2
14021,3272,69900,2287.1
14030,3280,57!00,0.2
14040,3280,71800,2355.0
14050,3280,58 00,0.2
14061,3168,13$100,0.0
14070,3284,63 00,0.2
14080,3280,56$00,0.2
14090,3280,67%00,0.2
14100,3280,56%00,0.2
14110,3284,69&00,0.2
14121,3264,62#00,0.2
14130,3280,72900,2391.1
14140,3280,60&00,0.2
14150,3280,56%00,0.2
14160,3284,63800,2095.2
14171,3196,77 00,0.2
14180,3284,69&00,0.2
14190,3280,57 00,0.2
14200,3284,72#00,0.2
14210,3280,58%00,0.2
14221,3280,86900,2850.3
14231,3280,62900,2063.1
14240,3280,56$00,0.2
14250,3284,66&00,0.2
14260,3280,56$00,0.2
14271,3184,149500,476.0
14280,3280,57!00,0.2
14290,3280,72!00,0.2
14300,3284,60800,1996.7
14310,3280,56$00,0.2
14321,3264,64'00,0.2
14331,3280,56$00,0.2
14340,3284,69$00,0.2
14350,3280,57 00,0.2
14360,3280,71%00,0.2
14371,3192,16%900,0.1
14380,3280,56%00,0.2
14390,3284,62800,2062.4
14400,3280,56$00,0.2
14410,3284,67200,2206.8
14421,3268,70&00,0.2
14431,3280,70!00,0.2
14440,3280,57 00,0.2
14450,3280,72'00,0.2
14460,3280,60%00,0.2
14471,3280,85%00,0.3
14480,3280,64800,2125.4
14490,3280,56%00,0.2
14500,3280,69%00,0.2
14510,3284,57 00,0.2
14521,3276,72!00,0.2
14531,3280,58#00,0.2
14540,3280,56$00,0.2
14550,3280,62$00,0.2
14560,3280,56$00,0.2
14570,3284,66!00,0.2
14581,3204,65'00,0.2
14590,3284,69800,2292.2
14600,3284,57 00,0.2
14610,3280,72$00,0.2
14621,3260,61%00,0.2
14631,3280,56$00,0.2
14640,3284,64!00,0.2
14650,3280,56$00,0.2
14660,3280,69$00,0.2
14670,3280,57 00,0.2
14681,3280,73800,2420.6
14690,3280,58800,1928.6
14700,3280,56%00,0.2
14710,3280,62'00,0.2
14721,3276,80%00,0.3
14731,3284,67 00,0.2
14740,3280,56$00,0.2
14750,3284,69&00,0.2
14760,3280,57 00,0.2
14770,3280,72900,2391.1
14780,3280,60"00,0.2
14791,3228,14"600,0.0
14800,3284,64%00,0.2
14810,3280,56$00,0.2
14821,3272,69900,2287.1
14831,3280,57 00,0.2
14840,3280,71800,2355.0
14850,3280,57900,1899.1
14860,3280,56%00,0.2
14870,3280,62!00,0.2
14880,3280,56$00,0.2
14890,3284,65800,2160.9
14901,3200,70'00,0.2
14910,3280,69'00,0.2
14921,3264,62$00,0.2
14966,3280,72800,2387.8
14966,3284,60&00,0.2
14967,3280,56%00,0.2
14967,3280,63800,2092.6
14970,3280,56%00,0.2
14980,3280,69 00,0.2
14990,3280,56900,1866.3
15001,3220,159600,513.9
15010,3284,58500,1921.1
15021,3280,86800,2847.0
15031,3284,63 00,0.2
15040,3280,56$00,0.2
15050,3284,66&00,0.2
15060,3280,56$00,0.2
15070,3280,69&00,0.2
15080,3280,57!00,0.2
15090,3280,72800,2387.8
15100,3280,59900,1964.7
15111,3220,14%600,0.0
15121,3268,64'00,0.2
15131,3280,56$00,0.2
15140,3280,69%00,0.2
15150,3280,57 00,0.2
15160,3280,71%00,0.2
15170,3280,57&00,0.2
15180,3280,56%00,0.2
15190,3280,61900,2030.3
15200,3280,56$00,0.2
15211,3224,15"100,0.0
15221,3272,70$00,0.2
15231,3280,70!00,0.2
15240,3280,57 00,0.2
15250,3280,72'00,0.2
15260,3280,60%00,0.2
15270,3280,56$00,0.2
15280,3284,63%00,0.2
15290,3280,56$00,0.2
15300,3284,68'00,0.2
15310,3280,56900,1866.3
15321,3188,21 400,0.1
15330,3280,58#00,0.2
15340,3280,56%00,0.2
15350,3280,62%00,0.2
15360,3280,56$00,0.2
15370,3280,66"00,0.2
15380,3280,56%00,0.2
15390,3280,69%00,0.2
15400,3284,57!00,0.2
15410,3280,72800,2387.8
15421,3208,24%000,0.1
15430,3280,56$00,0.2
15440,3280,64 00,0.2
15450,3280,56%00,0.2
15460,3280,69#00,0.2
15470,3280,57 00,0.2
15480,3280,71 00,0.2
15490,3280,57#00,0.2
15500,3280,56&00,0.2
15510,3280,61$00,0.2
15521,3216,17%300,0.1
15530,3284,66800,2193.7
15540,3280,56%00,0.2
15550,3280,69%00,0.2
15560,3284,57!00,0.2
15570,3280,72900,2391.1
15580,3280,60!00,0.2
15590,3280,56%00,0.2
15600,3280,63!00,0.2
15610,3280,56$00,0.2
15621,3204,16%100,0.1
15630,3280,57 00,0.2
15640,3284,71%00,0.2
15650,3280,57'00,0.2
15660,3280,56%00,0.2
15670,3280,61900,2030.3
15680,3280,56%00,0.2
15690,3280,65&00,0.2
15700,3280,56$00,0.2
15710,3280,69%00,0.2
15721,3264,63'00,0.2
15731,3280,72900,2391.1
15740,3280,60%00,0.2
15750,3280,56%00,0.2
15760,3284,63%00,0.2
15770,3280,56$00,0.2
15780,3280,68%00,0.2
15790,3280,56900,1866.3
15800,3280,70#00,0.2
15810,3284,57 00,0.2
15821,3280,72800,2387.8
15831,3176,14!600,0.0
15840,3280,56$00,0.2
15850,3280,67 00,0.2
15860,3280,56$00,0.2
15870,3280,69&00,0.2
15880,3280,57!00,0.2
15890,3280,72800,2387.8
15900,3284,60"00,0.2
15910,3276,56$00,0.2
15921,3264,63'00,0.2
15931,3220,14&000,0.0
15940,3280,69&00,0.2
15950,3280,57 00,0.2
15960,3280,71800,2355.0
15970,3284,57900,1901.4
15980,3280,56%00,0.2
15990,3284,62!00,0.2
16000,3280,56$00,0.2
16010,3284,65800,2160.9
16021,3272,72&00,0.2
16031,3228,16$700,0.1
16040,3280,57 00,0.2
16050,3280,72&00,0.2
16060,3284,60'00,0.2
16070,3280,56$00,0.2
16080,3280,63800,2092.6
16090,3284,56$00,0.2
16100,3280,69 00,0.2
16110,3280,56900,1866.3
16121,3280,70900,2325.5
16131,3280,57#00,0.2
16141,3220,14#900,0.0
16150,3284,62'00,0.2
16160,3280,56$00,0.2
16170,3280,66%00,0.2
16180,3280,56$00,0.2
16190,3284,69%00,0.2
16200,3280,57000,1869.6
16210,3280,72800,2387.8
16221,3260,60800,1982.1
16231,3276,56$00,0.2
16240,3280,63 00,0.2
16251,3220,21$600,0.1
16260,3280,69%00,0.2
16270,3280,57!00,0.2
16280,3280,71#00,0.2
16290,3280,57&00,0.2
16300,3280,56&00,0.2
16310,3280,61'00,0.2
16321,3280,82&00,0.3
16331,3284,65&00,0.2
16340,3284,56$00,0.2
16351,3280,72&00,0.2
16360,3280,57!00,0.2
16370,3280,72800,2387.8
16380,3280,60%00,0.2
16390,3280,56$00,0.2
16400,3280,63$00,0.2
16410,3280,56%00,0.2
16421,3272,68800,2251.1
16431,3280,56900,1866.3
16440,3280,70$00,0.2
16450,3284,57!00,0.2
16461,3220,14'400,0.0
16470,3280,62$00,0.2
16480,3280,56%00,0.2
16490,3284,66!00,0.2
16500,3280,56$00,0.2
16510,3280,69&00,0.2
16521,3264,63900,2085.7
16531,3280,72800,2387.8
16540,3280,59&00,0.2
16550,3276,56$00,0.2
16561,3220,15 700,0.0
16570,3280,56$00,0.2
16580,3284,69"00,0.2
16590,3280,57 00,0.2
16600,3284,71 00,0.2
16610,3280,57#00,0.2
16621,3280,72%00,0.2
16631,3284,61'00,0.2
16640,3280,56$00,0.2
16650,3284,65"00,0.2
16661,3280,56$00,0.2
16670,3280,69800,2289.4
16680,3280,57!00,0.2
16690,3280,72900,2391.1
16700,3284,60!00,0.2
16710,3276,56$00,0.2
16721,3264,64 00,0.2
16731,3280,56&00,0.2
16740,3284,68#00,0.2
16750,3280,56'00,0.2
16760,3280,70 00,0.2
16771,3280,149400,490.0
16780,3280,56%00,0.2
16790,3284,62!00,0.2
16800,3280,56500,1853.2
16810,3280,65&00,0.2
16821,3272,73"00,0.2
16831,3284,70!00,0.2
16840,3280,57 00,0.2
16850,3280,72'00,0.2
16860,3284,59!00,0.2
16871,3280,56$00,0.2
16880,3284,63'00,0.2
16890,3280,56$00,0.2
16900,3280,68800,2256.6
16910,3280,56900,1866.3
16921,3276,70900,2322.7
16931,3280,57!00,0.2
16940,3280,56'00,0.2
16950,3284,61"00,0.2
16960,3280,56#00,0.2
16970,3280,64'00,0.2
16981,3280,11 500,0.0
16990,3280,69'00,0.2
17000,3280,57!00,0.2
17010,3280,72'00,0.2
17021,3260,60&00,0.2
17031,3280,56%00,0.2
17040,3284,63 00,0.2
17050,3280,56#00,0.2
17060,3284,67900,2229.8
17070,3280,56&00,0.2
17081,3224,16#600,0.1
17090,3280,57&00,0.2
17100,3280,56%00,0.2
17110,3284,61'00,0.2
17121,3276,82800,2712.5
17131,3280,65%00,0.2
17140,3284,56$00,0.2
17150,3284,69%00,0.2
17160,3280,57 00,0.2
17170,3284,72%00,0.2
17180,3284,58'00,0.2
17191,3164,13!700,0.0
17200,3284,63$00,0.2
17210,3280,56$00,0.2
17221,3272,68&00,0.2
17231,3280,56800,1863.0
17240,3284,70$00,0.2
17250,3280,57!00,0.2
17260,3280,72 00,0.2
17270,3280,61 00,0.2
17280,3284,56$00,0.2
17291,3256,16&900,0.1
17300,3284,56$00,0.2
17310,3280,69%00,0.2
17321,3264,64!00,0.2
17331,3284,72800,2390.8
17340,3280,59$00,0.2
17350,3280,56$00,0.2
17360,3284,62800,2062.4
17370,3280,56$00,0.2
17380,3280,67$00,0.2
17390,3280,56500,1853.2
17401,3224,16#800,0.1
17410,3280,57"00,0.2
17421,3280,72$00,0.2
17431,3284,61'00,0.2
17440,3280,56$00,0.2
17450,3284,65!00,0.2
17460,3280,56$00,0.2
17470,3284,69%00,0.2
17480,3280,57 00,0.2
17490,3280,72"00,0.2
17500,3284,58#00,0.2
17511,3212,19 200,0.1
17521,3264,64 00,0.2
17531,3280,56%00,0.2
17540,3284,68!00,0.2
17550,3280,56'00,0.2
17560,3280,70 00,0.2
17570,3280,57!00,0.2
17580,3280,72#00,0.2
17590,3280,60800,1994.2
17600,3280,56$00,0.2
17610,3280,64!00,0.2
17621,3176,109000,346.2
17631,3280,70!00,0.2
17640,3280,57!00,0.2
17650,3284,72&00,0.2
17660,3284,59 00,0.2
17670,3276,56%00,0.2
17680,3280,62'00,0.2
17690,3280,56$00,0.2
17700,3284,67 00,0.2
17710,3280,56#00,0.2
17721,3208,23#100,0.1
17730,3280,57"00,0.2
17740,3280,56800,1863.0
17750,3284,61!00,0.2
17760,3280,56$00,0.2
17770,3280,64&00,0.2
17780,3280,56$00,0.2
17790,3280,69$00,0.2
17800,3280,57 00,0.2
17810,3280,71&00,0.2
17821,3208,239300,767.7
17831,3280,56$00,0.2
17840,3284,62900,2065.6
17850,3284,56$00,0.2
17860,3280,67$00,0.2
17870,3284,56%00,0.2
17880,3280,69&00,0.2
17890,3280,57 00,0.2
17900,3280,72'00,0.2
17910,3284,60%00,0.2
17921,3204,17!800,0.1
17931,3284,65 00,0.2
17940,3280,56$00,0.2
17950,3284,69%00,0.2
17960,3280,57 00,0.2
17970,3280,72!00,0.2
17980,3280,58#00,0.2
17990,3280,56400,1849.9
18000,3284,62$00,0.2
18010,3280,56%00,0.2
18021,3268,66$00,0.2
18031,3196,78900,2521.6
18040,3284,70!00,0.2
18050,3280,57 00,0.2
18060,3280,72"00,0.2
18070,3284,60800,1996.7
18080,3280,56$00,0.2
18090,3280,64!00,0.2
18100,3280,56$00,0.2
18110,3284,69$00,0.2
18121,3264,66$00,0.2
18131,3168,15"100,0.0
18140,3280,59'00,0.2
18150,3280,56$00,0.2
18160,3280,62900,2063.1
18170,3280,56$00,0.2
18180,3284,67&00,0.2
18190,3280,56%00,0.2
18200,3280,69'00,0.2
18210,3284,57!00,0.2
18221,3280,73 00,0.2
18231,3284,61!00,0.2
18241,3216,13&200,0.0
18250,3280,65"00,0.2
18260,3280,56$00,0.2
18270,3280,69%00,0.2
18280,3280,57 00,0.2
18290,3284,72#00,0.2
18300,3280,58%00,0.2
18310,3280,56$00,0.2
18321,3264,63 00,0.2
18331,3284,56$00,0.2
18341,3220,15%000,0.0
18350,3280,56900,1866.3
18360,3280,70"00,0.2
18370,3280,57 00,0.2
18380,3280,72!00,0.2
18390,3280,60800,1994.2
18400,3280,56$00,0.2
18410,3280,64#00,0.2
18421,3272,75800,2480.2
18431,3284,69'00,0.2
18441,3280,13 300,0.0
18450,3280,72'00,0.2
18460,3280,59"00,0.2
18470,3280,56$00,0.2
18480,3284,62800,2062.4
18490,3280,56$00,0.2
18500,3280,67"00,0.2
18510,3280,56$00,0.2
18521,3276,70'00,0.2
18531,3280,57 00,0.2
18540,3280,72'00,0.2
18551,3196,168300,537.9
18560,3284,56%00,0.2
18570,3284,64900,2131.3
18580,3280,56%00,0.2
18590,3280,69%00,0.2
18600,3280,57 00,0.2
18610,3284,72 00,0.2
18621,3260,61!00,0.2
18631,3276,56$00,0.2
18640,3284,62$00,0.2
18650,3280,56$00,0.2
18661,3172,14%700,0.0
18670,3284,56'00,0.2
18680,3280,69900,2292.7
18690,3280,57!00,0.2
18700,3280,72#00,0.2
18710,3284,60'00,0.2
18721,3276,84#00,0.3
18731,3280,64$00,0.2
18740,3280,56$00,0.2
18750,3280,69$00,0.2
18761,3220,14'400,0.0
18770,3280,72&00,0.2
18780,3280,58900,1931.9
18790,3280,56%00,0.2
18800,3284,62'00,0.2
18810,3280,56$00,0.2
18821,3268,67!00,0.2
18831,3280,56$00,0.2
18840,3280,69&00,0.2
18850,3280,57!00,0.2
18860,3280,72800,2387.8
18871,3228,62!00,0.2
18880,3280,56%00,0.2
18890,3280,64%00,0.2
18900,3280,56%00,0.2
18910,3280,69%00,0.2
18921,3264,66$00,0.2
18931,3280,71900,2358.3
18940,3284,58 00,0.2
18950,3280,56%00,0.2
18960,3280,62"00,0.2
18971,3228,14#000,0.0
18981,3284,67800,2226.6
18990,3280,56%00,0.2
19000,3280,69'00,0.2
19010,3280,57!00,0.2
19021,3280,73!00,0.2
19031,3280,61!00,0.2
19040,3280,56%00,0.2
19050,3280,63800,2092.6
19060,3280,56%00,0.2
19071,3280,72!00,0.2
19081,3280,57!00,0.2
19090,3280,72#00,0.2
19100,3284,58%00,0.2
19110,3276,56%00,0.2
19121,3264,63!00,0.2
19131,3280,56$00,0.2
19140,3284,66&00,0.2
19150,3280,56$00,0.2
19160,3280,69%00,0.2
19171,3280,57!00,0.2
19181,3280,72500,2378.0
19190,3280,60900,1997.5
19200,3284,56$00,0.2
19210,3280,64"00,0.2
19221,3272,76 00,0.2
19231,3284,69&00,0.2
19240,3284,57 00,0.2
19250,3280,71$00,0.2
19260,3280,57&00,0.2
19270,3280,56%00,0.2
19281,3228,219600,708.9
19290,3280,56%00,0.2
19300,3280,67#00,0.2
19310,3280,56%00,0.2
19321,3276,70'00,0.2
19331,3280,57!00,0.2
19340,3280,72800,2387.8
19350,3284,60%00,0.2
19360,3280,56%00,0.2
19370,3280,63%00,0.2
19381,3220,139200,448.2
19391,3280,69&00,0.2
19400,3280,57!00,0.2
19410,3284,72!00,0.2
19421,3260,60'00,0.2
19431,3280,56%00,0.2
19440,3284,62%00,0.2
19450,3284,56$00,0.2
19460,3280,66"00,0.2
19470,3280,56$00,0.2
19480,3280,69&00,0.2
19491,3224,22 400,0.1
19501,3280,72%00,0.2
19510,3284,60800,1996.7
19521,3280,84#00,0.3
19531,3284,64#00,0.2
19540,3280,56%00,0.2
19550,3280,69$00,0.2
19560,3280,57 00,0.2
19570,3284,71 00,0.2
19580,3280,57$00,0.2
19591,3280,56&00,0.2
19601,3280,63!00,0.2
19610,3280,56$00,0.2
19621,3268,67 00,0.2
19631,3284,56%00,0.2
19640,3280,69%00,0.2
19650,3280,57!00,0.2
19660,3280,72900,2391.1
19670,3280,60"00,0.2
19680,3276,56%00,0.2
19690,3280,63"00,0.2
19701,3228,14 200,0.0
19710,3280,69%00,0.2
19721,3264,66$00,0.2
19731,3280,71900,2358.3
19740,3284,57900,1901.4
19750,3280,56%00,0.2
19760,3284,62!00,0.2
19770,3280,56$00,0.2
19780,3280,65800,2158.2
19790,3280,56#00,0.2
19801,3172,15#200,0.0
19811,3280,57!00,0.2
19821,3280,73 00,0.2
19831,3284,60900,2000.0
19840,3280,56%00,0.2
19850,3280,63800,2092.6
19860,3280,56$00,0.2
19870,3284,69 00,0.2
19880,3280,56900,1866.3
19890,3280,70800,2322.2
19901,3220,14$800,0.0
19911,3280,56%00,0.2
19921,3264,63 00,0.2
19931,3280,56$00,0.2
19940,3280,66&00,0.2
19950,3280,56$00,0.2
19960,3280,69$00,0.2
19970,3280,57 00,0.2
19980,3280,72800,2387.8
19990,3284,59800,1963.8
20001,3276,56$00,0.2
20011,3284,64#00,0.2
20021,3272,76!00,0.2
20031,3280,69&00,0.2
20040,3280,57!00,0.2
20050,3280,71$00,0.2
20060,3284,57&00,0.2
20070,3280,56&00,0.2
20080,3280,61800,2027.0
20090,3284,56$00,0.2
20100,3284,65$00,0.2
20111,3220,14%300,0.0
20121,3276,70900,2322.7
20131,3280,57!00,0.2
20140,3280,72800,2387.8
20150,3284,60$00,0.2
20160,3280,56$00,0.2
20170,3284,63$00,0.2
20180,3280,56%00,0.2
20190,3284,68%00,0.2
20200,3280,56900,1866.3
20210,3280,70#00,0.2
20221,3208,75#00,0.2
20231,3280,56%00,0.2
20240,3280,62$00,0.2
20250,3280,56$00,0.2
20260,3284,66!00,0.2
20270,3280,56$00,0.2
20280,3280,69&00,0.2
20290,3280,57 00,0.2
20300,3280,72800,2387.8
20310,3280,59$00,0.2
20321,3168,16'500,0.1
20331,3280,64 00,0.2
20340,3280,56%00,0.2
20350,3284,69!00,0.2
20360,3280,57 00,0.2
20370,3280,70800,2322.2
20380,3280,57"00,0.2
20390,3280,56'00,0.2
20400,3284,61#00,0.2
20410,3280,56$00,0.2
20421,3204,16%400,0.1
20431,3284,56$00,0.2
20440,3280,69%00,0.2
20450,3280,57!00,0.2
20460,3280,72800,2387.8
20470,3284,59900,1967.1
20480,3280,56$00,0.2
20490,3284,63!00,0.2
20500,3280,56$00,0.2
20510,3284,67900,2229.8
20521,3268,118100,386.0
20531,3280,71$00,0.2
20540,3280,57&00,0.2
20550,3280,56&00,0.2
20560,3280,61800,2027.0
20570,3280,56$00,0.2
20580,3284,65$00,0.2
20590,3280,56$00,0.2
20600,3280,69%00,0.2
20610,3280,57 00,0.2
20621,3280,72&00,0.2
20631,3204,18%600,0.1
20641,3280,56$00,0.2
20650,3280,64!00,0.2
20660,3280,56$00,0.2
20670,3280,69#00,0.2
20680,3284,57 00,0.2
20690,3280,71 00,0.2
20700,3280,57$00,0.2
20710,3280,56&00,0.2
20721,3264,61800,2017.2
20731,3280,77!00,0.3
20741,3284,66900,2197.0
20750,3280,56%00,0.2
20760,3280,69&00,0.2
20770,3280,57!00,0.2
20780,3280,72800,2387.8
20790,3284,60"00,0.2
20800,3276,56$00,0.2
20810,3284,63"00,0.2
20821,3276,77800,2548.7
20831,3284,71!00,0.2
20841,3280,57!00,0.2
20850,3284,71800,2357.9
20860,3280,57900,1899.1
20870,3280,56$00,0.2
20880,3284,62!00,0.2
20890,3280,56$00,0.2
20900,3284,65800,2160.9
20910,3280,56$00,0.2
20921,3272,70%00,0.2
20931,3280,57 00,0.2
20941,3212,218300,701.2
20950,3280,60'00,0.2
20960,3280,56$00,0.2
20970,3284,63700,2091.9
20980,3280,56$00,0.2
20990,3280,69 00,0.2
21000,3280,57 00,0.2
21010,3280,70&00,0.2
21021,3264,61 00,0.2
21031,3280,72"00,0.2
21040,3280,61#00,0.2
21051,3208,13&200,0.0
21060,3280,66&00,0.2
21070,3280,56$00,0.2
21080,3280,69%00,0.2
21090,3280,57 00,0.2
21100,3280,72800,2387.8
21110,3284,59800,1963.8
21121,3280,85900,2817.5
21131,3284,63&00,0.2
21140,3280,56$00,0.2
21151,3220,15&200,0.0
21161,3280,57 00,0.2
21170,3280,71%00,0.2
21180,3280,57'00,0.2
21190,3280,56%00,0.2
21200,3284,61900,2032.8
21210,3280,56$00,0.2
21221,3268,65'00,0.2
21231,3280,56$00,0.2
21240,3284,69%00,0.2
21251,3280,57 00,0.2
21261,3284,72900,2394.0
21270,3284,60%00,0.2
21280,3280,56$00,0.2
21290,3280,63%00,0.2
21300,3280,56$00,0.2
21310,3284,68&00,0.2
21321,3268,68'00,0.2
21331,3280,70'00,0.2
21340,3280,57!00,0.2
21350,3280,56800,1863.0
21361,3196,17&100,0.1
21371,3280,56$00,0.2
21380,3280,66"00,0.2
21390,3280,56$00,0.2
21400,3280,69%00,0.2
21410,3284,57 00,0.2
21421,3280,72800,2387.8
21431,3280,59&00,0.2
21440,3280,56$00,0.2
21450,3284,62900,2065.6
21461,3280,56$00,0.2
21471,3284,69#00,0.2
21480,3280,57 00,0.2
21490,3280,71!00,0.2
21500,3284,57$00,0.2
21510,3280,56&00,0.2
21521,3260,62 00,0.2
21531,3280,56$00,0.2
21540,3280,65#00,0.2
21550,3280,56$00,0.2
21560,3284,69600,2285.7
21571,3224,13!200,0.0
21580,3280,72800,2387.8
21590,3280,60"00,0.2
21600,3276,56$00,0.2
21610,3280,63"00,0.2
21621,3276,78!00,0.3
21631,3280,68$00,0.2
21640,3280,56800,1863.0
21650,3280,70"00,0.2
21660,3280,57!00,0.2
21671,3224,15&200,0.0
21681,3280,62!00,0.2
21690,3280,56$00,0.2
21700,3280,65800,2158.2
21710,3280,56$00,0.2
21721,3276,70&00,0.2
21731,3280,57!00,0.2
21740,3280,72'00,0.2
21750,3280,59"00,0.2
21760,3280,56%00,0.2
21771,3272,16%000,0.1
21781,3280,56%00,0.2
21790,3280,68900,2259.9
21800,3280,57!00,0.2
21810,3284,70&00,0.2
21821,3260,61 00,0.2
21831,3280,72#00,0.2
21840,3280,61#00,0.2
21850,3280,56%00,0.2
21860,3284,64800,2128.0
21871,3280,56$00,0.2
21881,3280,70!00,0.2
21890,3280,57!00,0.2
21900,3280,72800,2387.8
21910,3284,59800,1963.8
21921,3280,85800,2814.2
21931,3284,63&00,0.2
21940,3280,56%00,0.2
21950,3280,67900,2227.1
21961,3280,56&00,0.2
21971,3280,69800,2289.4
21981,3228,21'700,0.1
21991,3280,56&00,0.2
22001,3284,61800,2029.5
22011,3280,56$00,0.2
22021,3268,65&00,0.2
22031,3280,56$00,0.2
22041,3280,69&00,0.2
22051,3284,57 00,0.2
22061,3280,72%00,0.2
22071,3280,58800,1928.6
22081,3212,63900,2052.5
22091,3280,63%00,0.2
22101,3280,56%00,0.2
22111,3280,68&00,0.2
22121,3268,69 00,0.2
22131,3280,70&00,0.2
22176,3284,57!00,0.2
22176,3280,71900,2358.3
22177,3280,61000,2000.8
22177,3280,56$00,0.2
22181,3284,67&00,0.2
22191,3280,56%00,0.2
22201,3280,69%00,0.2
22211,3284,57!00,0.2
22221,3280,72800,2387.8
22231,3280,59%00,0.2
22241,3280,56$00,0.2
22251,3280,62900,2063.1
22261,3284,56$00,0.2
22271,3280,67%00,0.2
22281,3280,56$00,0.2
22291,3176,188700,599.3
22301,3280,57#00,0.2
22311,3280,56&00,0.2
22321,3264,61900,2020.4
22331,3280,56%00,0.2
22341,3284,65!00,0.2
22351,3280,56$00,0.2
22361,3280,69%00,0.2
22371,3280,57!00,0.2
22381,3280,72"00,0.2
22391,3224,14%200,0.0
22401,3280,56%00,0.2
22411,3284,63!00,0.2
22421,3272,78$00,0.3
22431,3280,68"00,0.2
22441,3280,56'00,0.2
22451,3280,70!00,0.2
22461,3280,57 00,0.2
22471,3280,72"00,0.2
22481,3284,60800,1996.7
22491,3216,14 000,0.0
22501,3280,65'00,0.2
22511,3280,56%00,0.2
22521,3272,70%00,0.2
22531,3280,57!00,0.2
22541,3280,72'00,0.2
22551,3280,59!00,0.2
22561,3280,56$00,0.2
22571,3280,62'00,0.2
22581,3280,56%00,0.2
22591,3280,67!00,0.2
22601,3184,92%00,0.3
22611,3280,70%00,0.2
22621,3260,61"00,0.2
22631,3280,72#00,0.2
22641,3280,61"00,0.2
22651,3280,56$00,0.2
22661,3284,64'00,0.2
22671,3280,56$00,0.2
22681,3280,69&00,0.2
22691,3280,57 00,0.2
22701,3280,72900,2391.1
22711,3284,59&00,0.2
22721,3280,85800,2814.2
22731,3284,63&00,0.2
22741,3280,56#00,0.2
22751,3280,67800,2223.8
22761,3280,56&00,0.2
22771,3280,69'00,0.2
22781,3280,57!00,0.2
22791,3280,72%00,0.2
22801,3228,62&00,0.2
22811,3280,56$00,0.2
22821,3268,65%00,0.2
22831,3280,56$00,0.2
22841,3280,69%00,0.2
22851,3280,57 00,0.2
22861,3280,72%00,0.2
22871,3280,58&00,0.2
22881,3280,56$00,0.2
22891,3284,62&00,0.2
22901,3224,198900,641.3
22911,3284,68$00,0.2
22921,3268,69 00,0.2
22931,3284,70&00,0.2
22941,3280,57!00,0.2
22951,3280,72 00,0.2
22961,3280,60900,1997.5
22971,3280,56$00,0.2
22981,3284,64#00,0.2
22991,3280,56$00,0.2
23001,3284,69$00,0.2
23011,3228,13$600,0.0
23021,3280,72'00,0.2
23031,3280,59$00,0.2
23041,3280,56$00,0.2
23051,3280,62800,2059.8
23061,3280,56$00,0.2
23071,3284,67"00,0.2
23081,3280,56$00,0.2
23091,3280,69&00,0.2
23101,3280,57!00,0.2
23111,3280,76!00,0.2
23121,3260,62"00,0.2
23131,3280,56%00,0.2
23141,3284,64900,2131.3
23151,3280,56$00,0.2
23161,3284,69%00,0.2
23171,3280,57!00,0.2
23181,3280,72!00,0.2
23191,3280,58#00,0.2
23201,3280,56$00,0.2
23211,3284,62$00,0.2
23221,3216,17#900,0.1
23231,3280,68 00,0.2
23241,3280,56&00,0.2
23251,3284,69900,2295.5
23261,3280,57!00,0.2
23271,3280,72$00,0.2
23281,3280,60'00,0.2
23291,3280,56$00,0.2
23301,3280,63900,2095.9
23311,3280,56$00,0.2
23321,3248,17&400,0.1
23331,3280,57 00,0.2
23341,3280,72%00,0.2
23351,3284,58'00,0.2
23361,3276,56$00,0.2
23371,3284,62'00,0.2
23381,3280,56$00,0.2
23391,3280,66'00,0.2
23401,3280,56$00,0.2
23411,3280,69%00,0.2
23421,3264,62#00,0.2
23431,3180,15!800,0.0
23441,3284,61'00,0.2
23451,3280,56%00,0.2
23461,3284,65"00,0.2
23471,3280,56$00,0.2
23481,3284,69%00,0.2
23491,3280,57 00,0.2
23501,3280,72$00,0.2
23511,3280,58&00,0.2
23521,3280,14#500,0.0
23531,3224,149900,483.3
23541,3280,56%00,0.2
23551,3280,68&00,0.2
23561,3280,56900,1866.3
23571,3280,70$00,0.2
23581,3280,57!00,0.2
23591,3280,72 00,0.2
23601,3284,60900,2000.0
23611,3280,56%00,0.2
23621,3264,64900,2118.3
23631,3280,86 00,0.3
23641,3280,69'00,0.2
23651,3280,57 00,0.2
23661,3280,72'00,0.2
23671,3284,59#00,0.2
23681,3280,56%00,0.2
23691,3280,62800,2059.8
23701,3280,56$00,0.2
23711,3280,67$00,0.2
23721,3268,70!00,0.2
23731,3280,70$00,0.2
23741,3224,13&900,0.0
23751,3280,56&00,0.2
23761,3284,61%00,0.2
23771,3280,56%00,0.2
23781,3280,65!00,0.2
23791,3280,56%00,0.2
23801,3284,69%00,0.2
23811,3280,57 00,0.2
23821,3280,72$00,0.2
23831,3284,58%00,0.2
23841,3168,16"600,0.1
23851,3284,63"00,0.2
23861,3280,56%00,0.2
23871,3284,68!00,0.2
23881,3280,56800,1863.0
23891,3284,70 00,0.2
23901,3284,57!00,0.2
23911,3280,72"00,0.2
23921,3260,61&00,0.2
23931,3280,56%00,0.2
23941,3280,64200,2105.8
23951,3220,139100,447.9
23961,3280,69&00,0.2
23971,3280,57 00,0.2
23981,3280,72&00,0.2
23991,3280,59!00,0.2
24001,3276,56$00,0.2
24011,3280,62800,2059.8
24021,3276,80 00,0.3
24031,3284,67"00,0.2
24041,3280,56$00,0.2
24051,3244,169900,551.2
24061,3284,57"00,0.2
24071,3280,56800,1863.0
24081,3280,61"00,0.2
24091,3280,56$00,0.2
24101,3284,64'00,0.2
24111,3280,56%00,0.2
24121,3276,70 00,0.2
24131,3280,57 00,0.2
24141,3280,72 00,0.2
24151,3284,58"00,0.2
24161,3168,13&200,0.0
24171,3284,63!00,0.2
24181,3280,56$00,0.2
24191,3280,67800,2223.8
24201,3280,56&00,0.2
24211,3280,69'00,0.2
24221,3264,62"00,0.2
24231,3280,72%00,0.2
24241,3284,60800,1996.7
24251,3280,56%00,0.2
24261,3224,15 000,0.0
24271,3280,56%00,0.2
24281,3280,69%00,0.2
24291,3284,57!00,0.2
24301,3280,72$00,0.2
24311,3280,58'00,0.2
24321,3276,86'00,0.3
24331,3284,63"00,0.2
24341,3280,56$00,0.2
24351,3280,66800,2191.0
24361,3280,91900,3014.3
24371,3280,70#00,0.2
24381,3280,57!00,0.2
24391,3280,72 00,0.2
24401,3280,60900,1997.5
24411,3280,56%00,0.2
24421,3268,71%00,0.2
24431,3280,56$00,0.2
24441,3284,69%00,0.2
24451,3280,57!00,0.2
24461,3280,71&00,0.2
24471,3220,14&300,0.0
24481,3280,56%00,0.2
24491,3284,62800,2062.4
24501,3280,56$00,0.2
24511,3280,67$00,0.2
24521,3268,70"00,0.2
24531,3280,69800,2289.4
24541,3280,57!00,0.2
24551,3280,72&00,0.2
24561,3280,60&00,0.2
24571,3280,56$00,0.2
24581,3236,65'00,0.2
24591,3280,56%00,0.2
24601,3280,69%00,0.2
24611,3280,57 00,0.2
24621,3276,11&400,0.0
24631,3284,58%00,0.2
24641,3280,56$00,0.2
24651,3280,62&00,0.2
24661,3280,56$00,0.2
24671,3284,66$00,0.2
24681,3224,21&700,0.1
24691,3284,70 00,0.2
24701,3280,57!00,0.2
24711,3280,72#00,0.2
24721,3260,61%00,0.2
24731,3280,56$00,0.2
24741,3280,64"00,0.2
24751,3284,56$00,0.2
24761,3280,69$00,0.2
24771,3280,57 00,0.2
24781,3176,15"100,0.0
24791,3280,59!00,0.2
24801,3280,56$00,0.2
24811,3280,62800,2059.8
24821,3272,80!00,0.3
24831,3284,67#00,0.2
24841,3280,56$00,0.2
24851,3280,69&00,0.2
24861,3280,57 00,0.2
24871,3280,72800,2387.8
24881,3224,14'800,0.0
24891,3280,56%00,0.2
24901,3280,64&00,0.2
24911,3280,56%00,0.2
24921,3272,89"00,0.3
24931,3280,57 00,0.2
24941,3280,72 00,0.2
24951,3280,58"00,0.2
24961,3280,56%00,0.2
24971,3280,62#00,0.2
24981,3280,56$00,0.2
24991,3228,23$100,0.1
25001,3284,56&00,0.2
25011,3284,69800,2292.2
25021,3264,62"00,0.2
25031,3280,72&00,0.2
25041,3280,60'00,0.2
25051,3280,56$00,0.2
25061,3280,63900,2095.9
25071,3280,56$00,0.2
25081,3284,69"00,0.2
25091,3280,10 700,0.0
25101,3280,72%00,0.2
25111,3280,58'00,0.2
25121,3280,14 200,0.0
25131,3280,62800,2059.8
25141,3280,56%00,0.2
25151,3284,66800,2193.7
25161,3280,56$00,0.2
25171,3284,69%00,0.2
25181,3280,57 00,0.2
25191,3280,72800,2387.8
25201,3220,148200,477.2
25211,3280,56$00,0.2
25221,3264,69&00,0.2
25231,3280,56$00,0.2
25241,3284,69%00,0.2
25251,3280,57!00,0.2
25261,3280,71&00,0.2
25271,3280,57800,1895.8
25281,3280,56$00,0.2
25291,3284,62!00,0.2
25301,3280,68'00,0.2
25311,3284,67%00,0.2
25321,3268,70"00,0.2
25331,3284,69900,2295.5
25341,3280,57!00,0.2
25351,3280,72&00,0.2
25361,3284,60&00,0.2
25371,3280,56%00,0.2
25381,3280,63800,2092.6
25391,3280,56$00,0.2
25401,3280,68900,2259.9
25411,3220,14'000,0.0
25421,3280,11!800,0.0
25431,3280,58&00,0.2
25441,3280,56$00,0.2
25451,3280,62%00,0.2
25461,3280,56$00,0.2
25471,3284,66$00,0.2
25481,3280,56$00,0.2
25491,3280,69%00,0.2
25501,3280,57!00,0.2
25511,3280,75800,2486.2
# summary, ms_total=25519, adv_count=256, E_total_mJ=8345.732, E_per_adv_uJ=32600.5
# diag, samples=2551, rate_hz=100.00, mean_v=3.275, mean_i=99.504, mean_p_mW=325867.9
# diag, dt_ms_mean=10.000, dt_ms_std=1.493, dt_ms_min=0, dt_ms_max=49, parse_drop=0
# sys, cpu_mhz=240, wifi_mode=OFF, free_heap=260600
