method,w,m,reset,cost_start_mean,cost_mid_mean,viol_first_start_mean,viol_first_mid_mean,viol_after_start_mean,viol_after_mid_mean,vr_start_mean,vr_mid_mean,viol_first_start_p95,viol_first_mid_p95,viol_after_start_p95,viol_after_mid_p95,vr_start_p95,vr_mid_p95,cost_worst_mean,viol_first_worst_mean,viol_after_worst_mean,vr_worst_mean,viol_first_worst_p95,viol_after_worst_p95,vr_worst_p95
filter_ucb_online_w0.2_m0.01_r0,0.2,0.01,0,1426.2240464870483,1149.1899099063612,3.65,4.98,24.47,47.71,0.02447,0.07539,6.0,9.0,79.69999999999996,65.05,0.07969999999999997,0.099,1426.2240464870483,4.98,47.71,0.07539,9.0,79.69999999999996,0.099
filter_ucb_online_w0.2_m0.01_r1,0.2,0.01,1,1426.2240464870483,1171.397023957753,3.65,5.32,24.47,41.6,0.02447,0.06928,6.0,9.0,79.69999999999996,57.0,0.07969999999999997,0.089,1426.2240464870483,5.32,41.6,0.06928,9.0,79.69999999999996,0.089
filter_ucb_online_w0.2_m0.02_r0,0.2,0.02,0,1469.8039973079829,1164.4675179842798,3.47,4.82,12.7,44.43,0.0127,0.07182,6.0,9.0,43.05,64.0,0.04304999999999999,0.092,1469.8039973079829,4.82,44.43,0.07182,9.0,64.0,0.092
filter_ucb_online_w0.2_m0.02_r1,0.2,0.02,1,1469.8039973079829,1223.8273045591611,3.47,5.2,12.7,29.74,0.0127,0.05713,6.0,9.0,43.05,51.0,0.04304999999999999,0.08005,1469.8039973079829,5.2,29.74,0.05713,9.0,51.0,0.08005
filter_ucb_online_w0.2_m0.03_r0,0.2,0.03,0,1487.6624095433904,1246.0940550929035,3.07,3.79,7.63,30.65,0.00763,0.0561399999999999,6.0,8.0,22.0,55.05,0.022,0.081,1487.6624095433904,3.79,30.65,0.0561399999999999,8.0,55.05,0.081
filter_ucb_online_w0.2_m0.03_r1,0.2,0.03,1,1487.6624095433904,1297.9248477096626,3.07,4.78,7.63,17.74,0.00763,0.04323,6.0,8.0,22.0,42.05,0.022,0.07005,1487.6624095433904,4.78,17.74,0.04323,8.0,42.05,0.07005
filter_ucb_online_w0.2_m0_r0,0.2,0.0,0,1353.5040550534277,1140.0838803065242,3.88,5.06,43.59,49.14,0.04359,0.07712,7.0,9.0,108.1,67.0,0.10809999999999999,0.10005,1353.5040550534277,5.06,49.14,0.07712,9.0,108.1,0.10809999999999999
filter_ucb_online_w0.2_m0_r1,0.2,0.0,1,1353.5040550534277,1143.3242488764447,3.88,5.38,43.59,48.41,0.04359,0.07639,7.0,9.0,108.1,63.0,0.10809999999999999,0.09605,1353.5040550534277,5.38,48.41,0.07639,9.0,108.1,0.10809999999999999
filter_ucb_online_w0.5_m0.01_r0,0.5,0.01,0,1425.466920783923,1140.7095468289212,3.76,5.11,24.75,48.87,0.02475,0.07681,6.0,9.0,79.69999999999996,65.05,0.07969999999999997,0.099,1425.466920783923,5.11,48.87,0.07681,9.0,79.69999999999996,0.099
filter_ucb_online_w0.5_m0.01_r1,0.5,0.01,1,1425.466920783923,1140.5324404596158,3.76,5.38,24.75,48.88,0.02475,0.07682,6.0,9.0,79.69999999999996,64.0,0.07969999999999997,0.09409999999999999,1425.466920783923,5.38,48.88,0.07682,9.0,79.69999999999996,0.09409999999999999
filter_ucb_online_w0.5_m0.02_r0,0.5,0.02,0,1468.9583731976234,1164.412719044245,3.57,4.82,12.95,44.45,0.01295,0.07184,6.0,9.0,43.05,64.0,0.04304999999999999,0.092,1468.9583731976234,4.82,44.45,0.07184,9.0,64.0,0.092
filter_ucb_online_w0.5_m0.02_r1,0.5,0.02,1,1468.9583731976234,1182.0132542785857,3.57,5.06,12.95,39.83,0.01295,0.06722,6.0,9.0,43.05,56.05,0.04304999999999999,0.085,1468.9583731976234,5.06,39.83,0.06722,9.0,56.05,0.085
filter_ucb_online_w0.5_m0.03_r0,0.5,0.03,0,1485.4691845632894,1226.1072830215517,3.29,4.1,8.2,33.13,0.0081999999999999,0.05926,6.0,8.049999999999997,22.399999999999977,56.05,0.022399999999999975,0.081,1485.4691845632894,4.1,33.13,0.05926,8.049999999999997,56.05,0.081
filter_ucb_online_w0.5_m0.03_r1,0.5,0.03,1,1485.4691845632894,1256.593575083144,3.29,4.66,8.2,25.98,0.0081999999999999,0.05211,6.0,8.049999999999997,22.399999999999977,48.0,0.022399999999999975,0.07504999999999999,1485.4691845632894,4.66,25.98,0.05211,8.049999999999997,48.0,0.07504999999999999
filter_ucb_online_w0.5_m0_r0,0.5,0.0,0,1353.0229056795365,1131.6035172290844,4.02,5.19,43.81,50.3,0.04381,0.07854,7.0,9.0,108.1,67.0,0.10809999999999999,0.10005,1353.0229056795365,5.19,50.3,0.07854,9.0,108.1,0.10809999999999999
filter_ucb_online_w0.5_m0_r1,0.5,0.0,1,1353.0229056795365,1128.4789318131664,4.02,5.42,43.81,51.27,0.04381,0.07951,7.0,9.0,108.1,66.05,0.10809999999999999,0.1,1353.0229056795365,5.42,51.27,0.07951,9.0,108.1,0.10809999999999999
filter_ucb_online_w0_m0.01_r0,0.0,0.01,0,1426.2550220873225,1149.1899099063612,3.65,4.98,24.46,47.71,0.02446,0.07539,6.0,9.0,79.69999999999996,65.05,0.07969999999999997,0.099,1426.2550220873225,4.98,47.71,0.07539,9.0,79.69999999999996,0.099
filter_ucb_online_w0_m0.01_r1,0.0,0.01,1,1426.2550220873225,1260.3932640713044,3.65,3.8,24.46,18.93,0.02446,0.04661,6.0,7.0,79.69999999999996,51.05,0.07969999999999997,0.08005,1426.2550220873225,3.8,24.46,0.04661,7.0,79.69999999999996,0.08005
filter_ucb_online_w0_m0.02_r0,0.0,0.02,0,1469.8039973079829,1164.4675179842798,3.47,4.82,12.7,44.43,0.0127,0.07182,6.0,9.0,43.05,64.0,0.04304999999999999,0.092,1469.8039973079829,4.82,44.43,0.07182,9.0,64.0,0.092
filter_ucb_online_w0_m0.02_r1,0.0,0.02,1,1469.8039973079829,1289.0141716510652,3.47,3.6,12.7,12.53,0.0127,0.03992,6.0,6.049999999999997,43.05,45.05,0.04304999999999999,0.076,1469.8039973079829,3.6,12.7,0.03992,6.049999999999997,45.05,0.076
filter_ucb_online_w0_m0.03_r0,0.0,0.03,0,1487.700442973324,1246.0940550929035,3.07,3.79,7.62,30.65,0.00762,0.0561399999999999,6.0,8.0,22.0,55.05,0.022,0.081,1487.700442973324,3.79,30.65,0.0561399999999999,8.0,55.05,0.081
filter_ucb_online_w0_m0.03_r1,0.0,0.03,1,1487.700442973324,1338.0560041279273,3.07,3.11,7.62,7.41,0.00762,0.0329,6.0,6.0,22.0,27.14999999999999,0.022,0.051399999999999973,1487.700442973324,3.11,7.62,0.0329,6.0,27.14999999999999,0.051399999999999973
filter_ucb_online_w0_m0_r0,0.0,0.0,0,1353.9696825604117,1140.0838803065242,3.85,5.06,43.42,49.14,0.0434199999999999,0.07712,7.0,9.0,108.1,67.0,0.10809999999999999,0.10005,1353.9696825604117,5.06,49.14,0.07712,9.0,108.1,0.10809999999999999
filter_ucb_online_w0_m0_r1,0.0,0.0,1,1353.9696825604117,1227.0399196460094,3.85,4.03,43.42,26.34,0.0434199999999999,0.05432,7.0,7.0,108.1,56.05,0.10809999999999999,0.089,1353.9696825604117,4.03,43.42,0.05432,7.0,108.1,0.10809999999999999
filter_ucb_online_w1_m0.01_r0,1.0,0.01,0,1422.5773509728904,1136.4368992733791,3.91,5.14,25.56,49.48,0.02556,0.07759,7.0,9.0,79.69999999999996,65.05,0.07969999999999997,0.09905,1422.5773509728904,5.14,49.48,0.07759,9.0,79.69999999999996,0.09905
filter_ucb_online_w1_m0.01_r1,1.0,0.01,1,1422.5773509728904,1136.4368992733791,3.91,5.14,25.56,49.48,0.02556,0.07759,7.0,9.0,79.69999999999996,65.05,0.07969999999999997,0.09905,1422.5773509728904,5.14,49.48,0.07759,9.0,79.69999999999996,0.09905
filter_ucb_online_w1_m0.02_r0,1.0,0.02,0,1468.157773611096,1156.029220782548,3.69,4.95,13.22,45.58,0.01322,0.07323,6.0,9.0,43.05,64.0,0.04304999999999999,0.092,1468.157773611096,4.95,45.58,0.07323,9.0,64.0,0.092
filter_ucb_online_w1_m0.02_r1,1.0,0.02,1,1468.157773611096,1156.029220782548,3.69,4.95,13.22,45.58,0.01322,0.07323,6.0,9.0,43.05,64.0,0.04304999999999999,0.092,1468.157773611096,4.95,45.58,0.07323,9.0,64.0,0.092
filter_ucb_online_w1_m0.03_r0,1.0,0.03,0,1484.3941192567736,1214.664941224303,3.48,4.27,8.56,34.42,0.00856,0.06102,6.0,8.049999999999997,22.399999999999977,57.0,0.022399999999999975,0.08105,1484.3941192567736,4.27,34.42,0.06102,8.049999999999997,57.0,0.08105
filter_ucb_online_w1_m0.03_r1,1.0,0.03,1,1484.3941192567736,1214.664941224303,3.48,4.27,8.56,34.42,0.00856,0.06102,6.0,8.049999999999997,22.399999999999977,57.0,0.022399999999999975,0.08105,1484.3941192567736,4.27,34.42,0.06102,8.049999999999997,57.0,0.08105
filter_ucb_online_w1_m0_r0,1.0,0.0,0,1336.045441424547,1114.8677213640867,4.44,5.37,48.47,52.65,0.0484699999999999,0.08132,7.0,9.0,110.0,67.0,0.11,0.10005,1336.045441424547,5.37,52.65,0.08132,9.0,110.0,0.11
filter_ucb_online_w1_m0_r1,1.0,0.0,1,1336.045441424547,1114.8677213640867,4.44,5.37,48.47,52.65,0.0484699999999999,0.08132,7.0,9.0,110.0,67.0,0.11,0.10005,1336.045441424547,5.37,52.65,0.08132,9.0,110.0,0.11
