ms,mV,ÂµA,p_mW
# meta, firmware=TXSD_1201, trial_index=auto, adv_interval_ms=0
12,3280,55300,181.4
21,3280,55900,183.4
31,3280,55400,181.7
41,3164,142100,449.6
51,3280,55500,182.0
61,3284,55200,181.3
71,3284,56200,184.6
81,3280,54900,180.1
91,3284,56300,184.9
101,3280,54800,179.7
111,3284,56400,185.2
121,3280,54800,179.7
131,3280,56300,184.7
141,3280,54800,179.7
151,3156,143400,452.6
161,3280,55300,181.4
171,3280,55900,183.4
181,3280,55400,181.7
191,3280,55800,183.0
201,3284,55400,181.9
211,3284,55400,181.9
221,3280,56100,184.0
231,3280,54900,180.1
241,3284,56400,185.2
251,3280,54800,179.7
261,3172,185500,588.4
271,3280,54800,179.7
281,3284,56400,185.2
291,3280,54900,180.1
301,3284,56300,184.9
311,3284,55200,181.3
321,3284,56000,183.9
331,3280,55300,181.4
341,3284,55700,182.9
351,3280,55500,182.0
361,3172,139000,440.9
371,3280,55900,183.4
381,3280,54800,179.7
391,3284,56400,185.2
401,3280,54800,179.7
411,3284,56400,185.2
421,3280,54800,179.7
431,3284,56300,184.9
441,3280,54800,179.7
451,3284,56300,184.9
461,3280,55100,180.7
471,3112,135700,422.3
481,3284,55200,181.3
491,3280,55700,182.7
501,3280,55500,182.0
511,3284,55700,182.9
521,3280,55700,182.7
531,3280,54900,180.1
541,3280,56300,184.7
551,3280,54800,179.7
561,3284,56400,185.2
571,3280,54800,179.7
581,3152,161800,510.0
591,3280,54800,179.7
601,3284,56300,184.9
611,3280,54900,180.1
621,3284,56300,184.9
631,3284,55100,180.9
641,3284,55800,183.2
651,3280,55400,181.7
661,3280,55700,182.7
671,3280,55500,182.0
681,3168,137600,435.9
691,3284,56300,184.9
701,3280,54800,179.7
711,3284,56300,184.9
721,3280,54800,179.7
731,3284,56400,185.2
741,3280,54900,180.1
751,3284,56400,185.2
761,3280,54800,179.7
771,3284,56400,185.2
781,3280,54900,180.1
791,3164,174800,553.1
801,3280,55400,181.7
811,3284,55700,182.9
821,3280,55400,181.7
831,3280,54900,180.1
841,3284,56300,184.9
851,3280,54700,179.4
861,3284,56300,184.9
871,3280,54800,179.7
881,3284,56300,184.9
891,3108,131600,409.0
901,3284,56300,184.9
911,3280,54800,179.7
921,3280,56400,185.0
931,3280,54900,180.1
941,3284,55800,183.2
951,3280,55400,181.7
961,3280,55800,183.0
971,3280,55400,181.7
981,3280,55100,180.7
991,3156,144800,457.0
1001,3280,54800,179.7
1011,3280,56400,185.0
1021,3280,54800,179.7
1031,3284,56300,184.9
1041,3280,54800,179.7
1051,3284,56400,185.2
1061,3280,54800,179.7
1071,3284,56300,184.9
1081,3280,54800,179.7
1091,3284,55800,183.2
1101,3160,143500,453.5
1111,3284,55800,183.2
1121,3280,55400,181.7
1131,3280,55100,180.7
1141,3284,56200,184.6
1151,3280,54900,180.1
1161,3284,56400,185.2
1171,3280,54800,179.7
1181,3280,56300,184.7
1191,3284,54800,180.0
1201,3284,56400,185.2
1211,3172,129300,410.1
1221,3284,56300,184.9
1231,3280,55300,181.4
1241,3284,55900,183.6
1251,3280,55400,181.7
1261,3284,55700,182.9
1271,3284,55400,181.9
1281,3280,55300,181.4
1291,3280,56100,184.0
1301,3280,54800,179.7
1311,3284,56300,184.9
1321,3168,153900,487.6
1331,3284,56400,185.2
1341,3280,54900,180.1
1351,3284,56400,185.2
1361,3280,54800,179.7
1371,3284,56300,184.9
1381,3280,55200,181.1
1391,3280,56000,183.7
1401,3280,55300,181.4
1411,3284,55800,183.2
1421,3284,55400,181.9
1431,3136,135100,423.7
1441,3280,56000,183.7
1451,3280,54800,179.7
1461,3284,56400,185.2
1471,3280,54800,179.7
1481,3280,56400,185.0
1491,3280,54800,179.7
1501,3284,56300,184.9
1511,3280,54800,179.7
1521,3284,56300,184.9
1531,3280,55100,180.7
1541,3120,137000,427.4
1551,3280,55300,181.4
1561,3280,55800,183.0
1571,3280,55400,181.7
1581,3284,55600,182.6
1591,3280,55800,183.0
1601,3280,54800,179.7
1611,3284,56300,184.9
1621,3280,54800,179.7
1631,3284,56400,185.2
1641,3280,65200,213.9
1651,3284,56400,185.2
1661,3280,54800,179.7
1671,3284,56300,184.9
1681,3280,54900,180.1
1691,3284,56300,184.9
1701,3280,55200,181.1
1711,3284,55700,182.9
1721,3280,55400,181.7
1731,3284,55700,182.9
1741,3280,55600,182.4
1751,3160,136600,431.7
1761,3284,56300,184.9
1771,3280,54800,179.7
1781,3284,56400,185.2
1791,3280,54800,179.7
1803,3284,56300,184.9
1811,3280,54800,179.7
1821,3284,56300,184.9
1831,3280,54800,179.7
1841,3284,56300,184.9
1851,3280,55000,180.4
1861,3168,176700,559.8
1871,3280,55400,181.7
1881,3284,55700,182.9
1891,3280,55500,182.0
1901,3280,54900,180.1
1911,3284,56400,185.2
1921,3280,54800,179.7
1931,3284,56300,184.9
1941,3280,54800,179.7
1951,3284,56400,185.2
1961,3176,133300,423.4
1971,3284,56400,185.2
1981,3280,54900,180.1
1991,3284,56400,185.2
2001,3284,54900,180.3
2011,3284,55800,183.2
2021,3284,55400,181.9
2031,3284,55700,182.9
2041,3280,55400,181.7
2051,3280,54900,180.1
2061,3284,58600,192.4
2071,3280,54800,179.7
2081,3284,56300,184.9
2091,3280,54800,179.7
2101,3284,56400,185.2
2111,3280,54800,179.7
2121,3284,56300,184.9
2131,3280,54800,179.7
2141,3280,56300,184.7
2151,3284,54800,180.0
2161,3284,55800,183.2
2171,3176,181000,574.9
2181,3284,55700,182.9
2191,3284,55400,181.9
2201,3280,55100,180.7
2211,3284,56200,184.6
2221,3280,54900,180.1
2231,3280,56400,185.0
2241,3280,54800,179.7
2251,3284,56300,184.9
2261,3280,54800,179.7
2271,3284,56400,185.2
2281,3212,55200,177.3
2291,3284,56300,184.9
2301,3280,54800,179.7
2311,3284,55800,183.2
2321,3284,55400,181.9
2331,3280,55700,182.7
2341,3284,55500,182.3
2351,3284,55100,180.9
2361,3280,56200,184.3
2371,3280,54900,180.1
2381,3248,162800,528.8
2391,3280,54900,180.1
2401,3284,56300,184.9
2411,3280,54800,179.7
2421,3284,56400,185.2
2431,3280,54800,179.7
2441,3284,56300,184.9
2451,3280,55300,181.4
2461,3284,55900,183.6
2471,3280,55300,181.4
2481,3284,58400,191.8
2491,3280,55500,182.0
2501,3280,55300,181.4
2511,3284,56100,184.2
2521,3280,54800,179.7
2531,3280,56400,185.0
2541,3280,54800,179.7
2551,3284,56300,184.9
2561,3280,54800,179.7
2571,3284,56400,185.2
2581,3280,54800,179.7
2591,3140,151500,475.7
2601,3280,55200,181.1
2611,3284,56000,183.9
2621,3280,55300,181.4
2631,3280,55800,183.0
2641,3280,55500,182.0
2651,3284,55500,182.3
2661,3280,56000,183.7
2671,3280,54900,180.1
2681,3280,56300,184.7
2691,3104,156900,487.0
2701,3284,56400,185.2
2711,3280,54900,180.1
2721,3284,56400,185.2
2731,3280,54900,180.1
2741,3284,56400,185.2
2751,3280,55200,181.1
2761,3284,56200,184.6
2771,3284,55200,181.3
2781,3280,55800,183.0
2791,3144,172600,542.7
2801,3280,55600,182.4
2811,3284,55800,183.2
2821,3280,54900,180.1
2831,3284,56300,184.9
2841,3280,54800,179.7
2851,3284,56400,185.2
2861,3280,54800,179.7
2871,3280,56400,185.0
2881,3280,54800,179.7
2891,3284,58700,192.8
2901,3280,55000,180.4
2911,3284,56300,184.9
2921,3280,55200,181.1
2931,3280,55800,183.0
2941,3280,55400,181.7
2951,3280,55800,183.0
2961,3280,55600,182.4
2971,3280,54900,180.1
2981,3284,56300,184.9
2991,3284,54900,180.3
3001,3120,137300,428.4
3011,3280,54900,180.1
3021,3284,56300,184.9
3031,3280,54800,179.7
3041,3280,56300,184.7
3051,3280,54800,179.7
3061,3284,56300,184.9
3071,3284,55000,180.6
3081,3280,55800,183.0
3091,3280,55400,181.7
3101,3160,142500,450.3
3111,3280,55400,181.7
3121,3280,54900,180.1
3131,3280,56300,184.7
3141,3280,54900,180.1
3151,3284,56400,185.2
3161,3280,54800,179.7
3171,3284,56400,185.2
3181,3280,54800,179.7
3191,3284,56400,185.2
3201,3280,54800,179.7
3211,3132,147800,462.9
3221,3284,54900,180.3
3231,3284,55800,183.2
3241,3280,55400,181.7
3251,3280,55700,182.7
3261,3284,55400,181.9
3271,3280,54900,180.1
3281,3280,56300,184.7
3291,3280,54800,179.7
3301,3280,56400,185.0
3311,3136,141400,443.4
3321,3284,56400,185.2
3331,3280,54800,179.7
3341,3284,56300,184.9
3351,3280,54800,179.7
3361,3284,56400,185.2
3371,3280,54800,179.7
3381,3280,55800,183.0
3391,3280,55300,181.4
3401,3284,55700,182.9
3411,3280,55400,181.7
3421,3168,138900,440.0
3431,3280,56300,184.7
3441,3280,54800,179.7
3451,3284,56400,185.2
3461,3280,54800,179.7
3471,3284,56300,184.9
3481,3280,54800,179.7
3491,3284,56300,184.9
3501,3280,54800,179.7
3511,3284,56300,184.9
3521,3280,54800,179.7
3531,3108,157200,488.6
3541,3284,55400,181.9
3551,3280,55700,182.7
3561,3280,55500,182.0
3571,3280,55200,181.1
3581,3284,56300,184.9
3591,3280,54900,180.1
3601,3280,56400,185.0
3611,3280,54800,179.7
3621,3280,56300,184.7
3631,3140,142000,445.9
3641,3284,56400,185.2
3651,3280,54800,179.7
3661,3284,56300,184.9
3671,3280,55300,181.4
3681,3284,55900,183.6
3691,3280,55400,181.7
3701,3280,55800,183.0
3711,3280,55500,182.0
3721,3280,55300,181.4
3731,3280,56100,184.0
3741,3132,142300,445.7
3751,3284,56300,184.9
3761,3280,54800,179.7
3771,3284,56400,185.2
3781,3280,54800,179.7
3791,3284,56300,184.9
3801,3280,54800,179.7
3811,3284,56300,184.9
3821,3280,55200,181.1
3831,3284,56000,183.9
3841,3280,55300,181.4
3851,3172,180600,572.9
3861,3284,55400,181.9
3871,3284,55500,182.3
3881,3280,56000,183.7
3891,3280,54900,180.1
3901,3284,56400,185.2
3911,3280,54800,179.7
3921,3284,56300,184.9
3931,3280,54800,179.7
3941,3284,56400,185.2
3951,3160,145200,458.8
3961,3284,56400,185.2
3971,3280,55100,180.7
3981,3280,56100,184.0
3991,3280,55300,181.4
4001,3284,55800,183.2
4011,3280,55400,181.7
4021,3284,55600,182.6
4031,3280,55800,183.0
4041,3280,54900,180.1
4051,3284,56300,184.9
4061,3280,54900,180.1
4071,3284,56400,185.2
4081,3280,54900,180.1
4091,3284,56300,184.9
4101,3280,54800,179.7
4111,3284,56400,185.2
4121,3280,55000,180.4
4131,3284,56100,184.2
4141,3280,55100,180.7
4151,3284,55700,182.9
4161,3172,182500,578.9
4171,3280,55700,182.7
4181,3280,55600,182.4
4191,3280,54900,180.1
4201,3280,56300,184.7
4211,3280,54800,179.7
4221,3284,56300,184.9
4231,3280,54800,179.7
4241,3284,56400,185.2
4251,3280,54800,179.7
4261,3284,56400,185.2
4271,3104,159400,494.8
4281,3284,56400,185.2
4291,3280,55000,180.4
4301,3284,55800,183.2
4311,3280,55400,181.7
4321,3284,55800,183.2
4331,3284,55500,182.3
4341,3280,54900,180.1
4351,3284,56300,184.9
4361,3280,54900,180.1
4371,3156,145000,457.6
4381,3280,54800,179.7
4391,3284,56300,184.9
4401,3280,54800,179.7
4411,3284,56300,184.9
4421,3280,54700,179.4
4431,3284,56400,185.2
4441,3280,54900,180.1
4451,3284,55800,183.2
4461,3284,55400,181.9
4471,3280,55700,182.7
4481,3160,57100,180.4
4491,3280,55000,180.4
4501,3280,56300,184.7
4511,3280,54800,179.7
4521,3284,56300,184.9
4531,3280,54800,179.7
4541,3280,56300,184.7
4551,3280,54800,179.7
4561,3284,56400,185.2
4571,3280,54900,180.1
4581,3140,155000,486.7
4591,3280,54800,179.7
4601,3284,55800,183.2
4611,3284,55400,181.9
4621,3284,55700,182.9
4631,3280,55400,181.7
4641,3280,55000,180.4
4651,3280,56300,184.7
4661,3280,54800,179.7
4671,3280,56400,185.0
4681,3104,134400,417.2
4691,3284,56400,185.2
4701,3280,54800,179.7
4711,3284,56400,185.2
4721,3280,54800,179.7
4731,3284,56400,185.2
4741,3280,54800,179.7
4751,3284,55800,183.2
4761,3284,55300,181.6
4771,3284,55700,182.9
4781,3156,143800,453.8
4791,3280,55100,180.7
4801,3284,56200,184.6
4811,3280,54900,180.1
4821,3284,56400,185.2
4831,3280,54900,180.1
4841,3284,56400,185.2
4851,3280,54800,179.7
4861,3284,56400,185.2
4871,3280,54900,180.1
4881,3284,58500,192.1
4891,3284,55300,181.6
4901,3284,55900,183.6
4911,3280,55400,181.7
4921,3284,55800,183.2
4931,3280,55400,181.7
4941,3280,55300,181.4
4951,3280,56200,184.3
4961,3280,54800,179.7
4971,3284,56300,184.9
4981,3280,54800,179.7
4991,3164,142600,451.2
5001,3280,54900,180.1
5011,3280,56400,185.0
5021,3280,54800,179.7
5031,3284,56400,185.2
5041,3280,55200,181.1
5051,3284,55900,183.6
5061,3280,55300,181.4
5071,3284,55700,182.9
5081,3284,55500,182.3
5091,3284,55500,182.3
5101,3160,142300,449.7
5111,3280,54800,179.7
5121,3284,56400,185.2
5131,3280,54800,179.7
5141,3284,56300,184.9
5151,3280,54800,179.7
5161,3284,56400,185.2
5171,3280,54800,179.7
5181,3284,56400,185.2
5191,3280,55100,180.7
5201,3284,58200,191.1
5211,3284,55300,181.6
5221,3284,55700,182.9
5231,3284,55500,182.3
5241,3280,55700,182.7
5251,3280,55900,183.4
5261,3280,54900,180.1
5271,3284,56400,185.2
5281,3280,54800,179.7
5291,3284,56400,185.2
5301,3280,54800,179.7
5311,3160,143100,452.2
5321,3280,54800,179.7
5331,3284,56400,185.2
5341,3280,55000,180.4
5351,3284,56300,184.9
5361,3280,55200,181.1
5371,3280,55800,183.0
5381,3280,55400,181.7
5391,3280,55700,182.7
5401,3280,55700,182.7
5411,3280,54900,180.1
5421,3172,57300,181.8
5431,3280,54800,179.7
5441,3284,56400,185.2
5451,3280,54900,180.1
5461,3284,56400,185.2
5471,3280,54800,179.7
5481,3284,56400,185.2
5491,3280,54800,179.7
5501,3284,56300,184.9
5511,3280,55000,180.4
5521,3164,143400,453.7
5531,3280,55400,181.7
5541,3284,55700,182.9
5551,3280,55500,182.0
5561,3280,54900,180.1
5571,3284,56300,184.9
5581,3280,54800,179.7
5591,3284,56400,185.2
5601,3280,54800,179.7
5611,3284,56300,184.9
5621,3280,54800,179.7
5631,3176,184900,587.2
5641,3280,54800,179.7
5651,3284,56400,185.2
5661,3284,54900,180.3
5671,3280,55700,182.7
5681,3280,55400,181.7
5691,3280,55800,183.0
5701,3284,55400,181.9
5711,3280,54900,180.1
5721,3284,56200,184.6
5731,3136,140500,440.6
5741,3284,56400,185.2
5751,3280,54800,179.7
5761,3284,56400,185.2
5771,3280,54800,179.7
5781,3284,56300,184.9
5791,3280,54800,179.7
5801,3284,56400,185.2
5811,3280,54800,179.7
5821,3284,55800,183.2
5831,3284,55400,181.9
5841,3112,138200,430.1
5851,3280,55400,181.7
5861,3280,55000,180.4
5871,3284,56300,184.9
5881,3280,54800,179.7
5891,3284,56400,185.2
5901,3280,54800,179.7
5911,3280,56400,185.0
5921,3280,54800,179.7
5931,3284,56400,185.2
5941,3164,144300,456.6
5951,3284,56400,185.2
5961,3280,54900,180.1
5971,3280,55900,183.4
5981,3280,55400,181.7
5991,3280,55800,183.0
6001,3284,55400,181.9
6011,3280,55100,180.7
6021,3284,56200,184.6
6031,3280,54800,179.7
6041,3284,56400,185.2
6051,3156,134400,424.2
6061,3284,56300,184.9
6071,3284,54800,180.0
6081,3284,56400,185.2
6091,3280,54800,179.7
6101,3284,56400,185.2
6111,3280,54800,179.7
6121,3284,55900,183.6
6131,3284,55400,181.9
6141,3284,55700,182.9
6151,3172,177200,562.1
6161,3280,55300,181.4
6171,3284,56100,184.2
6181,3284,54900,180.3
6191,3284,56400,185.2
6201,3280,54900,180.1
6211,3284,56300,184.9
6221,3280,54800,179.7
6231,3284,56400,185.2
6241,3280,54800,179.7
6251,3284,56400,185.2
6261,3108,129700,403.1
6271,3284,56000,183.9
6281,3284,55400,181.9
6291,3280,55700,182.7
6301,3284,55500,182.3
6311,3280,55500,182.0
6321,3280,56000,183.7
6331,3280,54800,179.7
6341,3284,56300,184.9
6351,3280,54800,179.7
6361,3180,184000,585.1
6371,3280,54800,179.7
6381,3284,56400,185.2
6391,3284,54900,180.3
6401,3284,56400,185.2
6411,3280,55100,180.7
6421,3284,56100,184.2
6431,3280,55200,181.1
6441,3280,55700,182.7
6451,3284,55400,181.9
6461,3164,142000,449.3
6471,3284,55900,183.6
6481,3280,54900,180.1
6491,3284,56300,184.9
6501,3280,54900,180.1
6511,3280,56400,185.0
6521,3280,54800,179.7
6531,3284,56400,185.2
6541,3280,54800,179.7
6551,3284,56400,185.2
6561,3276,71300,233.6
6571,3284,56300,184.9
6581,3280,55200,181.1
6591,3280,55800,183.0
6601,3284,55400,181.9
6611,3284,55700,182.9
6621,3280,55600,182.4
6631,3280,54900,180.1
6641,3284,56300,184.9
6651,3280,54800,179.7
6661,3284,56400,185.2
6671,3164,141200,446.8
6681,3284,56400,185.2
6691,3280,54900,180.1
6701,3284,56400,185.2
6711,3280,54800,179.7
6721,3280,56400,185.0
6731,3284,55000,180.6
6741,3280,55700,182.7
6751,3284,55400,181.9
6761,3284,55700,182.9
6771,3280,151100,495.6
6781,3280,54900,180.1
6791,3284,56300,184.9
6801,3280,54800,179.7
6811,3284,56400,185.2
6821,3280,54800,179.7
6831,3284,56400,185.2
6841,3280,54800,179.7
6851,3284,56300,184.9
6861,3280,54800,179.7
6871,3284,56400,185.2
6881,3164,145200,459.4
6891,3284,55800,183.2
6901,3280,55500,182.0
6911,3284,55800,183.2
6921,3280,55400,181.7
6931,3280,54900,180.1
6941,3284,56300,184.9
6951,3280,54800,179.7
6961,3284,56400,185.2
6971,3280,54900,180.1
6981,3284,56400,185.2
6991,3280,54900,180.1
7001,3284,56400,185.2
7011,3280,54800,179.7
7021,3284,56300,184.9
7031,3280,54900,180.1
7041,3284,55800,183.2
7051,3280,55400,181.7
7061,3284,55700,182.9
7071,3284,55400,181.9
7081,3280,55000,180.4
7091,3280,56300,184.7
7101,3128,58500,183.0
7111,3284,56400,185.2
7121,3280,54800,179.7
7131,3284,56400,185.2
7141,3280,54800,179.7
7151,3284,56400,185.2
7161,3280,54800,179.7
7171,3280,56400,185.0
7181,3280,54800,179.7
7191,3284,55800,183.2
7201,3172,138300,438.7
7211,3284,55800,183.2
7221,3280,55400,181.7
7231,3280,55100,180.7
7241,3280,56200,184.3
7251,3280,54900,180.1
7261,3284,56300,184.9
7271,3284,54800,180.0
7281,3284,56400,185.2
7291,3280,54800,179.7
7301,3284,56300,184.9
7311,3104,137000,425.2
7321,3284,56400,185.2
7331,3280,54800,179.7
7341,3284,55900,183.6
7351,3284,55400,181.9
7361,3280,55800,183.0
7371,3280,55400,181.7
7381,3284,55300,181.6
7391,3284,56100,184.2
7401,3280,54800,179.7
7411,3168,179800,569.6
7421,3284,54800,180.0
7431,3284,56400,185.2
7441,3280,54800,179.7
7451,3280,56400,185.0
7461,3280,54800,179.7
7471,3284,56400,185.2
7481,3280,54900,180.1
7491,3284,56000,183.9
7501,3280,55300,181.4
7511,3280,55700,182.7
7521,3140,66100,207.6
7531,3280,55400,181.7
7541,3284,56000,183.9
7551,3280,54800,179.7
7561,3280,56400,185.0
7571,3280,54900,180.1
7581,3284,56400,185.2
7591,3280,54800,179.7
7601,3284,56300,184.9
7611,3284,54800,180.0
7621,3112,135400,421.4
7631,3280,55100,180.7
7641,3284,56100,184.2
7651,3280,55300,181.4
7661,3284,55700,182.9
7671,3284,55400,181.9
7681,3280,55600,182.4
7691,3284,55900,183.6
7701,3280,54800,179.7
7711,3284,56400,185.2
7721,3280,54700,179.4
7731,3180,57100,181.6
7741,3280,54900,180.1
7751,3284,56400,185.2
7761,3280,54800,179.7
7771,3284,56400,185.2
7781,3280,54900,180.1
7791,3284,56300,184.9
7801,3280,55200,181.1
7811,3280,55700,182.7
7821,3284,55500,182.3
7831,3176,181300,575.8
7841,3280,55600,182.4
7851,3280,54900,180.1
7861,3284,56400,185.2
7871,3280,54900,180.1
7881,3284,56400,185.2
7891,3280,54800,179.7
7901,3284,56300,184.9
7911,3280,54800,179.7
7921,3280,56300,184.7
7931,3280,54800,179.7
7941,3228,56600,182.7
7951,3280,55100,180.7
7961,3284,55700,182.9
7971,3280,55400,181.7
7981,3284,55800,183.2
7991,3280,55500,182.0
8001,3280,54900,180.1
8011,3280,56300,184.7
8021,3280,54800,179.7
8031,3284,56300,184.9
8041,3160,135100,426.9
8051,3280,56300,184.7
8061,3280,54800,179.7
8071,3284,56400,185.2
8081,3280,54800,179.7
8091,3284,56400,185.2
8101,3280,54900,180.1
8111,3284,55700,182.9
8121,3280,55400,181.7
8131,3284,55700,182.9
8141,3164,142300,450.2
8151,3280,54900,180.1
8161,3284,56300,184.9
8171,3280,54800,179.7
8181,3284,56400,185.2
8191,3280,54900,180.1
8201,3284,56400,185.2
8211,3280,54800,179.7
8221,3284,56300,184.9
8231,3280,54800,179.7
8241,3284,56300,184.9
8251,3108,145600,452.5
8261,3284,55800,183.2
8271,3284,55400,181.9
8281,3284,55700,182.9
8291,3280,55400,181.7
8301,3280,55000,180.4
8311,3280,56200,184.3
8321,3280,54800,179.7
8331,3284,56200,184.6
8341,3280,54800,179.7
8351,3284,58400,191.8
8361,3280,54700,179.4
8371,3284,56300,184.9
8381,3280,54900,180.1
8391,3284,56300,184.9
8401,3280,54800,179.7
8411,3284,55800,183.2
8421,3284,55400,181.9
8431,3280,55700,182.7
8441,3284,55400,181.9
8451,3280,55100,180.7
8461,3164,145100,459.1
8471,3280,54800,179.7
8481,3284,56400,185.2
8491,3280,54800,179.7
8501,3284,56400,185.2
8511,3280,54800,179.7
8521,3284,56400,185.2
8531,3284,54800,180.0
8541,3284,56300,184.9
8551,3280,54800,179.7
8561,3164,143400,453.7
8571,3280,55400,181.7
8581,3284,55700,182.9
8591,3280,55500,182.0
8601,3280,55200,181.1
8611,3280,56100,184.0
8621,3284,54800,180.0
8631,3284,56300,184.9
8641,3280,54800,179.7
8651,3284,56400,185.2
8661,3280,54800,179.7
8671,3164,143500,454.0
8681,3280,54800,179.7
8691,3284,56300,184.9
8701,3280,54800,179.7
8711,3284,56000,183.9
8721,3280,55400,181.7
8731,3284,55800,183.2
8741,3284,55500,182.3
8751,3280,55500,182.0
8761,3284,56000,183.9
8771,3144,145200,456.5
8781,3284,56400,185.2
8791,3280,54800,179.7
8801,3284,56400,185.2
8811,3280,54900,180.1
8821,3284,56400,185.2
8831,3280,54800,179.7
8841,3284,56400,185.2
8851,3280,55200,181.1
8861,3280,56100,184.0
8871,3280,55200,181.1
8881,3160,140800,444.9
8891,3284,55500,182.3
8901,3284,55700,182.9
8911,3280,55900,183.4
8921,3280,54900,180.1
8931,3284,56400,185.2
8941,3280,54800,179.7
8951,3280,56400,185.0
8961,3280,54800,179.7
8971,3284,56300,184.9
8981,3280,58800,192.9
8991,3284,56500,185.5
9001,3280,55100,180.7
9011,3284,56200,184.6
9021,3284,55200,181.3
9031,3284,55700,182.9
9041,3280,55400,181.7
9051,3284,55700,182.9
9061,3284,55700,182.9
9071,3280,54800,179.7
9081,3284,56300,184.9
9091,3136,138300,433.7
9101,3284,56300,184.9
9111,3280,54800,179.7
9121,3284,56400,185.2
9131,3280,54800,179.7
9141,3284,56400,185.2
9151,3280,54900,180.1
9161,3284,56300,184.9
9171,3280,55100,180.7
9181,3284,55800,183.2
9191,3280,55400,181.7
9201,3284,55800,183.2
9211,3280,55500,182.0
9221,3280,54900,180.1
9231,3284,56400,185.2
9241,3280,54900,180.1
9251,3284,56400,185.2
9261,3280,54800,179.7
9271,3284,56400,185.2
9281,3280,54800,179.7
9291,3284,56400,185.2
9301,3176,134400,426.9
9311,3284,56400,185.2
9321,3284,55000,180.6
9331,3284,55800,183.2
9341,3280,55400,181.7
9351,3284,55700,182.9
9361,3280,55500,182.0
9371,3280,55000,180.4
9381,3284,56300,184.9
9391,3280,54900,180.1
9401,3284,56400,185.2
9411,3132,160400,502.4
9421,3284,56400,185.2
9431,3280,54800,179.7
9441,3284,56400,185.2
9451,3280,54800,179.7
9461,3284,56300,184.9
9471,3284,54900,180.3
9481,3280,55800,183.0
9491,3280,55400,181.7
9501,3284,55700,182.9
9511,3280,55500,182.0
9521,3112,80500,250.5
9531,3284,56300,184.9
9541,3280,54900,180.1
9551,3284,56400,185.2
9561,3280,54800,179.7
9571,3284,56300,184.9
9581,3280,54900,180.1
9591,3284,56400,185.2
9601,3284,54900,180.3
9611,3280,56400,185.0
9621,3100,150500,466.5
9631,3284,55800,183.2
9641,3280,55400,181.7
9651,3280,55800,183.0
9661,3280,55400,181.7
9671,3280,55100,180.7
9681,3284,56300,184.9
9691,3280,54800,179.7
9701,3284,56400,185.2
9711,3280,54800,179.7
9721,3284,56400,185.2
9731,3120,155000,483.6
9741,3284,56400,185.2
9751,3280,54800,179.7
9761,3284,56400,185.2
9771,3280,54800,179.7
9781,3284,55900,183.6
9791,3280,55400,181.7
9801,3284,55700,182.9
9811,3280,55400,181.7
9821,3284,55300,181.6
9831,3172,178300,565.6
9841,3280,54900,180.1
9851,3284,56400,185.2
9861,3280,54800,179.7
9871,3284,56400,185.2
9881,3280,54800,179.7
9891,3284,56400,185.2
9901,3280,54800,179.7
9911,3284,56300,184.9
9921,3280,54800,179.7
9931,3284,55900,183.6
9941,3208,168300,539.9
9951,3284,55800,183.2
9961,3280,55500,182.0
9971,3284,55400,181.9
9981,3284,56000,183.9
9991,3280,54800,179.7
10001,3284,56400,185.2
10011,3280,54800,179.7
10021,3284,56400,185.2
10031,3280,54800,179.7
10041,3128,145000,453.6
10051,3280,54800,179.7
10061,3284,56300,184.9
10071,3280,55200,181.1
10081,3284,56000,183.9
10091,3280,55300,181.4
10101,3280,55800,183.0
10111,3284,55400,181.9
10121,3284,55600,182.6
10131,3280,55900,183.4
10141,3280,54900,180.1
10151,3160,58000,183.3
10161,3280,54900,180.1
10171,3284,56400,185.2
10181,3280,54800,179.7
10191,3284,56400,185.2
10201,3280,54900,180.1
10211,3284,56400,185.2
10221,3280,55100,180.7
10231,3284,56200,184.6
10241,3280,55200,181.1
10251,3160,142900,451.6
10261,3280,55400,181.7
10271,3280,55700,182.7
10281,3280,55700,182.7
10291,3280,54800,179.7
10301,3284,56300,184.9
10311,3280,54800,179.7
10321,3284,56400,185.2
10331,3280,54800,179.7
10341,3284,56400,185.2
10351,3136,142200,445.9
10361,3284,56400,185.2
10371,3280,54900,180.1
10381,3284,56300,184.9
10391,3284,55100,180.9
10401,3280,55800,183.0
10411,3280,55400,181.7
10421,3280,55700,182.7
10431,3284,55500,182.3
10441,3280,54900,180.1
10451,3284,56300,184.9
10461,3160,141900,448.4
10471,3284,56400,185.2
10481,3280,54900,180.1
10491,3284,56400,185.2
10501,3280,54800,179.7
10511,3280,56300,184.7
10521,3280,54800,179.7
10531,3284,56400,185.2
10541,3280,55000,180.4
10551,3284,55800,183.2
10561,3284,55400,181.9
10571,3112,135600,422.0
10581,3280,55500,182.0
10591,3280,54900,180.1
10601,3284,56300,184.9
10611,3280,54700,179.4
10621,3284,56400,185.2
10631,3280,54900,180.1
10641,3284,56400,185.2
10651,3280,54900,180.1
10661,3284,56400,185.2
10671,3160,146900,464.2
10681,3284,56400,185.2
10691,3280,54800,179.7
10701,3280,55800,183.0
10711,3280,55400,181.7
10721,3280,55800,183.0
10731,3280,55400,181.7
10741,3280,55000,180.4
10751,3280,56300,184.7
10761,3280,54800,179.7
10771,3284,56400,185.2
10781,3280,54800,179.7
10791,3284,56400,185.2
10801,3280,54800,179.7
10811,3280,56400,185.0
10821,3280,54800,179.7
10831,3284,56300,184.9
10841,3280,54800,179.7
10851,3284,55800,183.2
10861,3280,55400,181.7
10871,3280,55800,183.0
10881,3132,73500,230.2
10891,3284,55100,180.9
10901,3284,56200,184.6
10911,3280,54900,180.1
10921,3284,56400,185.2
10931,3280,54800,179.7
10941,3284,56400,185.2
10951,3280,54800,179.7
10961,3280,56300,184.7
10971,3280,54800,179.7
10981,3284,56300,184.9
10991,3280,105300,345.4
11001,3284,55900,183.6
11011,3280,55400,181.7
11021,3284,55800,183.2
11031,3280,55400,181.7
11041,3280,55200,181.1
11051,3284,56200,184.6
11061,3280,54800,179.7
11071,3284,56400,185.2
11081,3280,54800,179.7
11091,3144,164100,515.9
11101,3284,54900,180.3
11111,3280,56400,185.0
11121,3280,54800,179.7
11131,3284,56400,185.2
11141,3280,54800,179.7
11151,3284,56000,183.9
11161,3280,55400,181.7
11171,3280,55800,183.0
11181,3280,55400,181.7
11191,3280,55400,181.7
11201,3140,65200,204.7
11211,3280,54900,180.1
11221,3284,56400,185.2
11231,3280,54900,180.1
11241,3280,56400,185.0
11251,3280,54800,179.7
11261,3284,56400,185.2
11271,3280,54800,179.7
11281,3284,56400,185.2
11291,3280,55200,181.1
11301,3280,56000,183.7
11311,3196,166400,531.8
11321,3280,55800,183.0
11331,3280,55500,182.0
11341,3284,55600,182.6
11351,3280,56000,183.7
11361,3280,54900,180.1
11371,3284,56400,185.2
11381,3284,54800,180.0
11391,3284,56400,185.2
11401,3280,54800,179.7
11411,3256,163600,532.7
11421,3280,54800,179.7
11431,3284,56400,185.2
11441,3284,55000,180.6
11451,3284,56200,184.6
11461,3280,55200,181.1
11471,3280,55800,183.0
11481,3280,55400,181.7
11491,3284,55700,182.9
11501,3280,55800,183.0
11511,3280,57000,187.0
11521,3284,56400,185.2
11531,3280,54800,179.7
11541,3284,56400,185.2
11551,3280,54800,179.7
11561,3284,56400,185.2
11571,3280,54800,179.7
11581,3284,56400,185.2
11591,3280,54900,180.1
11601,3284,56300,184.9
11611,3280,55100,180.7
11621,3116,132400,412.6
11631,3280,55500,182.0
11641,3280,55700,182.7
11651,3280,55500,182.0
11661,3280,54900,180.1
11671,3284,56300,184.9
11681,3280,54800,179.7
11691,3280,56400,185.0
11701,3280,54800,179.7
11711,3284,56300,184.9
11721,3132,142500,446.3
11731,3284,56400,185.2
11741,3280,54900,180.1
11751,3284,56400,185.2
11761,3280,55000,180.4
11771,3280,55800,183.0
11781,3280,55400,181.7
11791,3284,55800,183.2
11801,3284,55500,182.3
11811,3280,54900,180.1
11821,3284,56300,184.9
11831,3160,141800,448.1
11841,3284,56400,185.2
11851,3280,54800,179.7
11861,3284,56400,185.2
11871,3280,54900,180.1
11881,3280,56400,185.0
11891,3280,54800,179.7
11901,3280,56400,185.0
11911,3280,54900,180.1
11921,3284,55800,183.2
11931,3280,55400,181.7
11941,3244,56100,182.0
11951,3284,55400,181.9
11961,3280,55000,180.4
11971,3280,56300,184.7
11981,3280,54900,180.1
11991,3284,56300,184.9
12001,3280,54800,179.7
12011,3284,56400,185.2
12021,3280,54900,180.1
12031,3284,56400,185.2
12041,3108,135700,421.8
12051,3284,56400,185.2
12061,3280,54800,179.7
12071,3284,55800,183.2
12081,3284,55400,181.9
12091,3284,55700,182.9
12101,3280,55400,181.7
12111,3280,55000,180.4
12121,3284,56300,184.9
12131,3284,54800,180.0
12141,3280,56300,184.7
12151,3280,54900,180.1
12161,3284,56500,185.5
12171,3284,54800,180.0
12181,3284,56400,185.2
12191,3280,54800,179.7
12201,3284,56400,185.2
12211,3280,54800,179.7
12221,3284,55900,183.6
12231,3284,55400,181.9
12241,3280,55700,182.7
12251,3140,165300,519.0
12261,3280,55200,181.1
12271,3280,56200,184.3
12281,3280,54900,180.1
12291,3284,56400,185.2
12301,3280,54800,179.7
12311,3284,56300,184.9
12321,3280,54800,179.7
12331,3280,56400,185.0
12341,3280,54800,179.7
12351,3168,140300,444.5
12361,3280,54900,180.1
12371,3284,56000,183.9
12381,3284,55400,181.9
12391,3284,55700,182.9
12401,3280,55500,182.0
12411,3284,55300,181.6
12421,3280,56100,184.0
12431,3280,54800,179.7
12441,3284,56400,185.2
12451,3280,54900,180.1
12461,3168,138700,439.4
12471,3280,54900,180.1
12481,3284,56400,185.2
12491,3280,54800,179.7
12501,3284,56400,185.2
12511,3280,54800,179.7
12521,3284,56000,183.9
12531,3280,55400,181.7
12541,3284,55800,183.2
12551,3280,55400,181.7
12561,3280,55500,182.0
12571,3140,173800,545.7
12581,3280,54900,180.1
12591,3284,56400,185.2
12601,3280,54900,180.1
12611,3284,56300,184.9
12621,3280,54800,179.7
12631,3284,56400,185.2
12641,3280,54800,179.7
12651,3284,56400,185.2
12661,3280,54800,179.7
12671,3224,159600,514.6
12681,3280,55300,181.4
12691,3280,55800,183.0
12701,3280,55500,182.0
12711,3284,55700,182.9
12721,3284,55800,183.2
12731,3280,54900,180.1
12741,3280,56400,185.0
12751,3280,54800,179.7
12761,3284,56400,185.2
12771,3280,54900,180.1
12781,3176,179200,569.1
12791,3280,54800,179.7
12801,3284,56400,185.2
12811,3280,55000,180.4
12821,3284,56300,184.9
12831,3280,55200,181.1
12841,3280,55800,183.0
12851,3280,55400,181.7
12861,3280,55700,182.7
12871,3284,55600,182.6
12881,3280,57000,187.0
12891,3280,56400,185.0
12901,3280,54900,180.1
12911,3280,56400,185.0
12921,3280,54900,180.1
12931,3284,56400,185.2
12941,3280,54800,179.7
12951,3284,56400,185.2
12961,3280,54800,179.7
12971,3284,56300,184.9
12981,3280,55100,180.7
12991,3156,143600,453.2
13001,3284,55400,181.9
13011,3280,55700,182.7
13021,3280,55500,182.0
13031,3280,54900,180.1
13041,3280,56300,184.7
13051,3280,54900,180.1
13061,3284,56400,185.2
13071,3280,54800,179.7
13081,3284,56500,185.5
13091,3280,55100,180.7
13101,3284,56500,185.5
13111,3280,54800,179.7
13121,3284,56400,185.2
13131,3280,54900,180.1
13141,3284,55700,182.9
13151,3284,55400,181.9
13161,3284,55600,182.6
13171,3280,55400,181.7
13181,3280,55000,180.4
13191,3280,56300,184.7
13201,3108,139900,434.8
13211,3284,56400,185.2
13221,3280,54800,179.7
13231,3284,56400,185.2
13241,3280,54800,179.7
13251,3284,56400,185.2
13261,3280,54900,180.1
13271,3284,56400,185.2
13281,3284,54800,180.0
13291,3280,55800,183.0
13301,3276,55400,181.5
13311,3280,55800,183.0
13321,3284,55500,182.3
13331,3280,55000,180.4
13341,3280,56300,184.7
13351,3280,54800,179.7
13361,3280,56400,185.0
13371,3280,54800,179.7
13381,3284,56400,185.2
13391,3280,54800,179.7
13401,3284,56400,185.2
13411,3116,135800,423.2
13421,3284,56400,185.2
13431,3280,54900,180.1
13441,3280,55800,183.0
13451,3280,55300,181.4
13461,3280,55800,183.0
13471,3280,55400,181.7
13481,3280,55200,181.1
13491,3284,56200,184.6
13501,3280,54900,180.1
13511,3176,181600,576.8
13521,3280,54800,179.7
13531,3284,56400,185.2
13541,3280,54700,179.4
13551,3284,56400,185.2
13561,3280,54800,179.7
13571,3284,56400,185.2
13581,3280,54800,179.7
13591,3284,55800,183.2
13601,3280,55400,181.7
13611,3280,55700,182.7
13621,3144,160200,503.7
13631,3280,55300,181.4
13641,3284,56200,184.6
13651,3280,54900,180.1
13661,3280,56400,185.0
13671,3280,54800,179.7
13681,3284,56400,185.2
13691,3280,54800,179.7
13701,3284,56400,185.2
13711,3280,54800,179.7
13721,3164,142800,451.8
13731,3280,54800,179.7
13741,3284,55900,183.6
13751,3280,55300,181.4
13761,3280,55700,182.7
13771,3280,55400,181.7
13781,3280,55500,182.0
13791,3280,56000,183.7
13801,3280,54800,179.7
13811,3284,56300,184.9
13821,3280,54800,179.7
13831,3168,173000,548.1
13841,3280,54900,180.1
13851,3284,56400,185.2
13861,3280,54800,179.7
13871,3284,56400,185.2
13881,3280,54800,179.7
13891,3284,56100,184.2
13901,3280,55300,181.4
13911,3284,55800,183.2
13921,3284,55400,181.9
13931,3168,183100,580.1
13941,3280,55900,183.4
13951,3280,54900,180.1
13961,3284,56300,184.9
13971,3280,54800,179.7
13981,3280,56400,185.0
13991,3280,54800,179.7
14001,3284,56400,185.2
14011,3280,54800,179.7
14021,3284,56400,185.2
14031,3168,134600,426.4
14041,3284,56200,184.6
14051,3280,55300,181.4
14061,3284,55800,183.2
14071,3280,55400,181.7
14081,3284,55700,182.9
14091,3280,55600,182.4
14101,3280,54900,180.1
14111,3284,56300,184.9
14121,3280,54800,179.7
14131,3280,153700,504.1
14141,3280,54800,179.7
14151,3284,56300,184.9
14161,3280,54900,180.1
14171,3280,56400,185.0
14181,3280,54800,179.7
14191,3284,56300,184.9
14201,3284,55100,180.9
14211,3284,55700,182.9
14221,3280,55400,181.7
14231,3280,55700,182.7
14241,3172,161300,511.6
14251,3280,54900,180.1
14261,3284,56300,184.9
14271,3280,54800,179.7
14281,3284,56400,185.2
14291,3280,54800,179.7
14301,3284,56400,185.2
14311,3280,54800,179.7
14321,3284,56300,184.9
14331,3280,54800,179.7
14341,3120,138200,431.2
14351,3280,55000,180.4
14361,3284,55800,183.2
14371,3280,55400,181.7
14381,3284,55800,183.2
14391,3280,55500,182.0
14401,3280,54900,180.1
14411,3280,56300,184.7
14421,3280,54800,179.7
14431,3284,56300,184.9
14441,3144,143800,452.1
14451,3284,56400,185.2
14461,3280,54900,180.1
14471,3280,56400,185.0
14481,3284,54800,180.0
14491,3284,56300,184.9
14501,3280,54800,179.7
14511,3284,55800,183.2
14521,3280,55400,181.7
14531,3284,55800,183.2
14541,3280,55400,181.7
14551,3284,55000,180.6
14561,3280,56300,184.7
14571,3280,54800,179.7
14581,3284,56400,185.2
14591,3280,54800,179.7
14601,3284,56400,185.2
14611,3280,54800,179.7
14621,3284,56400,185.2
14631,3280,54800,179.7
14641,3284,56400,185.2
14651,3164,141300,447.1
14661,3284,55800,183.2
14671,3284,55400,181.9
14681,3284,55800,183.2
14691,3284,55400,181.9
14701,3284,55100,180.9
14711,3280,56200,184.3
14721,3280,54800,179.7
14731,3284,56300,184.9
14741,3280,54900,180.1
14751,3164,142900,452.1
14761,3280,54800,179.7
14771,3284,56500,185.5
14781,3280,54800,179.7
14791,3284,56400,185.2
14801,3284,54800,180.0
14811,3284,55900,183.6
14821,3280,55400,181.7
14831,3284,55700,182.9
14841,3280,55500,182.0
14851,3280,55200,181.1
14861,3172,132900,421.6
14871,3280,54900,180.1
14881,3284,56400,185.2
14891,3280,54900,180.1
14901,3280,56400,185.0
14911,3280,54800,179.7
14921,3284,56400,185.2
14931,3280,54800,179.7
14941,3284,56400,185.2
14951,3280,54800,179.7
14961,3164,141400,447.4
14971,3284,55300,181.6
14981,3280,55800,183.0
14991,3280,55400,181.7
15001,3284,55400,181.9
15011,3280,56100,184.0
15021,3280,54800,179.7
15031,3284,56400,185.2
15041,3280,54900,180.1
15051,3284,56400,185.2
15061,3280,56700,186.0
15071,3284,56500,185.5
15081,3280,54800,179.7
15091,3284,56400,185.2
15101,3280,54900,180.1
15111,3284,56100,184.2
15121,3280,55300,181.4
15131,3280,55700,182.7
15141,3280,55400,181.7
15151,3280,55500,182.0
15161,3280,55900,183.4
15171,3156,142800,450.7
15181,3284,56300,184.9
15191,3280,54800,179.7
15201,3284,56400,185.2
15211,3280,54800,179.7
15221,3284,56400,185.2
15231,3280,54900,180.1
15241,3284,56400,185.2
15251,3280,55100,180.7
15261,3284,56200,184.6
15271,3280,55200,181.1
15281,3280,55800,183.0
15291,3284,55500,182.3
15301,3280,55700,182.7
15311,3280,55800,183.0
15321,3280,54900,180.1
15331,3284,56400,185.2
15341,3280,54800,179.7
15351,3284,56400,185.2
15361,3280,54900,180.1
15371,3284,56400,185.2
15381,3280,55000,180.4
15391,3284,56400,185.2
15401,3280,54900,180.1
15411,3284,56300,184.9
15421,3280,55200,181.1
15431,3284,55800,183.2
15441,3284,55400,181.9
15451,3284,55700,182.9
15461,3280,55600,182.4
15471,3280,54900,180.1
15481,3284,137100,450.2
15491,3280,54800,179.7
15501,3284,56400,185.2
15511,3280,54800,179.7
15521,3284,56400,185.2
15531,3280,54900,180.1
15541,3284,56300,184.9
15551,3280,54800,179.7
15561,3284,56400,185.2
15571,3280,54900,180.1
15581,3284,55800,183.2
15591,3124,142400,444.9
15601,3280,55800,183.0
15611,3280,55600,182.4
15621,3280,55000,180.4
15631,3284,56300,184.9
15641,3280,54800,179.7
15651,3284,56400,185.2
15661,3280,54800,179.7
15671,3284,56300,184.9
15681,3280,54800,179.7
15691,3148,156500,492.7
15701,3280,54800,179.7
15711,3284,56300,184.9
15721,3280,54900,180.1
15731,3284,55700,182.9
15741,3284,55300,181.6
15751,3284,55800,183.2
15761,3280,55400,181.7
15771,3280,55000,180.4
15781,3284,56300,184.9
15791,3164,141500,447.7
15801,3284,56400,185.2
15811,3280,54800,179.7
15821,3280,56400,185.0
15831,3280,54800,179.7
15841,3280,56400,185.0
15851,3280,54800,179.7
15861,3284,56400,185.2
15871,3280,54900,180.1
15881,3284,55900,183.6
15891,3280,55400,181.7
15901,3152,184700,582.2
15911,3284,55400,181.9
15921,3280,55000,180.4
15931,3280,56200,184.3
15941,3280,54900,180.1
15951,3284,56400,185.2
15961,3280,54800,179.7
15971,3284,56400,185.2
15981,3280,54900,180.1
15991,3284,56400,185.2
16001,3280,54900,180.1
16011,3176,171400,544.4
16021,3280,54800,179.7
16031,3284,55900,183.6
16041,3284,55400,181.9
16051,3284,55800,183.2
16061,3284,55400,181.9
16071,3284,55200,181.3
16081,3280,56200,184.3
16091,3280,54900,180.1
16101,3284,56400,185.2
16111,3280,54800,179.7
16121,3168,145600,461.3
16131,3280,54900,180.1
16141,3284,56400,185.2
16151,3280,54800,179.7
16161,3284,56400,185.2
16171,3280,54800,179.7
16181,3284,55900,183.6
16191,3280,55300,181.4
16201,3284,55700,182.9
16211,3280,55500,182.0
16221,3148,158600,499.3
16231,3280,56200,184.3
16241,3280,54900,180.1
16251,3284,56300,184.9
16261,3280,54900,180.1
16271,3284,56400,185.2
16281,3280,54900,180.1
16291,3284,56400,185.2
16301,3280,54800,179.7
16311,3284,56300,184.9
16321,3280,54800,179.7
16331,3284,56000,183.9
16341,3280,55400,181.7
16351,3280,55800,183.0
16361,3280,55500,182.0
16371,3280,55600,182.4
16381,3284,56000,183.9
16391,3280,54900,180.1
16401,3284,56300,184.9
16411,3280,54800,179.7
16421,3284,56400,185.2
16431,3280,55000,180.4
16441,3284,56400,185.2
16451,3280,54800,179.7
16461,3284,56400,185.2
16471,3284,54800,180.0
16481,3284,56100,184.2
16491,3280,55300,181.4
16501,3284,55800,183.2
16511,3284,55500,182.3
16521,3280,55700,182.7
16531,3284,55800,183.2
16541,3280,54900,180.1
16551,3284,56300,184.9
16561,3280,54800,179.7
16571,3284,56400,185.2
16581,3280,54900,180.1
16591,3284,56400,185.2
16601,3280,54800,179.7
16611,3284,56300,184.9
16621,3280,54700,179.4
16631,3284,56300,184.9
16641,3164,146000,461.9
16651,3284,55800,183.2
16661,3280,55400,181.7
16671,3284,55700,182.9
16681,3280,55700,182.7
16691,3280,54900,180.1
16701,3284,56300,184.9
16711,3280,54800,179.7
16721,3280,56400,185.0
16731,3280,54800,179.7
16741,3284,56400,185.2
16751,3144,167300,526.0
16761,3284,56400,185.2
16771,3280,54900,180.1
16781,3284,56400,185.2
16791,3280,55000,180.4
16801,3284,55800,183.2
16811,3280,55400,181.7
16821,3284,55700,182.9
16831,3280,55500,182.0
16841,3284,54900,180.3
16851,3176,164800,523.4
16861,3280,54800,179.7
16871,3280,56400,185.0
16881,3280,54800,179.7
16891,3284,56400,185.2
16901,3280,54800,179.7
16911,3284,56400,185.2
16921,3280,54800,179.7
16931,3284,56400,185.2
16941,3280,54900,180.1
16951,3280,57800,189.6
16961,3280,55500,182.0
16971,3280,55700,182.7
16981,3280,55400,181.7
16991,3280,54900,180.1
17001,3284,56300,184.9
17011,3280,54900,180.1
17021,3284,56300,184.9
17031,3280,54800,179.7
17041,3284,56400,185.2
17051,3280,54800,179.7
17061,3156,180000,568.1
17071,3280,54900,180.1
17081,3284,56300,184.9
17091,3280,54800,179.7
17101,3280,55700,182.7
17111,3280,55400,181.7
17121,3284,55700,182.9
17131,3284,55500,182.3
17141,3280,55100,180.7
17151,3284,56300,184.9
17161,3112,134400,418.3
17171,3284,56400,185.2
17181,3280,54900,180.1
17191,3284,56400,185.2
17201,3280,54900,180.1
17211,3284,56300,184.9
17221,3280,54800,179.7
17231,3284,56300,184.9
17241,3280,54800,179.7
17251,3280,55800,183.0
17261,3164,143400,453.7
17271,3284,55800,183.2
17281,3280,55400,181.7
17291,3280,55100,180.7
17301,3280,56200,184.3
17311,3280,54800,179.7
17321,3284,56400,185.2
17331,3280,54800,179.7
17341,3284,56300,184.9
17351,3280,54800,179.7
17361,3284,56300,184.9
17371,3140,158000,496.1
17381,3284,56400,185.2
17391,3280,54800,179.7
17401,3284,55900,183.6
17411,3280,55300,181.4
17421,3284,55800,183.2
17431,3280,55400,181.7
17441,3284,55200,181.3
17451,3280,56200,184.3
17461,3280,54800,179.7
17471,3284,56400,185.2
17481,3116,136000,423.8
17491,3284,56400,185.2
17501,3280,54900,180.1
17511,3280,56400,185.0
17521,3280,54800,179.7
17531,3284,56400,185.2
17541,3280,54800,179.7
17551,3284,55900,183.6
17561,3280,55300,181.4
17571,3284,55800,183.2
17581,3280,103000,337.8
17591,3284,55400,181.9
17601,3280,56100,184.0
17611,3284,54900,180.3
17621,3284,56400,185.2
17631,3280,54800,179.7
17641,3284,56400,185.2
17651,3280,54900,180.1
17661,3284,56400,185.2
17671,3280,54900,180.1
17681,3284,56300,184.9
17691,3160,141600,447.5
17701,3284,56100,184.2
17711,3280,55300,181.4
17721,3280,55800,183.0
17731,3280,55500,182.0
17741,3284,55600,182.6
17751,3284,56000,183.9
17761,3280,54900,180.1
17771,3280,56400,185.0
17781,3280,54800,179.7
17791,3284,56400,185.2
17801,3276,55100,180.5
17811,3284,56400,185.2
17821,3280,54900,180.1
17831,3284,56400,185.2
17841,3280,54900,180.1
17851,3284,56200,184.6
17861,3280,55300,181.4
17871,3280,55800,183.0
17881,3280,55400,181.7
17891,3280,55700,182.7
17901,3176,135700,431.0
17911,3280,54800,179.7
17921,3284,56400,185.2
17931,3280,54800,179.7
17941,3284,56400,185.2
17951,3280,54800,179.7
17961,3280,56400,185.0
17971,3280,54800,179.7
17981,3284,56300,184.9
17991,3280,54900,180.1
18001,3284,58300,191.5
18011,3280,55200,181.1
18021,3284,55800,183.2
18031,3280,55400,181.7
18041,3284,55800,183.2
18051,3280,55600,182.4
18061,3280,54900,180.1
18071,3284,56300,184.9
18081,3284,54900,180.3
18091,3284,56400,185.2
18101,3280,54800,179.7
18111,3164,142800,451.8
18121,3280,54900,180.1
18131,3284,56400,185.2
18141,3280,54800,179.7
18151,3284,56400,185.2
18161,3280,55100,180.7
18171,3280,55800,183.0
18181,3280,55400,181.7
18191,3284,55700,182.9
18201,3284,55500,182.3
18211,3280,54900,180.1
18221,3168,176600,559.5
18231,3280,54800,179.7
18241,3280,56300,184.7
18251,3284,54800,180.0
18261,3280,56400,185.0
18271,3280,54800,179.7
18281,3284,56400,185.2
18291,3280,54800,179.7
18301,3280,56400,185.0
18311,3280,54900,180.1
18321,3160,143700,454.1
18331,3284,55400,181.9
18341,3284,55700,182.9
18351,3280,55500,182.0
18361,3280,54900,180.1
18371,3284,56300,184.9
18381,3280,54800,179.7
18391,3284,56300,184.9
18401,3280,54800,179.7
18411,3284,56400,185.2
18421,3280,54800,179.7
18431,3144,155700,489.5
18441,3280,54800,179.7
18451,3284,56300,184.9
18461,3280,54800,179.7
18471,3284,55800,183.2
18481,3280,55400,181.7
18491,3280,55700,182.7
18501,3284,55400,181.9
18511,3280,55100,180.7
18521,3280,56200,184.3
18531,3184,151100,481.1
18541,3284,56400,185.2
18551,3280,54800,179.7
18561,3284,56400,185.2
18571,3280,54800,179.7
18581,3284,56400,185.2
18591,3280,54800,179.7
18601,3284,56400,185.2
18611,3280,54800,179.7
18621,3284,55900,183.6
18631,3280,55300,181.4
18641,3172,184500,585.2
18651,3280,55400,181.7
18661,3280,55100,180.7
18671,3284,56200,184.6
18681,3280,54800,179.7
18691,3284,56300,184.9
18701,3280,54900,180.1
18711,3284,56400,185.2
18721,3280,54800,179.7
18731,3284,56400,185.2
18741,3144,167300,526.0
18751,3284,56300,184.9
18761,3280,54800,179.7
18771,3284,55900,183.6
18781,3280,55400,181.7
18791,3280,55700,182.7
18801,3280,55400,181.7
18811,3280,55300,181.4
18821,3280,56100,184.0
18831,3280,54800,179.7
18841,3160,146100,461.7
18851,3284,54900,180.3
18861,3284,56300,184.9
18871,3280,54800,179.7
18881,3284,56400,185.2
18891,3280,54800,179.7
18901,3284,56400,185.2
18911,3280,54800,179.7
18921,3284,56000,183.9
18931,3280,55300,181.4
18941,3280,57800,189.6
18951,3236,55700,180.2
18961,3284,55500,182.3
18971,3280,56100,184.0
18981,3280,54900,180.1
18991,3280,56400,185.0
19001,3280,54800,179.7
19011,3284,56300,184.9
19021,3280,54800,179.7
19031,3284,56400,185.2
19041,3280,56900,186.6
19051,3284,56400,185.2
19061,3280,54900,180.1
19071,3284,56200,184.6
19081,3280,55400,181.7
19091,3284,55800,183.2
19101,3284,55500,182.3
19111,3284,55600,182.6
19121,3280,55900,183.4
19131,3280,54900,180.1
19141,3284,56400,185.2
19151,3108,156500,486.4
19161,3280,56500,185.3
19171,3280,54900,180.1
19181,3284,56400,185.2
19191,3280,54800,179.7
19201,3284,56400,185.2
19211,3280,55000,180.4
19221,3280,56200,184.3
19231,3280,55200,181.1
19241,3284,55800,183.2
19251,3152,142200,448.2
19261,3280,55800,183.0
19271,3280,55800,183.0
19281,3280,54900,180.1
19291,3284,56300,184.9
19301,3280,54900,180.1
19311,3280,56300,184.7
19321,3280,54900,180.1
19331,3284,56400,185.2
19341,3280,54800,179.7
19351,3284,56400,185.2
19361,3280,54900,180.1
19371,3284,56300,184.9
19381,3284,55100,180.9
19391,3284,55800,183.2
19401,3280,55500,182.0
19411,3280,55800,183.0
19421,3280,55500,182.0
19431,3280,54900,180.1
19441,3284,56300,184.9
19451,3280,54900,180.1
19461,3164,144000,455.6
19471,3280,54800,179.7
19481,3284,56400,185.2
19491,3280,54900,180.1
19501,3284,56400,185.2
19511,3280,54800,179.7
19521,3284,56400,185.2
19531,3280,55000,180.4
19541,3280,55800,183.0
19551,3280,55500,182.0
19561,3160,142800,451.2
19571,3284,55500,182.3
19581,3280,55000,180.4
19591,3284,56300,184.9
19601,3280,54900,180.1
19611,3284,56400,185.2
19621,3284,54800,180.0
19631,3280,56300,184.7
19641,3280,54800,179.7
19651,3284,56400,185.2
19661,3280,54900,180.1
19671,3160,143300,452.8
19681,3280,54800,179.7
19691,3280,55800,183.0
19701,3280,55400,181.7
19711,3284,55800,183.2
19721,3284,55400,181.9
19731,3280,55000,180.4
19741,3284,56300,184.9
19751,3280,54800,179.7
19761,3284,56300,184.9
19771,3280,57000,187.0
19781,3284,56400,185.2
19791,3280,54800,179.7
19801,3284,56400,185.2
19811,3280,54800,179.7
19821,3284,56400,185.2
19831,3284,54800,180.0
19841,3284,55800,183.2
19851,3280,55500,182.0
19861,3284,55800,183.2
19871,3280,55500,182.0
19881,3156,164700,519.8
19891,3284,56200,184.6
19901,3280,54900,180.1
19911,3284,56400,185.2
19921,3280,54800,179.7
19931,3284,56400,185.2
19941,3280,54900,180.1
19951,3284,56400,185.2
19961,3280,54800,179.7
19971,3284,56400,185.2
19981,3280,54900,180.1
19991,3280,56000,183.7
20001,3280,55500,182.0
20011,3284,55700,182.9
20021,3284,55500,182.3
20031,3280,55300,181.4
20041,3284,56200,184.6
20051,3280,54800,179.7
20061,3280,56400,185.0
20071,3280,54900,180.1
20081,3284,56300,184.9
20091,3164,179800,568.9
20101,3284,56400,185.2
20111,3280,54800,179.7
20121,3284,56400,185.2
20131,3280,54800,179.7
20141,3284,55900,183.6
20151,3280,55400,181.7
20161,3284,55800,183.2
20171,3280,55500,182.0
20181,3280,55300,181.4
20191,3280,108500,355.9
20201,3280,54800,179.7
20211,3280,56400,185.0
20221,3280,54800,179.7
20231,3284,56300,184.9
20241,3280,54800,179.7
20251,3284,56400,185.2
20261,3280,54900,180.1
20271,3284,56400,185.2
20281,3284,54800,180.0
20291,3280,56000,183.7
20301,3120,135500,422.8
20311,3284,55800,183.2
20321,3284,55500,182.3
20331,3284,55600,182.6
20341,3280,56000,183.7
20351,3280,54900,180.1
20361,3284,56400,185.2
20371,3280,54800,179.7
20381,3284,56400,185.2
20391,3280,54800,179.7
20401,3280,149500,490.4
20411,3280,54800,179.7
20421,3280,56400,185.0
20431,3280,54800,179.7
20441,3284,56100,184.2
20451,3280,55300,181.4
20461,3280,55800,183.0
20471,3280,55400,181.7
20481,3280,55600,182.4
20491,3284,55800,183.2
20501,3280,54800,179.7
20511,3160,143200,452.5
20521,3280,54900,180.1
20531,3284,56400,185.2
20541,3280,54800,179.7
20551,3284,56400,185.2
20561,3284,54900,180.3
20571,3284,56400,185.2
20581,3280,54900,180.1
20591,3284,56300,184.9
20601,3280,55200,181.1
20611,3284,57800,189.8
20621,3280,55600,182.4
20631,3280,55800,183.0
20641,3280,55600,182.4
20651,3280,54900,180.1
20661,3280,56400,185.0
20671,3280,54900,180.1
20681,3284,56400,185.2
20691,3280,54900,180.1
20701,3284,56400,185.2
20711,3280,54900,180.1
20721,3144,153000,481.0
20731,3280,54900,180.1
20741,3284,56400,185.2
20751,3280,55100,180.7
20761,3280,55800,183.0
20771,3284,55400,181.9
20781,3280,55800,183.0
20791,3284,55400,181.9
20801,3280,54900,180.1
20811,3280,56300,184.7
20821,3192,148400,473.7
20831,3284,56400,185.2
20841,3280,54900,180.1
20851,3284,56400,185.2
20861,3280,54900,180.1
20871,3280,56400,185.0
20881,3280,54800,179.7
20891,3280,56400,185.0
20901,3280,54900,180.1
20911,3280,55800,183.0
20921,3280,55400,181.7
20931,3280,55700,182.7
20941,3280,55400,181.7
20951,3280,54900,180.1
20961,3284,56300,184.9
20971,3280,54800,179.7
20981,3284,56400,185.2
20991,3280,54900,180.1
21001,3284,56300,184.9
21011,3280,54900,180.1
21021,3284,56400,185.2
21031,3108,133100,413.7
21041,3284,56400,185.2
21051,3280,54900,180.1
21061,3284,55800,183.2
21071,3280,55400,181.7
21081,3284,55800,183.2
21091,3284,55400,181.9
21101,3280,55000,180.4
21111,3280,56300,184.7
21121,3280,54800,179.7
21131,3280,56400,185.0
21141,3280,54800,179.7
21151,3284,56400,185.2
21161,3280,54800,179.7
21171,3284,56400,185.2
21181,3280,54800,179.7
21191,3284,56400,185.2
21201,3280,54800,179.7
21211,3284,55900,183.6
21221,3284,55300,181.6
21231,3284,55700,182.9
21241,3280,55400,181.7
21251,3280,55100,180.7
21261,3284,56200,184.6
21271,3280,54900,180.1
21281,3284,56400,185.2
21291,3280,54900,180.1
21301,3284,56400,185.2
21311,3280,54800,179.7
21321,3284,56400,185.2
21331,3280,54900,180.1
21341,3284,56400,185.2
21351,3164,141300,447.1
21361,3284,55900,183.6
21371,3280,55400,181.7
21381,3284,55700,182.9
21391,3284,55500,182.3
21401,3280,55200,181.1
21411,3280,56200,184.3
21421,3280,54800,179.7
21431,3284,56400,185.2
21441,3280,54800,179.7
21451,3284,56400,185.2
21461,3268,55100,180.1
21471,3284,56400,185.2
21481,3280,54800,179.7
21491,3284,56400,185.2
21501,3280,54900,180.1
21511,3284,55900,183.6
21521,3280,55400,181.7
21531,3280,55700,182.7
21541,3280,55400,181.7
21551,3284,55400,181.9
21561,3280,56100,184.0
21571,3280,54900,180.1
21581,3284,56400,185.2
21591,3280,54800,179.7
21601,3280,56400,185.0
21611,3280,54800,179.7
21621,3284,56400,185.2
21631,3280,54800,179.7
21641,3280,56400,185.0
21651,3284,54800,180.0
21661,3284,56000,183.9
21671,3144,157900,496.4
21681,3284,55700,182.9
21691,3284,55400,181.9
21701,3284,55600,182.6
21711,3284,55900,183.6
21721,3280,54900,180.1
21731,3284,56400,185.2
21741,3280,54900,180.1
21751,3284,56400,185.2
21761,3280,54800,179.7
21771,3164,143100,452.8
21781,3280,54800,179.7
21791,3284,56400,185.2
21801,3280,54800,179.7
21811,3284,56100,184.2
21821,3280,55200,181.1
21831,3280,55700,182.7
21841,3284,55400,181.9
21851,3280,55700,182.7
21861,3284,55800,183.2
21871,3280,54800,179.7
21881,3116,94900,295.7
21891,3280,54900,180.1
21901,3280,56300,184.7
21911,3280,54800,179.7
21921,3284,56400,185.2
21931,3280,54800,179.7
21941,3284,56300,184.9
21951,3280,54900,180.1
21961,3284,56200,184.6
21971,3284,55100,180.9
21981,3156,143300,452.3
21991,3280,55500,182.0
22001,3280,55800,183.0
22011,3280,55600,182.4
22021,3280,54900,180.1
22031,3284,56300,184.9
22041,3280,54900,180.1
22051,3284,56300,184.9
22061,3280,54800,179.7
22071,3284,56300,184.9
22081,3280,54800,179.7
22091,3168,173100,548.4
22101,3280,54900,180.1
22111,3284,56400,185.2
22121,3280,55000,180.4
22131,3280,55800,183.0
22141,3280,55500,182.0
22151,3280,55700,182.7
22161,3280,55500,182.0
22171,3280,54900,180.1
22181,3284,56300,184.9
22191,3164,141300,447.1
22201,3284,56400,185.2
22211,3280,54800,179.7
22221,3284,56400,185.2
22231,3280,54800,179.7
22241,3284,56400,185.2
22251,3280,54800,179.7
22261,3284,56400,185.2
22271,3280,54900,180.1
22281,3280,55800,183.0
22291,3132,76100,238.3
22301,3284,55800,183.2
22311,3280,55500,182.0
22321,3280,55000,180.4
22331,3280,56300,184.7
22341,3280,54800,179.7
22351,3284,56400,185.2
22361,3280,54800,179.7
22371,3284,56400,185.2
22381,3280,54800,179.7
22391,3284,56300,184.9
22401,3148,144600,455.2
22411,3284,56400,185.2
22421,3280,54900,180.1
22431,3280,55800,183.0
22441,3280,55400,181.7
22451,3284,55800,183.2
22461,3280,55400,181.7
22471,3280,55000,180.4
22481,3280,56300,184.7
22491,3280,54900,180.1
22501,3280,119100,390.6
22511,3280,54800,179.7
22521,3280,56400,185.0
22531,3280,54800,179.7
22541,3280,56300,184.7
22551,3280,54800,179.7
22561,3284,56400,185.2
22571,3280,54800,179.7
22581,3284,55800,183.2
22591,3280,55400,181.7
22601,3284,55700,182.9
22611,3152,140100,441.6
22621,3280,55100,180.7
22631,3280,56200,184.3
22641,3280,54800,179.7
22651,3284,56300,184.9
22661,3280,54800,179.7
22671,3284,56300,184.9
22681,3280,54900,180.1
22691,3284,56300,184.9
22701,3280,54800,179.7
22711,3284,56400,185.2
22721,3164,144500,457.2
22731,3284,55900,183.6
22741,3284,55400,181.9
22751,3280,55800,183.0
22761,3280,55500,182.0
22771,3280,55200,181.1
22781,3284,56100,184.2
22791,3280,54800,179.7
22801,3284,56400,185.2
22811,3280,54800,179.7
22821,3280,56300,184.7
22831,3160,141100,445.9
22841,3284,56400,185.2
22851,3280,54800,179.7
22861,3280,56400,185.0
22871,3280,54900,180.1
22881,3280,56000,183.7
22891,3284,55400,181.9
22901,3280,55800,183.0
22911,3284,55400,181.9
22921,3284,55400,181.9
22931,3280,56000,183.7
22941,3108,131600,409.0
22951,3284,56400,185.2
22961,3280,54900,180.1
22971,3284,56300,184.9
22981,3280,54900,180.1
22991,3284,56400,185.2
23001,3280,54900,180.1
23011,3280,56400,185.0
23021,3280,54800,179.7
23031,3284,56100,184.2
23041,3280,55300,181.4
23051,3180,56500,179.7
23061,3284,55400,181.9
23071,3284,55500,182.3
23081,3280,55900,183.4
23091,3280,54900,180.1
23101,3284,56400,185.2
23111,3280,54800,179.7
23121,3284,56400,185.2
23131,3280,54800,179.7
23141,3284,56400,185.2
23151,3280,54800,179.7
23161,3172,177900,564.3
23171,3280,54800,179.7
23181,3284,56200,184.6
23191,3284,55200,181.3
23201,3284,55700,182.9
23211,3280,55400,181.7
23221,3284,55600,182.6
23231,3280,55800,183.0
23241,3280,54800,179.7
23251,3284,56400,185.2
23261,3232,55100,178.1
23271,3284,56300,184.9
23281,3280,54800,179.7
23291,3284,56400,185.2
23301,3280,54900,180.1
23311,3284,56400,185.2
23321,3280,54800,179.7
23331,3284,56300,184.9
23341,3280,55100,180.7
23351,3284,55700,182.9
23361,3144,138300,434.8
23371,3284,55800,183.2
23381,3280,55600,182.4
23391,3280,54900,180.1
23401,3284,56300,184.9
23411,3280,54800,179.7
23421,3284,56400,185.2
23431,3280,54800,179.7
23441,3284,56300,184.9
23451,3280,54800,179.7
23461,3284,56400,185.2
23471,3280,54900,180.1
23481,3284,56300,184.9
23491,3280,55000,180.4
23501,3284,55800,183.2
23511,3284,55400,181.9
23521,3284,55700,182.9
23531,3284,55500,182.3
23541,3280,54900,180.1
23551,3284,56300,184.9
23561,3280,54900,180.1
23571,3152,144800,456.4
23581,3280,54800,179.7
23591,3280,56400,185.0
23601,3280,54800,179.7
23611,3284,56300,184.9
23621,3284,54800,180.0
23631,3284,56400,185.2
23641,3280,54900,180.1
23651,3284,55800,183.2
23661,3280,55400,181.7
23671,3252,162900,529.8
23681,3280,55400,181.7
23691,3280,55000,180.4
23701,3284,56300,184.9
23711,3280,54800,179.7
23721,3284,56400,185.2
23731,3280,54800,179.7
23741,3284,56400,185.2
23751,3280,54800,179.7
23761,3284,56400,185.2
23771,3280,54900,180.1
23781,3176,182600,579.9
23791,3280,54800,179.7
23801,3284,55800,183.2
23811,3280,55400,181.7
23821,3280,55800,183.0
23831,3284,55400,181.9
23841,3280,55100,180.7
23851,3280,56300,184.7
23861,3284,54800,180.0
23871,3280,56400,185.0
23881,3116,135800,423.2
23891,3284,56400,185.2
23901,3280,54900,180.1
23911,3284,56400,185.2
23921,3280,54900,180.1
23931,3284,56400,185.2
23941,3280,54800,179.7
23951,3284,55800,183.2
23961,3284,55400,181.9
23971,3284,55700,182.9
23981,3168,144200,456.8
23991,3284,55100,180.9
24001,3280,56200,184.3
24011,3280,54900,180.1
24021,3280,56400,185.0
24031,3280,54800,179.7
24041,3284,56400,185.2
24051,3280,54800,179.7
24061,3284,56400,185.2
24071,3280,54900,180.1
24081,3284,56400,185.2
24091,3152,134400,423.6
24101,3284,55900,183.6
24111,3280,55400,181.7
24121,3284,55700,182.9
24131,3280,55400,181.7
24141,3280,55300,181.4
24151,3284,56100,184.2
24161,3280,54900,180.1
24171,3284,56300,184.9
24181,3280,54800,179.7
24191,3172,160300,508.5
24201,3280,54800,179.7
24211,3284,56400,185.2
24221,3280,54800,179.7
24231,3284,56400,185.2
24241,3280,54800,179.7
24251,3284,56000,183.9
24261,3280,55400,181.7
24271,3284,55700,182.9
24281,3280,55400,181.7
24291,3164,142300,450.2
24301,3280,56000,183.7
24311,3280,54900,180.1
24321,3284,56400,185.2
24331,3280,54800,179.7
24341,3284,56400,185.2
24351,3280,54800,179.7
24361,3284,56300,184.9
24371,3280,54900,180.1
24381,3284,56400,185.2
24391,3280,54900,180.1
24401,3168,154200,488.5
24411,3280,55400,181.7
24421,3280,55700,182.7
24431,3280,55400,181.7
24441,3280,55500,182.0
24451,3284,55800,183.2
24461,3280,54900,180.1
24471,3284,56400,185.2
24481,3280,54900,180.1
24491,3284,56400,185.2
24501,3112,135200,420.7
24511,3280,56400,185.0
24521,3284,54900,180.3
24531,3284,56400,185.2
24541,3280,54800,179.7
24551,3280,56100,184.0
24561,3280,55200,181.1
24571,3284,55700,182.9
24581,3280,55400,181.7
24591,3284,55600,182.6
24601,3164,145600,460.7
24611,3280,54800,179.7
24621,3280,56300,184.7
24631,3280,54900,180.1
24641,3284,56400,185.2
24651,3280,54800,179.7
24661,3284,56300,184.9
24671,3280,54800,179.7
24681,3284,56400,185.2
24691,3280,54800,179.7
24701,3284,56300,184.9
24711,3280,55200,181.1
24721,3284,55800,183.2
24731,3280,55500,182.0
24741,3284,55600,182.6
24751,3280,55600,182.4
24761,3284,54900,180.3
24771,3284,56300,184.9
24781,3284,54800,180.0
24791,3284,56400,185.2
24801,3280,54800,179.7
24811,3164,142900,452.1
24821,3280,54800,179.7
24831,3284,56400,185.2
24841,3280,54800,179.7
24851,3284,56400,185.2
24861,3280,55000,180.4
24871,3280,55800,183.0
24881,3280,55400,181.7
24891,3280,55700,182.7
24901,3284,55500,182.3
24911,3280,57000,187.0
24921,3284,56400,185.2
24931,3280,54900,180.1
24941,3284,56400,185.2
24951,3280,54800,179.7
24961,3284,56400,185.2
24971,3280,54800,179.7
24981,3284,56300,184.9
24991,3280,54800,179.7
25001,3284,56400,185.2
25011,3280,54900,180.1
25021,3172,179100,568.1
25031,3284,55400,181.9
25041,3280,55700,182.7
25051,3280,55500,182.0
25061,3280,55000,180.4
25071,3280,56300,184.7
25081,3280,54900,180.1
25091,3284,56300,184.9
25101,3280,54800,179.7
25111,3284,56300,184.9
25121,3160,142000,448.7
25131,3284,56400,185.2
25141,3280,54800,179.7
25151,3284,56400,185.2
25161,3280,54800,179.7
25171,3280,55800,183.0
25181,3280,55400,181.7
25191,3284,55800,183.2
25201,3284,55500,182.3
25211,3284,55000,180.6
25221,3280,56200,184.3
25231,3164,170200,538.5
25241,3284,56400,185.2
25251,3280,54900,180.1
25261,3284,56400,185.2
25271,3280,54800,179.7
25281,3284,56400,185.2
25291,3280,54800,179.7
25301,3284,56400,185.2
25311,3280,54800,179.7
25321,3284,55800,183.2
25331,3284,55400,181.9
25341,3140,169100,531.0
25351,3284,55500,182.3
25361,3280,55200,181.1
25371,3284,56200,184.6
25381,3280,54900,180.1
25391,3284,56400,185.2
25401,3280,54800,179.7
25411,3284,56400,185.2
25421,3280,54800,179.7
25431,3284,56400,185.2
25441,3156,141800,447.5
25451,3284,56400,185.2
25461,3280,54800,179.7
25471,3280,55900,183.4
25481,3280,55400,181.7
25491,3280,55800,183.0
25501,3284,55500,182.3
25511,3284,55300,181.6
25521,3284,56200,184.6
25531,3280,54900,180.1
25541,3156,143300,452.3
25551,3280,54900,180.1
25561,3280,56400,185.0
25571,3280,54800,179.7
25581,3280,56400,185.0
25591,3280,54900,180.1
25601,3284,56400,185.2
25611,3280,54800,179.7
25621,3284,56000,183.9
25631,3284,55300,181.6
25641,3160,142600,450.6
25651,3284,55400,181.9
25661,3284,55400,181.9
25671,3284,56000,183.9
25681,3280,54900,180.1
25691,3284,56400,185.2
25701,3284,54900,180.3
25711,3284,56400,185.2
25721,3280,54800,179.7
25731,3284,56400,185.2
25741,3280,54900,180.1
25751,3176,133500,424.0
25761,3280,54800,179.7
25771,3284,56100,184.2
25781,3284,55300,181.6
25791,3280,55800,183.0
25801,3284,55500,182.3
25811,3280,55600,182.4
25821,3280,55900,183.4
25831,3280,54900,180.1
25841,3284,56400,185.2
25851,3212,157000,504.3
25861,3284,56400,185.2
25871,3280,54900,180.1
25881,3284,56400,185.2
25891,3280,54900,180.1
25901,3284,56400,185.2
25911,3280,54900,180.1
25921,3284,56200,184.6
25931,3280,55200,181.1
25941,3284,55800,183.2
25951,3284,55400,181.9
25961,3140,173600,545.1
25971,3280,55700,182.7
25981,3280,54900,180.1
25991,3284,56400,185.2
26001,3280,54900,180.1
26011,3284,56400,185.2
26021,3280,54800,179.7
26031,3284,56400,185.2
26041,3280,54900,180.1
26051,3284,56300,184.9
26061,3160,143100,452.2
26071,3284,56400,185.2
26081,3280,55100,180.7
26091,3284,55800,183.2
26101,3284,55400,181.9
26111,3284,55800,183.2
26121,3280,55600,182.4
26131,3280,54900,180.1
26141,3284,56300,184.9
26151,3280,54900,180.1
26161,3164,143900,455.3
26171,3280,54900,180.1
26181,3284,56400,185.2
26191,3280,54800,179.7
26201,3284,56400,185.2
26211,3280,54900,180.1
26221,3284,56400,185.2
26231,3280,55000,180.4
26241,3280,55800,183.0
26251,3284,55400,181.9
26261,3280,55800,183.0
26271,3144,160500,504.6
26281,3280,55000,180.4
26291,3284,56300,184.9
26301,3280,54800,179.7
26311,3284,56400,185.2
26321,3280,54800,179.7
26331,3284,56400,185.2
26341,3280,54900,180.1
26351,3284,56400,185.2
26361,3280,54900,180.1
26371,3284,56400,185.2
26381,3280,144900,475.3
26391,3280,55800,183.0
26401,3280,55400,181.7
26411,3280,55800,183.0
26421,3280,55400,181.7
26431,3284,55000,180.6
26441,3284,56300,184.9
26451,3280,54800,179.7
26461,3284,56400,185.2
26471,3280,54900,180.1
26481,3280,119900,393.3
26491,3280,54900,180.1
26501,3284,56400,185.2
26511,3280,54800,179.7
26521,3280,56400,185.0
26531,3280,54800,179.7
26541,3280,55900,183.4
26551,3280,55400,181.7
26561,3280,55700,182.7
26571,3284,55500,182.3
26581,3280,55100,180.7
26591,3168,176200,558.2
26601,3284,54900,180.3
26611,3284,56300,184.9
26621,3280,54800,179.7
26631,3284,56400,185.2
26641,3280,54800,179.7
26651,3284,56300,184.9
26661,3280,54800,179.7
26671,3284,56400,185.2
26681,3284,54800,180.0
26691,3164,143400,453.7
26701,3284,55400,181.9
26711,3280,55800,183.0
26721,3280,55500,182.0
26731,3280,55100,180.7
26741,3280,56200,184.3
26751,3280,54900,180.1
26761,3284,56300,184.9
26771,3280,54800,179.7
26781,3284,56400,185.2
26791,3280,54800,179.7
26801,3176,178800,567.9
26811,3280,54900,180.1
26821,3284,56400,185.2
26831,3280,54800,179.7
26841,3284,55900,183.6
26851,3280,55300,181.4
26861,3284,55800,183.2
26871,3280,55500,182.0
26881,3280,55200,181.1
26891,3284,56200,184.6
26901,3280,54800,179.7
26911,3168,140700,445.7
26921,3284,54800,180.0
26931,3280,56300,184.7
26941,3280,54800,179.7
26951,3284,56400,185.2
26961,3280,54800,179.7
26971,3284,56400,185.2
26981,3280,54900,180.1
26991,3284,56000,183.9
27001,3280,55400,181.7
27011,3284,55700,182.9
27021,3104,134700,418.1
27031,3280,55500,182.0
27041,3284,56000,183.9
27051,3280,54900,180.1
27061,3284,56400,185.2
27071,3280,54800,179.7
27081,3284,56400,185.2
27091,3280,54800,179.7
27101,3284,56400,185.2
27111,3280,54800,179.7
27121,3284,56400,185.2
27131,3276,155300,508.8
27141,3284,56100,184.2
27151,3284,55300,181.6
27161,3280,55800,183.0
27171,3280,55500,182.0
27181,3284,55700,182.9
27191,3284,55900,183.6
27201,3280,54900,180.1
27211,3284,56300,184.9
27221,3280,54800,179.7
27231,3112,98700,307.2
27241,3280,54900,180.1
27251,3280,56400,185.0
27261,3280,54800,179.7
27271,3284,56400,185.2
27281,3280,54800,179.7
27291,3284,56300,184.9
27301,3280,55200,181.1
27311,3284,55800,183.2
27321,3280,55500,182.0
27331,3144,159500,501.5
27341,3284,55700,182.9
27351,3280,54900,180.1
27361,3284,56400,185.2
27371,3280,54900,180.1
27381,3284,56400,185.2
27391,3280,54900,180.1
27401,3284,56400,185.2
27411,3280,54800,179.7
27421,3284,56400,185.2
27431,3160,142800,451.2
27441,3280,56300,184.7
27451,3280,55100,180.7
27461,3284,55800,183.2
27471,3284,55400,181.9
27481,3280,55800,183.0
27491,3280,55600,182.4
27501,3280,54900,180.1
27511,3284,56300,184.9
27521,3280,54800,179.7
27531,3284,56400,185.2
27541,3168,181900,576.3
27551,3284,56400,185.2
27561,3280,54900,180.1
27571,3284,56400,185.2
27581,3280,54900,180.1
27591,3284,56400,185.2
27601,3284,55000,180.6
27611,3280,55800,183.0
27621,3280,55500,182.0
27631,3284,55800,183.2
27641,3284,55500,182.3
27651,3280,55100,180.7
27661,3284,56400,185.2
27671,3280,54900,180.1
27681,3280,56400,185.0
27691,3280,54900,180.1
27701,3284,56400,185.2
27711,3280,54900,180.1
27721,3284,56400,185.2
27731,3280,54800,179.7
27741,3280,56400,185.0
27751,3284,54900,180.3
27761,3284,55800,183.2
27771,3280,55400,181.7
27781,3280,55800,183.0
27791,3280,55400,181.7
27801,3280,55000,180.4
27811,3284,56300,184.9
27821,3280,54800,179.7
27831,3280,56300,184.7
27841,3280,54800,179.7
27851,3284,56400,185.2
27861,3280,54900,180.1
27871,3284,56400,185.2
27881,3280,54800,179.7
27891,3284,56400,185.2
27901,3280,54800,179.7
27911,3284,55800,183.2
27921,3280,55400,181.7
27931,3284,55800,183.2
27941,3284,55500,182.3
27951,3284,55100,180.9
27961,3172,130500,413.9
27971,3280,54900,180.1
27981,3284,56400,185.2
27991,3280,54800,179.7
28001,3280,56400,185.0
28011,3280,54900,180.1
28021,3280,56400,185.0
28031,3284,54800,180.0
28041,3284,56400,185.2
28051,3280,54800,179.7
28061,3280,55900,183.4
28071,3148,157000,494.2
28081,3284,55800,183.2
28091,3280,55400,181.7
28101,3284,55200,181.3
28111,3280,56200,184.3
28121,3280,54800,179.7
28131,3284,56400,185.2
28141,3280,54800,179.7
28151,3284,56400,185.2
28161,3280,54800,179.7
28171,3164,146500,463.5
28181,3280,54900,180.1
28191,3284,56400,185.2
28201,3280,54800,179.7
28211,3284,55900,183.6
28221,3280,55300,181.4
28231,3284,55700,182.9
28241,3284,55400,181.9
28251,3280,55300,181.4
28261,3280,56200,184.3
28271,3280,54900,180.1
28281,3176,135200,429.4
28291,3284,54900,180.3
28301,3284,56400,185.2
28311,3280,54800,179.7
28321,3284,56400,185.2
28331,3280,54800,179.7
28341,3284,56300,184.9
28351,3280,54800,179.7
28361,3284,56000,183.9
28371,3280,55300,181.4
28381,3280,55700,182.7
28391,3104,151300,469.6
28401,3284,55500,182.3
28411,3280,56100,184.0
28421,3280,54800,179.7
28431,3280,56400,185.0
28441,3284,54800,180.0
28451,3280,56400,185.0
28461,3280,54800,179.7
28471,3284,56300,184.9
28481,3280,54800,179.7
28491,3164,145800,461.3
28501,3280,54800,179.7
28511,3284,56100,184.2
28521,3280,55300,181.4
28531,3284,55700,182.9
28541,3280,55400,181.7
28551,3280,55600,182.4
28561,3280,55900,183.4
28571,3280,54900,180.1
28581,3280,56400,185.0
28591,3280,56900,186.6
28601,3284,56500,185.5
28611,3280,54800,179.7
28621,3280,56400,185.0
28631,3280,54900,180.1
28641,3284,56400,185.2
28651,3280,54800,179.7
28661,3284,56200,184.6
28671,3280,55200,181.1
28681,3284,55800,183.2
28691,3280,55400,181.7
28701,3148,154300,485.7
28711,3284,55800,183.2
28721,3280,54900,180.1
28731,3284,56400,185.2
28741,3280,54800,179.7
28751,3284,56300,184.9
28761,3280,54900,180.1
28771,3280,56400,185.0
28781,3280,54800,179.7
28791,3284,56400,185.2
28801,3280,54900,180.1
28811,3144,140700,442.4
28821,3280,55100,180.7
28831,3284,55800,183.2
28841,3280,55400,181.7
28851,3280,55700,182.7
28861,3280,55600,182.4
28871,3284,54900,180.3
28881,3284,56300,184.9
28891,3280,54800,179.7
28901,3284,56300,184.9
28911,3152,165700,522.3
28921,3284,56400,185.2
28931,3280,54800,179.7
28941,3284,56300,184.9
28951,3280,54900,180.1
28961,3284,56400,185.2
28971,3284,55100,180.9
28981,3280,55800,183.0
28991,3284,55500,182.3
29001,3284,55800,183.2
29011,3284,55500,182.3
29021,3280,54900,180.1
29031,3280,56300,184.7
29041,3280,54800,179.7
29051,3284,56400,185.2
29061,3280,54800,179.7
29071,3284,56400,185.2
29081,3280,54800,179.7
29091,3280,56400,185.0
29101,3280,54900,180.1
29111,3284,56400,185.2
29121,3168,138800,439.7
29131,3280,55900,183.4
29141,3284,55400,181.9
29151,3280,55800,183.0
29161,3280,55500,182.0
29171,3280,55000,180.4
29181,3284,56300,184.9
29191,3280,54900,180.1
29201,3284,56300,184.9
29211,3280,54800,179.7
29221,3156,143600,453.2
29231,3280,54900,180.1
29241,3284,56400,185.2
29251,3280,54900,180.1
29261,3284,56400,185.2
29271,3280,54900,180.1
29281,3284,55800,183.2
29291,3284,55400,181.9
29301,3280,55800,183.0
29311,3284,55500,182.3
29321,3260,162700,530.4
29331,3284,56300,184.9
29341,3280,54900,180.1
29351,3284,56400,185.2
29361,3280,54900,180.1
29371,3284,56400,185.2
29381,3280,54800,179.7
29391,3284,56400,185.2
29401,3280,54900,180.1
29411,3284,56400,185.2
29421,3160,55000,173.8
29431,3284,55900,183.6
29441,3280,55400,181.7
29451,3280,55800,183.0
29461,3284,55500,182.3
29471,3284,55200,181.3
29481,3280,56200,184.3
29491,3280,54800,179.7
29501,3280,56400,185.0
29511,3280,54900,180.1
29521,3284,56400,185.2
29531,3156,181900,574.1
29541,3284,56400,185.2
29551,3284,54800,180.0
29561,3284,56400,185.2
29571,3280,54900,180.1
29581,3284,55900,183.6
29591,3284,55400,181.9
29601,3280,55800,183.0
29611,3280,55500,182.0
29621,3284,55300,181.6
29631,3144,140300,441.1
29641,3280,54900,180.1
29651,3284,56400,185.2
29661,3280,54900,180.1
29671,3284,56400,185.2
29681,3280,54900,180.1
29691,3284,56400,185.2
29701,3280,54800,179.7
29711,3284,56400,185.2
29721,3284,54900,180.3
29731,3176,178900,568.2
29741,3280,55400,181.7
29751,3284,55700,182.9
# summary, ms_total=29758, adv_count=300, E_total_mJ=6072.418, E_per_adv_uJ=20241.4
# diag, samples=2975, rate_hz=99.97, mean_v=3.272, mean_i=62.600, mean_p_mW=204.1, parse_drop=0
