prog_id,ms,event,rssi,addr,mfd
# meta, firmware=RX_DeltaE_Sweep, program_id=RX_DELTAE_SWEEP_20260115, trial_index=14, scan_interval_ms=100, scan_window_ms=90, active_scan=0, dup_filter=0, buf_size=512, build=Jan 19 2026 16:22:49
RX_DELTAE_SWEEP_20260115,44,ADV,-48,e0:5a:1b:15:b2:ee,MF0000
RX_DELTAE_SWEEP_20260115,138,ADV,-43,e0:5a:1b:15:b2:ee,MF0000
RX_DELTAE_SWEEP_20260115,241,ADV,-43,e0:5a:1b:15:b2:ee,MF0000
RX_DELTAE_SWEEP_20260115,344,ADV,-48,e0:5a:1b:15:b2:ee,MF0000
RX_DELTAE_SWEEP_20260115,439,ADV,-42,e0:5a:1b:15:b2:ee,MF0001
RX_DELTAE_SWEEP_20260115,541,ADV,-42,e0:5a:1b:15:b2:ee,MF0002
RX_DELTAE_SWEEP_20260115,642,ADV,-48,e0:5a:1b:15:b2:ee,MF0003
RX_DELTAE_SWEEP_20260115,738,ADV,-42,e0:5a:1b:15:b2:ee,MF0004
RX_DELTAE_SWEEP_20260115,840,ADV,-42,e0:5a:1b:15:b2:ee,MF0005
RX_DELTAE_SWEEP_20260115,942,ADV,-48,e0:5a:1b:15:b2:ee,MF0006
RX_DELTAE_SWEEP_20260115,1042,ADV,-43,e0:5a:1b:15:b2:ee,MF0007
RX_DELTAE_SWEEP_20260115,1156,ADV,-44,e0:5a:1b:15:b2:ee,MF0008
RX_DELTAE_SWEEP_20260115,1257,ADV,-49,e0:5a:1b:15:b2:ee,MF0009
RX_DELTAE_SWEEP_20260115,1339,ADV,-42,e0:5a:1b:15:b2:ee,MF000A
RX_DELTAE_SWEEP_20260115,1440,ADV,-45,e0:5a:1b:15:b2:ee,MF000B
RX_DELTAE_SWEEP_20260115,1542,ADV,-48,e0:5a:1b:15:b2:ee,MF000C
RX_DELTAE_SWEEP_20260115,1646,ADV,-42,e0:5a:1b:15:b2:ee,MF000D
RX_DELTAE_SWEEP_20260115,1740,ADV,-43,e0:5a:1b:15:b2:ee,MF000E
RX_DELTAE_SWEEP_20260115,1851,ADV,-49,e0:5a:1b:15:b2:ee,MF000F
RX_DELTAE_SWEEP_20260115,1947,ADV,-42,e0:5a:1b:15:b2:ee,MF0010
RX_DELTAE_SWEEP_20260115,2040,ADV,-45,e0:5a:1b:15:b2:ee,MF0011
RX_DELTAE_SWEEP_20260115,2142,ADV,-50,e0:5a:1b:15:b2:ee,MF0012
RX_DELTAE_SWEEP_20260115,2239,ADV,-43,e0:5a:1b:15:b2:ee,MF0013
RX_DELTAE_SWEEP_20260115,2355,ADV,-43,e0:5a:1b:15:b2:ee,MF0014
RX_DELTAE_SWEEP_20260115,2442,ADV,-49,e0:5a:1b:15:b2:ee,MF0015
RX_DELTAE_SWEEP_20260115,2539,ADV,-43,e0:5a:1b:15:b2:ee,MF0016
RX_DELTAE_SWEEP_20260115,2640,ADV,-45,e0:5a:1b:15:b2:ee,MF0017
RX_DELTAE_SWEEP_20260115,2751,ADV,-49,e0:5a:1b:15:b2:ee,MF0018
RX_DELTAE_SWEEP_20260115,2847,ADV,-44,e0:5a:1b:15:b2:ee,MF0019
RX_DELTAE_SWEEP_20260115,2940,ADV,-45,e0:5a:1b:15:b2:ee,MF001A
RX_DELTAE_SWEEP_20260115,3044,ADV,-50,e0:5a:1b:15:b2:ee,MF001B
RX_DELTAE_SWEEP_20260115,3139,ADV,-43,e0:5a:1b:15:b2:ee,MF001C
RX_DELTAE_SWEEP_20260115,3244,ADV,-44,e0:5a:1b:15:b2:ee,MF001D
RX_DELTAE_SWEEP_20260115,3353,ADV,-49,e0:5a:1b:15:b2:ee,MF001E
RX_DELTAE_SWEEP_20260115,3440,ADV,-43,e0:5a:1b:15:b2:ee,MF001F
RX_DELTAE_SWEEP_20260115,3548,ADV,-43,e0:5a:1b:15:b2:ee,MF0020
RX_DELTAE_SWEEP_20260115,3641,ADV,-49,e0:5a:1b:15:b2:ee,MF0021
RX_DELTAE_SWEEP_20260115,3744,ADV,-43,e0:5a:1b:15:b2:ee,MF0022
RX_DELTAE_SWEEP_20260115,3843,ADV,-44,e0:5a:1b:15:b2:ee,MF0023
RX_DELTAE_SWEEP_20260115,3941,ADV,-49,e0:5a:1b:15:b2:ee,MF0024
RX_DELTAE_SWEEP_20260115,4038,ADV,-43,e0:5a:1b:15:b2:ee,MF0025
RX_DELTAE_SWEEP_20260115,4140,ADV,-43,e0:5a:1b:15:b2:ee,MF0026
RX_DELTAE_SWEEP_20260115,4255,ADV,-50,e0:5a:1b:15:b2:ee,MF0027
RX_DELTAE_SWEEP_20260115,4338,ADV,-44,e0:5a:1b:15:b2:ee,MF0028
RX_DELTAE_SWEEP_20260115,4440,ADV,-44,e0:5a:1b:15:b2:ee,MF0029
RX_DELTAE_SWEEP_20260115,4541,ADV,-50,e0:5a:1b:15:b2:ee,MF002A
RX_DELTAE_SWEEP_20260115,4656,ADV,-45,e0:5a:1b:15:b2:ee,MF002B
RX_DELTAE_SWEEP_20260115,4740,ADV,-43,e0:5a:1b:15:b2:ee,MF002C
RX_DELTAE_SWEEP_20260115,4841,ADV,-49,e0:5a:1b:15:b2:ee,MF002D
RX_DELTAE_SWEEP_20260115,5041,ADV,-43,e0:5a:1b:15:b2:ee,MF002F
RX_DELTAE_SWEEP_20260115,5141,ADV,-48,e0:5a:1b:15:b2:ee,MF0030
RX_DELTAE_SWEEP_20260115,5240,ADV,-44,e0:5a:1b:15:b2:ee,MF0031
RX_DELTAE_SWEEP_20260115,5342,ADV,-44,e0:5a:1b:15:b2:ee,MF0032
RX_DELTAE_SWEEP_20260115,5441,ADV,-50,e0:5a:1b:15:b2:ee,MF0033
RX_DELTAE_SWEEP_20260115,5538,ADV,-43,e0:5a:1b:15:b2:ee,MF0034
RX_DELTAE_SWEEP_20260115,5640,ADV,-42,e0:5a:1b:15:b2:ee,MF0035
RX_DELTAE_SWEEP_20260115,5741,ADV,-50,e0:5a:1b:15:b2:ee,MF0036
RX_DELTAE_SWEEP_20260115,5842,ADV,-44,e0:5a:1b:15:b2:ee,MF0037
RX_DELTAE_SWEEP_20260115,5940,ADV,-43,e0:5a:1b:15:b2:ee,MF0038
RX_DELTAE_SWEEP_20260115,6138,ADV,-44,e0:5a:1b:15:b2:ee,MF003A
RX_DELTAE_SWEEP_20260115,6242,ADV,-43,e0:5a:1b:15:b2:ee,MF003B
RX_DELTAE_SWEEP_20260115,6353,ADV,-49,e0:5a:1b:15:b2:ee,MF003C
RX_DELTAE_SWEEP_20260115,6443,ADV,-43,e0:5a:1b:15:b2:ee,MF003D
RX_DELTAE_SWEEP_20260115,6540,ADV,-43,e0:5a:1b:15:b2:ee,MF003E
RX_DELTAE_SWEEP_20260115,6641,ADV,-48,e0:5a:1b:15:b2:ee,MF003F
RX_DELTAE_SWEEP_20260115,6842,ADV,-43,e0:5a:1b:15:b2:ee,MF0041
RX_DELTAE_SWEEP_20260115,6954,ADV,-50,e0:5a:1b:15:b2:ee,MF0042
RX_DELTAE_SWEEP_20260115,7047,ADV,-46,e0:5a:1b:15:b2:ee,MF0043
RX_DELTAE_SWEEP_20260115,7142,ADV,-43,e0:5a:1b:15:b2:ee,MF0044
RX_DELTAE_SWEEP_20260115,7241,ADV,-50,e0:5a:1b:15:b2:ee,MF0045
RX_DELTAE_SWEEP_20260115,7338,ADV,-44,e0:5a:1b:15:b2:ee,MF0046
RX_DELTAE_SWEEP_20260115,7446,ADV,-43,e0:5a:1b:15:b2:ee,MF0047
RX_DELTAE_SWEEP_20260115,7541,ADV,-49,e0:5a:1b:15:b2:ee,MF0048
RX_DELTAE_SWEEP_20260115,7638,ADV,-45,e0:5a:1b:15:b2:ee,MF0049
RX_DELTAE_SWEEP_20260115,7746,ADV,-43,e0:5a:1b:15:b2:ee,MF004A
RX_DELTAE_SWEEP_20260115,7847,ADV,-50,e0:5a:1b:15:b2:ee,MF004B
RX_DELTAE_SWEEP_20260115,7943,ADV,-43,e0:5a:1b:15:b2:ee,MF004C
RX_DELTAE_SWEEP_20260115,8040,ADV,-44,e0:5a:1b:15:b2:ee,MF004D
RX_DELTAE_SWEEP_20260115,8165,ADV,-49,e0:5a:1b:15:b2:ee,MF004E
RX_DELTAE_SWEEP_20260115,8238,ADV,-43,e0:5a:1b:15:b2:ee,MF004F
RX_DELTAE_SWEEP_20260115,8355,ADV,-43,e0:5a:1b:15:b2:ee,MF0050
RX_DELTAE_SWEEP_20260115,8450,ADV,-49,e0:5a:1b:15:b2:ee,MF0051
RX_DELTAE_SWEEP_20260115,8538,ADV,-43,e0:5a:1b:15:b2:ee,MF0052
RX_DELTAE_SWEEP_20260115,8741,ADV,-49,e0:5a:1b:15:b2:ee,MF0054
RX_DELTAE_SWEEP_20260115,8838,ADV,-43,e0:5a:1b:15:b2:ee,MF0055
RX_DELTAE_SWEEP_20260115,8946,ADV,-43,e0:5a:1b:15:b2:ee,MF0056
RX_DELTAE_SWEEP_20260115,9041,ADV,-49,e0:5a:1b:15:b2:ee,MF0057
RX_DELTAE_SWEEP_20260115,9244,ADV,-43,e0:5a:1b:15:b2:ee,MF0059
RX_DELTAE_SWEEP_20260115,9344,ADV,-49,e0:5a:1b:15:b2:ee,MF005A
RX_DELTAE_SWEEP_20260115,9438,ADV,-43,e0:5a:1b:15:b2:ee,MF005B
RX_DELTAE_SWEEP_20260115,9540,ADV,-43,e0:5a:1b:15:b2:ee,MF005C
RX_DELTAE_SWEEP_20260115,9648,ADV,-49,e0:5a:1b:15:b2:ee,MF005D
RX_DELTAE_SWEEP_20260115,9738,ADV,-43,e0:5a:1b:15:b2:ee,MF005E
RX_DELTAE_SWEEP_20260115,9858,ADV,-43,e0:5a:1b:15:b2:ee,MF005F
RX_DELTAE_SWEEP_20260115,9948,ADV,-49,e0:5a:1b:15:b2:ee,MF0060
RX_DELTAE_SWEEP_20260115,10038,ADV,-43,e0:5a:1b:15:b2:ee,MF0061
RX_DELTAE_SWEEP_20260115,10144,ADV,-43,e0:5a:1b:15:b2:ee,MF0062
RX_DELTAE_SWEEP_20260115,10265,ADV,-49,e0:5a:1b:15:b2:ee,MF0063
RX_DELTAE_SWEEP_20260115,10342,ADV,-42,e0:5a:1b:15:b2:ee,MF0064
RX_DELTAE_SWEEP_20260115,10440,ADV,-44,e0:5a:1b:15:b2:ee,MF0065
RX_DELTAE_SWEEP_20260115,10551,ADV,-49,e0:5a:1b:15:b2:ee,MF0066
RX_DELTAE_SWEEP_20260115,10638,ADV,-43,e0:5a:1b:15:b2:ee,MF0067
RX_DELTAE_SWEEP_20260115,10741,ADV,-45,e0:5a:1b:15:b2:ee,MF0068
RX_DELTAE_SWEEP_20260115,10846,ADV,-48,e0:5a:1b:15:b2:ee,MF0069
RX_DELTAE_SWEEP_20260115,11148,ADV,-49,e0:5a:1b:15:b2:ee,MF006C
RX_DELTAE_SWEEP_20260115,11246,ADV,-45,e0:5a:1b:15:b2:ee,MF006D
RX_DELTAE_SWEEP_20260115,11340,ADV,-44,e0:5a:1b:15:b2:ee,MF006E
RX_DELTAE_SWEEP_20260115,11441,ADV,-49,e0:5a:1b:15:b2:ee,MF006F
RX_DELTAE_SWEEP_20260115,11539,ADV,-43,e0:5a:1b:15:b2:ee,MF0070
RX_DELTAE_SWEEP_20260115,11640,ADV,-43,e0:5a:1b:15:b2:ee,MF0071
RX_DELTAE_SWEEP_20260115,11741,ADV,-50,e0:5a:1b:15:b2:ee,MF0072
RX_DELTAE_SWEEP_20260115,11843,ADV,-43,e0:5a:1b:15:b2:ee,MF0073
RX_DELTAE_SWEEP_20260115,12043,ADV,-49,e0:5a:1b:15:b2:ee,MF0075
RX_DELTAE_SWEEP_20260115,12138,ADV,-43,e0:5a:1b:15:b2:ee,MF0076
RX_DELTAE_SWEEP_20260115,12240,ADV,-44,e0:5a:1b:15:b2:ee,MF0077
RX_DELTAE_SWEEP_20260115,12341,ADV,-49,e0:5a:1b:15:b2:ee,MF0078
RX_DELTAE_SWEEP_20260115,12540,ADV,-43,e0:5a:1b:15:b2:ee,MF007A
RX_DELTAE_SWEEP_20260115,12641,ADV,-48,e0:5a:1b:15:b2:ee,MF007B
RX_DELTAE_SWEEP_20260115,12738,ADV,-43,e0:5a:1b:15:b2:ee,MF007C
RX_DELTAE_SWEEP_20260115,12845,ADV,-43,e0:5a:1b:15:b2:ee,MF007D
RX_DELTAE_SWEEP_20260115,12942,ADV,-49,e0:5a:1b:15:b2:ee,MF007E
RX_DELTAE_SWEEP_20260115,13041,ADV,-43,e0:5a:1b:15:b2:ee,MF007F
RX_DELTAE_SWEEP_20260115,13148,ADV,-43,e0:5a:1b:15:b2:ee,MF0080
RX_DELTAE_SWEEP_20260115,13243,ADV,-48,e0:5a:1b:15:b2:ee,MF0081
RX_DELTAE_SWEEP_20260115,13339,ADV,-43,e0:5a:1b:15:b2:ee,MF0082
RX_DELTAE_SWEEP_20260115,13446,ADV,-43,e0:5a:1b:15:b2:ee,MF0083
RX_DELTAE_SWEEP_20260115,13542,ADV,-49,e0:5a:1b:15:b2:ee,MF0084
RX_DELTAE_SWEEP_20260115,13639,ADV,-43,e0:5a:1b:15:b2:ee,MF0085
RX_DELTAE_SWEEP_20260115,13740,ADV,-44,e0:5a:1b:15:b2:ee,MF0086
RX_DELTAE_SWEEP_20260115,13862,ADV,-49,e0:5a:1b:15:b2:ee,MF0087
RX_DELTAE_SWEEP_20260115,13939,ADV,-43,e0:5a:1b:15:b2:ee,MF0088
RX_DELTAE_SWEEP_20260115,14042,ADV,-43,e0:5a:1b:15:b2:ee,MF0089
RX_DELTAE_SWEEP_20260115,14149,ADV,-49,e0:5a:1b:15:b2:ee,MF008A
RX_DELTAE_SWEEP_20260115,14239,ADV,-43,e0:5a:1b:15:b2:ee,MF008B
RX_DELTAE_SWEEP_20260115,14356,ADV,-44,e0:5a:1b:15:b2:ee,MF008C
RX_DELTAE_SWEEP_20260115,14445,ADV,-49,e0:5a:1b:15:b2:ee,MF008D
RX_DELTAE_SWEEP_20260115,14539,ADV,-43,e0:5a:1b:15:b2:ee,MF008E
RX_DELTAE_SWEEP_20260115,14640,ADV,-44,e0:5a:1b:15:b2:ee,MF008F
RX_DELTAE_SWEEP_20260115,14742,ADV,-48,e0:5a:1b:15:b2:ee,MF0090
RX_DELTAE_SWEEP_20260115,14842,ADV,-43,e0:5a:1b:15:b2:ee,MF0091
RX_DELTAE_SWEEP_20260115,14950,ADV,-44,e0:5a:1b:15:b2:ee,MF0092
RX_DELTAE_SWEEP_20260115,15042,ADV,-49,e0:5a:1b:15:b2:ee,MF0093
RX_DELTAE_SWEEP_20260115,15142,ADV,-43,e0:5a:1b:15:b2:ee,MF0094
RX_DELTAE_SWEEP_20260115,15240,ADV,-44,e0:5a:1b:15:b2:ee,MF0095
RX_DELTAE_SWEEP_20260115,15351,ADV,-49,e0:5a:1b:15:b2:ee,MF0096
RX_DELTAE_SWEEP_20260115,15439,ADV,-43,e0:5a:1b:15:b2:ee,MF0097
RX_DELTAE_SWEEP_20260115,15541,ADV,-43,e0:5a:1b:15:b2:ee,MF0098
RX_DELTAE_SWEEP_20260115,15642,ADV,-49,e0:5a:1b:15:b2:ee,MF0099
RX_DELTAE_SWEEP_20260115,15739,ADV,-43,e0:5a:1b:15:b2:ee,MF009A
RX_DELTAE_SWEEP_20260115,15840,ADV,-44,e0:5a:1b:15:b2:ee,MF009B
RX_DELTAE_SWEEP_20260115,15952,ADV,-49,e0:5a:1b:15:b2:ee,MF009C
RX_DELTAE_SWEEP_20260115,16142,ADV,-44,e0:5a:1b:15:b2:ee,MF009E
RX_DELTAE_SWEEP_20260115,16241,ADV,-49,e0:5a:1b:15:b2:ee,MF009F
RX_DELTAE_SWEEP_20260115,16338,ADV,-43,e0:5a:1b:15:b2:ee,MF00A0
RX_DELTAE_SWEEP_20260115,16440,ADV,-43,e0:5a:1b:15:b2:ee,MF00A1
RX_DELTAE_SWEEP_20260115,16544,ADV,-48,e0:5a:1b:15:b2:ee,MF00A2
RX_DELTAE_SWEEP_20260115,16651,ADV,-43,e0:5a:1b:15:b2:ee,MF00A3
RX_DELTAE_SWEEP_20260115,16740,ADV,-43,e0:5a:1b:15:b2:ee,MF00A4
RX_DELTAE_SWEEP_20260115,16841,ADV,-49,e0:5a:1b:15:b2:ee,MF00A5
RX_DELTAE_SWEEP_20260115,16938,ADV,-43,e0:5a:1b:15:b2:ee,MF00A6
RX_DELTAE_SWEEP_20260115,17149,ADV,-50,e0:5a:1b:15:b2:ee,MF00A8
RX_DELTAE_SWEEP_20260115,17238,ADV,-43,e0:5a:1b:15:b2:ee,MF00A9
RX_DELTAE_SWEEP_20260115,17340,ADV,-45,e0:5a:1b:15:b2:ee,MF00AA
RX_DELTAE_SWEEP_20260115,17441,ADV,-48,e0:5a:1b:15:b2:ee,MF00AB
RX_DELTAE_SWEEP_20260115,17640,ADV,-43,e0:5a:1b:15:b2:ee,MF00AD
RX_DELTAE_SWEEP_20260115,17741,ADV,-50,e0:5a:1b:15:b2:ee,MF00AE
RX_DELTAE_SWEEP_20260115,17838,ADV,-43,e0:5a:1b:15:b2:ee,MF00AF
RX_DELTAE_SWEEP_20260115,17951,ADV,-43,e0:5a:1b:15:b2:ee,MF00B0
RX_DELTAE_SWEEP_20260115,18061,ADV,-50,e0:5a:1b:15:b2:ee,MF00B1
RX_DELTAE_SWEEP_20260115,18138,ADV,-43,e0:5a:1b:15:b2:ee,MF00B2
RX_DELTAE_SWEEP_20260115,18251,ADV,-45,e0:5a:1b:15:b2:ee,MF00B3
RX_DELTAE_SWEEP_20260115,18356,ADV,-49,e0:5a:1b:15:b2:ee,MF00B4
RX_DELTAE_SWEEP_20260115,18439,ADV,-43,e0:5a:1b:15:b2:ee,MF00B5
RX_DELTAE_SWEEP_20260115,18541,ADV,-43,e0:5a:1b:15:b2:ee,MF00B6
RX_DELTAE_SWEEP_20260115,18644,ADV,-49,e0:5a:1b:15:b2:ee,MF00B7
RX_DELTAE_SWEEP_20260115,18738,ADV,-43,e0:5a:1b:15:b2:ee,MF00B8
RX_DELTAE_SWEEP_20260115,18840,ADV,-45,e0:5a:1b:15:b2:ee,MF00B9
RX_DELTAE_SWEEP_20260115,18947,ADV,-49,e0:5a:1b:15:b2:ee,MF00BA
RX_DELTAE_SWEEP_20260115,19038,ADV,-43,e0:5a:1b:15:b2:ee,MF00BB
RX_DELTAE_SWEEP_20260115,19165,ADV,-44,e0:5a:1b:15:b2:ee,MF00BC
RX_DELTAE_SWEEP_20260115,19241,ADV,-49,e0:5a:1b:15:b2:ee,MF00BD
RX_DELTAE_SWEEP_20260115,19338,ADV,-43,e0:5a:1b:15:b2:ee,MF00BE
RX_DELTAE_SWEEP_20260115,19440,ADV,-44,e0:5a:1b:15:b2:ee,MF00BF
RX_DELTAE_SWEEP_20260115,19548,ADV,-49,e0:5a:1b:15:b2:ee,MF00C0
RX_DELTAE_SWEEP_20260115,19642,ADV,-43,e0:5a:1b:15:b2:ee,MF00C1
RX_DELTAE_SWEEP_20260115,19740,ADV,-44,e0:5a:1b:15:b2:ee,MF00C2
RX_DELTAE_SWEEP_20260115,19841,ADV,-49,e0:5a:1b:15:b2:ee,MF00C3
RX_DELTAE_SWEEP_20260115,20040,ADV,-44,e0:5a:1b:15:b2:ee,MF00C5
RX_DELTAE_SWEEP_20260115,20154,ADV,-47,e0:5a:1b:15:b2:ee,MF00C6
RX_DELTAE_SWEEP_20260115,20251,ADV,-43,e0:5a:1b:15:b2:ee,MF00C7
RX_DELTAE_SWEEP_20260115,20340,ADV,-44,e0:5a:1b:15:b2:ee,MF00C8
RX_DELTAE_SWEEP_20260115,20441,ADV,-49,e0:5a:1b:15:b2:ee,MF00C9
RX_DELTAE_SWEEP_20260115,20538,ADV,-43,e0:5a:1b:15:b2:ee,MF00CA
RX_DELTAE_SWEEP_20260115,20640,ADV,-44,e0:5a:1b:15:b2:ee,MF00CB
RX_DELTAE_SWEEP_20260115,20745,ADV,-49,e0:5a:1b:15:b2:ee,MF00CC
RX_DELTAE_SWEEP_20260115,20940,ADV,-43,e0:5a:1b:15:b2:ee,MF00CE
RX_DELTAE_SWEEP_20260115,21043,ADV,-49,e0:5a:1b:15:b2:ee,MF00CF
RX_DELTAE_SWEEP_20260115,21138,ADV,-43,e0:5a:1b:15:b2:ee,MF00D0
RX_DELTAE_SWEEP_20260115,21240,ADV,-43,e0:5a:1b:15:b2:ee,MF00D1
RX_DELTAE_SWEEP_20260115,21341,ADV,-49,e0:5a:1b:15:b2:ee,MF00D2
RX_DELTAE_SWEEP_20260115,21438,ADV,-43,e0:5a:1b:15:b2:ee,MF00D3
RX_DELTAE_SWEEP_20260115,21555,ADV,-45,e0:5a:1b:15:b2:ee,MF00D4
RX_DELTAE_SWEEP_20260115,21641,ADV,-49,e0:5a:1b:15:b2:ee,MF00D5
RX_DELTAE_SWEEP_20260115,21840,ADV,-43,e0:5a:1b:15:b2:ee,MF00D7
RX_DELTAE_SWEEP_20260115,21941,ADV,-49,e0:5a:1b:15:b2:ee,MF00D8
RX_DELTAE_SWEEP_20260115,22044,ADV,-43,e0:5a:1b:15:b2:ee,MF00D9
RX_DELTAE_SWEEP_20260115,22151,ADV,-45,e0:5a:1b:15:b2:ee,MF00DA
RX_DELTAE_SWEEP_20260115,22243,ADV,-49,e0:5a:1b:15:b2:ee,MF00DB
RX_DELTAE_SWEEP_20260115,22338,ADV,-42,e0:5a:1b:15:b2:ee,MF00DC
RX_DELTAE_SWEEP_20260115,22440,ADV,-44,e0:5a:1b:15:b2:ee,MF00DD
RX_DELTAE_SWEEP_20260115,22541,ADV,-49,e0:5a:1b:15:b2:ee,MF00DE
RX_DELTAE_SWEEP_20260115,22638,ADV,-43,e0:5a:1b:15:b2:ee,MF00DF
RX_DELTAE_SWEEP_20260115,22748,ADV,-44,e0:5a:1b:15:b2:ee,MF00E0
RX_DELTAE_SWEEP_20260115,22841,ADV,-49,e0:5a:1b:15:b2:ee,MF00E1
RX_DELTAE_SWEEP_20260115,22938,ADV,-42,e0:5a:1b:15:b2:ee,MF00E2
RX_DELTAE_SWEEP_20260115,23043,ADV,-43,e0:5a:1b:15:b2:ee,MF00E3
RX_DELTAE_SWEEP_20260115,23143,ADV,-48,e0:5a:1b:15:b2:ee,MF00E4
RX_DELTAE_SWEEP_20260115,23340,ADV,-45,e0:5a:1b:15:b2:ee,MF00E6
RX_DELTAE_SWEEP_20260115,23448,ADV,-49,e0:5a:1b:15:b2:ee,MF00E7
RX_DELTAE_SWEEP_20260115,23538,ADV,-44,e0:5a:1b:15:b2:ee,MF00E8
RX_DELTAE_SWEEP_20260115,23643,ADV,-45,e0:5a:1b:15:b2:ee,MF00E9
RX_DELTAE_SWEEP_20260115,23741,ADV,-49,e0:5a:1b:15:b2:ee,MF00EA
RX_DELTAE_SWEEP_20260115,23845,ADV,-43,e0:5a:1b:15:b2:ee,MF00EB
RX_DELTAE_SWEEP_20260115,23940,ADV,-45,e0:5a:1b:15:b2:ee,MF00EC
RX_DELTAE_SWEEP_20260115,24045,ADV,-48,e0:5a:1b:15:b2:ee,MF00ED
RX_DELTAE_SWEEP_20260115,24138,ADV,-42,e0:5a:1b:15:b2:ee,MF00EE
RX_DELTAE_SWEEP_20260115,24245,ADV,-45,e0:5a:1b:15:b2:ee,MF00EF
RX_DELTAE_SWEEP_20260115,24353,ADV,-49,e0:5a:1b:15:b2:ee,MF00F0
RX_DELTAE_SWEEP_20260115,24438,ADV,-43,e0:5a:1b:15:b2:ee,MF00F1
RX_DELTAE_SWEEP_20260115,24540,ADV,-44,e0:5a:1b:15:b2:ee,MF00F2
RX_DELTAE_SWEEP_20260115,24660,ADV,-48,e0:5a:1b:15:b2:ee,MF00F3
RX_DELTAE_SWEEP_20260115,24740,ADV,-43,e0:5a:1b:15:b2:ee,MF00F4
RX_DELTAE_SWEEP_20260115,24844,ADV,-46,e0:5a:1b:15:b2:ee,MF00F5
RX_DELTAE_SWEEP_20260115,24943,ADV,-48,e0:5a:1b:15:b2:ee,MF00F6
RX_DELTAE_SWEEP_20260115,25140,ADV,-44,e0:5a:1b:15:b2:ee,MF00F8
RX_DELTAE_SWEEP_20260115,25246,ADV,-48,e0:5a:1b:15:b2:ee,MF00F9
RX_DELTAE_SWEEP_20260115,25338,ADV,-43,e0:5a:1b:15:b2:ee,MF00FA
RX_DELTAE_SWEEP_20260115,25448,ADV,-43,e0:5a:1b:15:b2:ee,MF00FB
RX_DELTAE_SWEEP_20260115,25559,ADV,-49,e0:5a:1b:15:b2:ee,MF00FC
RX_DELTAE_SWEEP_20260115,25639,ADV,-43,e0:5a:1b:15:b2:ee,MF00FD
RX_DELTAE_SWEEP_20260115,25752,ADV,-45,e0:5a:1b:15:b2:ee,MF00FE
RX_DELTAE_SWEEP_20260115,25842,ADV,-49,e0:5a:1b:15:b2:ee,MF00FF
RX_DELTAE_SWEEP_20260115,25965,ADV,-43,e0:5a:1b:15:b2:ee,MF0100
RX_DELTAE_SWEEP_20260115,26144,ADV,-48,e0:5a:1b:15:b2:ee,MF0102
RX_DELTAE_SWEEP_20260115,26239,ADV,-42,e0:5a:1b:15:b2:ee,MF0103
RX_DELTAE_SWEEP_20260115,26340,ADV,-45,e0:5a:1b:15:b2:ee,MF0104
RX_DELTAE_SWEEP_20260115,26442,ADV,-48,e0:5a:1b:15:b2:ee,MF0105
RX_DELTAE_SWEEP_20260115,26541,ADV,-43,e0:5a:1b:15:b2:ee,MF0106
RX_DELTAE_SWEEP_20260115,26648,ADV,-44,e0:5a:1b:15:b2:ee,MF0107
RX_DELTAE_SWEEP_20260115,26742,ADV,-49,e0:5a:1b:15:b2:ee,MF0108
RX_DELTAE_SWEEP_20260115,26839,ADV,-43,e0:5a:1b:15:b2:ee,MF0109
RX_DELTAE_SWEEP_20260115,26945,ADV,-43,e0:5a:1b:15:b2:ee,MF010A
RX_DELTAE_SWEEP_20260115,27045,ADV,-48,e0:5a:1b:15:b2:ee,MF010B
RX_DELTAE_SWEEP_20260115,27147,ADV,-43,e0:5a:1b:15:b2:ee,MF010C
RX_DELTAE_SWEEP_20260115,27240,ADV,-44,e0:5a:1b:15:b2:ee,MF010D
RX_DELTAE_SWEEP_20260115,27342,ADV,-48,e0:5a:1b:15:b2:ee,MF010E
RX_DELTAE_SWEEP_20260115,27439,ADV,-43,e0:5a:1b:15:b2:ee,MF010F
RX_DELTAE_SWEEP_20260115,27540,ADV,-44,e0:5a:1b:15:b2:ee,MF0110
RX_DELTAE_SWEEP_20260115,27643,ADV,-48,e0:5a:1b:15:b2:ee,MF0111
RX_DELTAE_SWEEP_20260115,27742,ADV,-45,e0:5a:1b:15:b2:ee,MF0112
RX_DELTAE_SWEEP_20260115,27840,ADV,-45,e0:5a:1b:15:b2:ee,MF0113
RX_DELTAE_SWEEP_20260115,27942,ADV,-48,e0:5a:1b:15:b2:ee,MF0114
RX_DELTAE_SWEEP_20260115,28052,ADV,-43,e0:5a:1b:15:b2:ee,MF0115
RX_DELTAE_SWEEP_20260115,28140,ADV,-45,e0:5a:1b:15:b2:ee,MF0116
RX_DELTAE_SWEEP_20260115,28242,ADV,-49,e0:5a:1b:15:b2:ee,MF0117
RX_DELTAE_SWEEP_20260115,28342,ADV,-43,e0:5a:1b:15:b2:ee,MF0118
RX_DELTAE_SWEEP_20260115,28448,ADV,-43,e0:5a:1b:15:b2:ee,MF0119
RX_DELTAE_SWEEP_20260115,28551,ADV,-48,e0:5a:1b:15:b2:ee,MF011A
RX_DELTAE_SWEEP_20260115,28740,ADV,-45,e0:5a:1b:15:b2:ee,MF011C
RX_DELTAE_SWEEP_20260115,28841,ADV,-49,e0:5a:1b:15:b2:ee,MF011D
RX_DELTAE_SWEEP_20260115,28938,ADV,-83,e0:5a:1b:15:b2:ee,MF011E
RX_DELTAE_SWEEP_20260115,29041,ADV,-45,e0:5a:1b:15:b2:ee,MF011F
RX_DELTAE_SWEEP_20260115,29238,ADV,-43,e0:5a:1b:15:b2:ee,MF0121
RX_DELTAE_SWEEP_20260115,29340,ADV,-44,e0:5a:1b:15:b2:ee,MF0122
RX_DELTAE_SWEEP_20260115,29441,ADV,-49,e0:5a:1b:15:b2:ee,MF0123
RX_DELTAE_SWEEP_20260115,29541,ADV,-43,e0:5a:1b:15:b2:ee,MF0124
RX_DELTAE_SWEEP_20260115,29647,ADV,-44,e0:5a:1b:15:b2:ee,MF0125
RX_DELTAE_SWEEP_20260115,29745,ADV,-49,e0:5a:1b:15:b2:ee,MF0126
RX_DELTAE_SWEEP_20260115,29838,ADV,-43,e0:5a:1b:15:b2:ee,MF0127
RX_DELTAE_SWEEP_20260115,29946,ADV,-44,e0:5a:1b:15:b2:ee,MF0128
RX_DELTAE_SWEEP_20260115,30042,ADV,-49,e0:5a:1b:15:b2:ee,MF0129
RX_DELTAE_SWEEP_20260115,30138,ADV,-43,e0:5a:1b:15:b2:ee,MF012A
RX_DELTAE_SWEEP_20260115,30240,ADV,-45,e0:5a:1b:15:b2:ee,MF012B
RX_DELTAE_SWEEP_20260115,30365,ADV,-50,e0:5a:1b:15:b2:ee,MF012C
RX_DELTAE_SWEEP_20260115,30438,ADV,-43,e0:5a:1b:15:b2:ee,MF012D
RX_DELTAE_SWEEP_20260115,30540,ADV,-43,e0:5a:1b:15:b2:ee,MF012E
RX_DELTAE_SWEEP_20260115,30641,ADV,-49,e0:5a:1b:15:b2:ee,MF012F
RX_DELTAE_SWEEP_20260115,30738,ADV,-45,e0:5a:1b:15:b2:ee,MF0130
RX_DELTAE_SWEEP_20260115,30840,ADV,-45,e0:5a:1b:15:b2:ee,MF0131
RX_DELTAE_SWEEP_20260115,30951,ADV,-49,e0:5a:1b:15:b2:ee,MF0132
RX_DELTAE_SWEEP_20260115,31038,ADV,-44,e0:5a:1b:15:b2:ee,MF0133
RX_DELTAE_SWEEP_20260115,31145,ADV,-43,e0:5a:1b:15:b2:ee,MF0134
RX_DELTAE_SWEEP_20260115,31241,ADV,-50,e0:5a:1b:15:b2:ee,MF0135
RX_DELTAE_SWEEP_20260115,31341,ADV,-43,e0:5a:1b:15:b2:ee,MF0136
RX_DELTAE_SWEEP_20260115,31440,ADV,-43,e0:5a:1b:15:b2:ee,MF0137
RX_DELTAE_SWEEP_20260115,31541,ADV,-49,e0:5a:1b:15:b2:ee,MF0138
RX_DELTAE_SWEEP_20260115,31644,ADV,-43,e0:5a:1b:15:b2:ee,MF0139
RX_DELTAE_SWEEP_20260115,31758,ADV,-43,e0:5a:1b:15:b2:ee,MF013A
RX_DELTAE_SWEEP_20260115,31841,ADV,-49,e0:5a:1b:15:b2:ee,MF013B
RX_DELTAE_SWEEP_20260115,31938,ADV,-45,e0:5a:1b:15:b2:ee,MF013C
RX_DELTAE_SWEEP_20260115,32041,ADV,-44,e0:5a:1b:15:b2:ee,MF013D
RX_DELTAE_SWEEP_20260115,32148,ADV,-49,e0:5a:1b:15:b2:ee,MF013E
RX_DELTAE_SWEEP_20260115,32238,ADV,-43,e0:5a:1b:15:b2:ee,MF013F
RX_DELTAE_SWEEP_20260115,32340,ADV,-45,e0:5a:1b:15:b2:ee,MF0140
RX_DELTAE_SWEEP_20260115,32465,ADV,-49,e0:5a:1b:15:b2:ee,MF0141
RX_DELTAE_SWEEP_20260115,32539,ADV,-43,e0:5a:1b:15:b2:ee,MF0142
RX_DELTAE_SWEEP_20260115,32640,ADV,-45,e0:5a:1b:15:b2:ee,MF0143
RX_DELTAE_SWEEP_20260115,32747,ADV,-48,e0:5a:1b:15:b2:ee,MF0144
RX_DELTAE_SWEEP_20260115,32838,ADV,-43,e0:5a:1b:15:b2:ee,MF0145
RX_DELTAE_SWEEP_20260115,32940,ADV,-43,e0:5a:1b:15:b2:ee,MF0146
RX_DELTAE_SWEEP_20260115,33041,ADV,-49,e0:5a:1b:15:b2:ee,MF0147
RX_DELTAE_SWEEP_20260115,33141,ADV,-43,e0:5a:1b:15:b2:ee,MF0148
RX_DELTAE_SWEEP_20260115,33341,ADV,-49,e0:5a:1b:15:b2:ee,MF014A
RX_DELTAE_SWEEP_20260115,33439,ADV,-43,e0:5a:1b:15:b2:ee,MF014B
RX_DELTAE_SWEEP_20260115,33554,ADV,-45,e0:5a:1b:15:b2:ee,MF014C
RX_DELTAE_SWEEP_20260115,33641,ADV,-50,e0:5a:1b:15:b2:ee,MF014D
RX_DELTAE_SWEEP_20260115,33738,ADV,-43,e0:5a:1b:15:b2:ee,MF014E
RX_DELTAE_SWEEP_20260115,33853,ADV,-44,e0:5a:1b:15:b2:ee,MF014F
RX_DELTAE_SWEEP_20260115,33941,ADV,-49,e0:5a:1b:15:b2:ee,MF0150
RX_DELTAE_SWEEP_20260115,34049,ADV,-43,e0:5a:1b:15:b2:ee,MF0151
RX_DELTAE_SWEEP_20260115,34142,ADV,-44,e0:5a:1b:15:b2:ee,MF0152
RX_DELTAE_SWEEP_20260115,34241,ADV,-49,e0:5a:1b:15:b2:ee,MF0153
RX_DELTAE_SWEEP_20260115,34339,ADV,-43,e0:5a:1b:15:b2:ee,MF0154
RX_DELTAE_SWEEP_20260115,34440,ADV,-43,e0:5a:1b:15:b2:ee,MF0155
RX_DELTAE_SWEEP_20260115,34552,ADV,-50,e0:5a:1b:15:b2:ee,MF0156
RX_DELTAE_SWEEP_20260115,34651,ADV,-43,e0:5a:1b:15:b2:ee,MF0157
RX_DELTAE_SWEEP_20260115,34740,ADV,-45,e0:5a:1b:15:b2:ee,MF0158
RX_DELTAE_SWEEP_20260115,34842,ADV,-49,e0:5a:1b:15:b2:ee,MF0159
RX_DELTAE_SWEEP_20260115,34943,ADV,-43,e0:5a:1b:15:b2:ee,MF015A
RX_DELTAE_SWEEP_20260115,35043,ADV,-43,e0:5a:1b:15:b2:ee,MF015B
RX_DELTAE_SWEEP_20260115,35144,ADV,-49,e0:5a:1b:15:b2:ee,MF015C
RX_DELTAE_SWEEP_20260115,35244,ADV,-44,e0:5a:1b:15:b2:ee,MF015D
RX_DELTAE_SWEEP_20260115,35340,ADV,-44,e0:5a:1b:15:b2:ee,MF015E
RX_DELTAE_SWEEP_20260115,35441,ADV,-49,e0:5a:1b:15:b2:ee,MF015F
RX_DELTAE_SWEEP_20260115,35541,ADV,-43,e0:5a:1b:15:b2:ee,MF0160
RX_DELTAE_SWEEP_20260115,35658,ADV,-43,e0:5a:1b:15:b2:ee,MF0161
RX_DELTAE_SWEEP_20260115,35758,ADV,-50,e0:5a:1b:15:b2:ee,MF0162
RX_DELTAE_SWEEP_20260115,35838,ADV,-44,e0:5a:1b:15:b2:ee,MF0163
RX_DELTAE_SWEEP_20260115,35952,ADV,-45,e0:5a:1b:15:b2:ee,MF0164
RX_DELTAE_SWEEP_20260115,36045,ADV,-49,e0:5a:1b:15:b2:ee,MF0165
RX_DELTAE_SWEEP_20260115,36144,ADV,-43,e0:5a:1b:15:b2:ee,MF0166
RX_DELTAE_SWEEP_20260115,36240,ADV,-45,e0:5a:1b:15:b2:ee,MF0167
RX_DELTAE_SWEEP_20260115,36341,ADV,-49,e0:5a:1b:15:b2:ee,MF0168
RX_DELTAE_SWEEP_20260115,36442,ADV,-45,e0:5a:1b:15:b2:ee,MF0169
RX_DELTAE_SWEEP_20260115,36540,ADV,-45,e0:5a:1b:15:b2:ee,MF016A
RX_DELTAE_SWEEP_20260115,36738,ADV,-43,e0:5a:1b:15:b2:ee,MF016C
RX_DELTAE_SWEEP_20260115,36841,ADV,-43,e0:5a:1b:15:b2:ee,MF016D
RX_DELTAE_SWEEP_20260115,36941,ADV,-48,e0:5a:1b:15:b2:ee,MF016E
RX_DELTAE_SWEEP_20260115,37051,ADV,-43,e0:5a:1b:15:b2:ee,MF016F
RX_DELTAE_SWEEP_20260115,37140,ADV,-45,e0:5a:1b:15:b2:ee,MF0170
RX_DELTAE_SWEEP_20260115,37241,ADV,-49,e0:5a:1b:15:b2:ee,MF0171
RX_DELTAE_SWEEP_20260115,37338,ADV,-44,e0:5a:1b:15:b2:ee,MF0172
RX_DELTAE_SWEEP_20260115,37443,ADV,-45,e0:5a:1b:15:b2:ee,MF0173
RX_DELTAE_SWEEP_20260115,37543,ADV,-49,e0:5a:1b:15:b2:ee,MF0174
RX_DELTAE_SWEEP_20260115,37740,ADV,-45,e0:5a:1b:15:b2:ee,MF0176
RX_DELTAE_SWEEP_20260115,37841,ADV,-49,e0:5a:1b:15:b2:ee,MF0177
RX_DELTAE_SWEEP_20260115,37939,ADV,-43,e0:5a:1b:15:b2:ee,MF0178
RX_DELTAE_SWEEP_20260115,38040,ADV,-43,e0:5a:1b:15:b2:ee,MF0179
RX_DELTAE_SWEEP_20260115,38141,ADV,-49,e0:5a:1b:15:b2:ee,MF017A
RX_DELTAE_SWEEP_20260115,38241,ADV,-44,e0:5a:1b:15:b2:ee,MF017B
RX_DELTAE_SWEEP_20260115,38340,ADV,-43,e0:5a:1b:15:b2:ee,MF017C
RX_DELTAE_SWEEP_20260115,38442,ADV,-49,e0:5a:1b:15:b2:ee,MF017D
RX_DELTAE_SWEEP_20260115,38545,ADV,-44,e0:5a:1b:15:b2:ee,MF017E
RX_DELTAE_SWEEP_20260115,38640,ADV,-45,e0:5a:1b:15:b2:ee,MF017F
RX_DELTAE_SWEEP_20260115,38755,ADV,-49,e0:5a:1b:15:b2:ee,MF0180
RX_DELTAE_SWEEP_20260115,38848,ADV,-44,e0:5a:1b:15:b2:ee,MF0181
RX_DELTAE_SWEEP_20260115,39042,ADV,-49,e0:5a:1b:15:b2:ee,MF0183
RX_DELTAE_SWEEP_20260115,39139,ADV,-43,e0:5a:1b:15:b2:ee,MF0184
RX_DELTAE_SWEEP_20260115,39244,ADV,-45,e0:5a:1b:15:b2:ee,MF0185
RX_DELTAE_SWEEP_20260115,39439,ADV,-43,e0:5a:1b:15:b2:ee,MF0187
RX_DELTAE_SWEEP_20260115,39542,ADV,-44,e0:5a:1b:15:b2:ee,MF0188
RX_DELTAE_SWEEP_20260115,39643,ADV,-49,e0:5a:1b:15:b2:ee,MF0189
RX_DELTAE_SWEEP_20260115,39749,ADV,-44,e0:5a:1b:15:b2:ee,MF018A
RX_DELTAE_SWEEP_20260115,39865,ADV,-43,e0:5a:1b:15:b2:ee,MF018B
RX_DELTAE_SWEEP_20260115,39944,ADV,-49,e0:5a:1b:15:b2:ee,MF018C
RX_DELTAE_SWEEP_20260115,40044,ADV,-43,e0:5a:1b:15:b2:ee,MF018D
RX_DELTAE_SWEEP_20260115,40147,ADV,-45,e0:5a:1b:15:b2:ee,MF018E
RX_DELTAE_SWEEP_20260115,40242,ADV,-49,e0:5a:1b:15:b2:ee,MF018F
RX_DELTAE_SWEEP_20260115,40346,ADV,-43,e0:5a:1b:15:b2:ee,MF0190
RX_DELTAE_SWEEP_20260115,40440,ADV,-45,e0:5a:1b:15:b2:ee,MF0191
RX_DELTAE_SWEEP_20260115,40542,ADV,-49,e0:5a:1b:15:b2:ee,MF0192
RX_DELTAE_SWEEP_20260115,40643,ADV,-43,e0:5a:1b:15:b2:ee,MF0193
RX_DELTAE_SWEEP_20260115,40741,ADV,-45,e0:5a:1b:15:b2:ee,MF0194
RX_DELTAE_SWEEP_20260115,40842,ADV,-49,e0:5a:1b:15:b2:ee,MF0195
RX_DELTAE_SWEEP_20260115,40965,ADV,-43,e0:5a:1b:15:b2:ee,MF0196
RX_DELTAE_SWEEP_20260115,41045,ADV,-44,e0:5a:1b:15:b2:ee,MF0197
RX_DELTAE_SWEEP_20260115,41141,ADV,-49,e0:5a:1b:15:b2:ee,MF0198
RX_DELTAE_SWEEP_20260115,41238,ADV,-43,e0:5a:1b:15:b2:ee,MF0199
RX_DELTAE_SWEEP_20260115,41345,ADV,-45,e0:5a:1b:15:b2:ee,MF019A
RX_DELTAE_SWEEP_20260115,41465,ADV,-48,e0:5a:1b:15:b2:ee,MF019B
RX_DELTAE_SWEEP_20260115,41544,ADV,-43,e0:5a:1b:15:b2:ee,MF019C
RX_DELTAE_SWEEP_20260115,41640,ADV,-45,e0:5a:1b:15:b2:ee,MF019D
RX_DELTAE_SWEEP_20260115,41743,ADV,-49,e0:5a:1b:15:b2:ee,MF019E
RX_DELTAE_SWEEP_20260115,41838,ADV,-43,e0:5a:1b:15:b2:ee,MF019F
RX_DELTAE_SWEEP_20260115,41944,ADV,-45,e0:5a:1b:15:b2:ee,MF01A0
RX_DELTAE_SWEEP_20260115,42041,ADV,-48,e0:5a:1b:15:b2:ee,MF01A1
RX_DELTAE_SWEEP_20260115,42138,ADV,-43,e0:5a:1b:15:b2:ee,MF01A2
RX_DELTAE_SWEEP_20260115,42240,ADV,-44,e0:5a:1b:15:b2:ee,MF01A3
RX_DELTAE_SWEEP_20260115,42341,ADV,-49,e0:5a:1b:15:b2:ee,MF01A4
RX_DELTAE_SWEEP_20260115,42446,ADV,-43,e0:5a:1b:15:b2:ee,MF01A5
RX_DELTAE_SWEEP_20260115,42540,ADV,-44,e0:5a:1b:15:b2:ee,MF01A6
RX_DELTAE_SWEEP_20260115,42664,ADV,-49,e0:5a:1b:15:b2:ee,MF01A7
RX_DELTAE_SWEEP_20260115,42752,ADV,-43,e0:5a:1b:15:b2:ee,MF01A8
RX_DELTAE_SWEEP_20260115,42844,ADV,-45,e0:5a:1b:15:b2:ee,MF01A9
RX_DELTAE_SWEEP_20260115,42947,ADV,-49,e0:5a:1b:15:b2:ee,MF01AA
RX_DELTAE_SWEEP_20260115,43038,ADV,-43,e0:5a:1b:15:b2:ee,MF01AB
RX_DELTAE_SWEEP_20260115,43140,ADV,-44,e0:5a:1b:15:b2:ee,MF01AC
RX_DELTAE_SWEEP_20260115,43241,ADV,-49,e0:5a:1b:15:b2:ee,MF01AD
RX_DELTAE_SWEEP_20260115,43338,ADV,-43,e0:5a:1b:15:b2:ee,MF01AE
RX_DELTAE_SWEEP_20260115,43445,ADV,-45,e0:5a:1b:15:b2:ee,MF01AF
RX_DELTAE_SWEEP_20260115,43551,ADV,-48,e0:5a:1b:15:b2:ee,MF01B0
RX_DELTAE_SWEEP_20260115,43638,ADV,-43,e0:5a:1b:15:b2:ee,MF01B1
RX_DELTAE_SWEEP_20260115,43745,ADV,-45,e0:5a:1b:15:b2:ee,MF01B2
RX_DELTAE_SWEEP_20260115,43853,ADV,-49,e0:5a:1b:15:b2:ee,MF01B3
RX_DELTAE_SWEEP_20260115,43938,ADV,-43,e0:5a:1b:15:b2:ee,MF01B4
RX_DELTAE_SWEEP_20260115,44048,ADV,-45,e0:5a:1b:15:b2:ee,MF01B5
RX_DELTAE_SWEEP_20260115,44141,ADV,-49,e0:5a:1b:15:b2:ee,MF01B6
RX_DELTAE_SWEEP_20260115,44238,ADV,-43,e0:5a:1b:15:b2:ee,MF01B7
RX_DELTAE_SWEEP_20260115,44342,ADV,-44,e0:5a:1b:15:b2:ee,MF01B8
RX_DELTAE_SWEEP_20260115,44447,ADV,-49,e0:5a:1b:15:b2:ee,MF01B9
RX_DELTAE_SWEEP_20260115,44556,ADV,-43,e0:5a:1b:15:b2:ee,MF01BA
RX_DELTAE_SWEEP_20260115,44646,ADV,-44,e0:5a:1b:15:b2:ee,MF01BB
RX_DELTAE_SWEEP_20260115,44741,ADV,-49,e0:5a:1b:15:b2:ee,MF01BC
RX_DELTAE_SWEEP_20260115,44839,ADV,-44,e0:5a:1b:15:b2:ee,MF01BD
RX_DELTAE_SWEEP_20260115,44940,ADV,-45,e0:5a:1b:15:b2:ee,MF01BE
RX_DELTAE_SWEEP_20260115,45065,ADV,-49,e0:5a:1b:15:b2:ee,MF01BF
RX_DELTAE_SWEEP_20260115,45240,ADV,-45,e0:5a:1b:15:b2:ee,MF01C1
RX_DELTAE_SWEEP_20260115,45343,ADV,-49,e0:5a:1b:15:b2:ee,MF01C2
RX_DELTAE_SWEEP_20260115,45438,ADV,-44,e0:5a:1b:15:b2:ee,MF01C3
RX_DELTAE_SWEEP_20260115,45549,ADV,-46,e0:5a:1b:15:b2:ee,MF01C4
RX_DELTAE_SWEEP_20260115,45646,ADV,-49,e0:5a:1b:15:b2:ee,MF01C5
RX_DELTAE_SWEEP_20260115,45738,ADV,-44,e0:5a:1b:15:b2:ee,MF01C6
RX_DELTAE_SWEEP_20260115,45856,ADV,-45,e0:5a:1b:15:b2:ee,MF01C7
RX_DELTAE_SWEEP_20260115,45941,ADV,-49,e0:5a:1b:15:b2:ee,MF01C8
RX_DELTAE_SWEEP_20260115,46043,ADV,-44,e0:5a:1b:15:b2:ee,MF01C9
RX_DELTAE_SWEEP_20260115,46142,ADV,-45,e0:5a:1b:15:b2:ee,MF01CA
RX_DELTAE_SWEEP_20260115,46245,ADV,-49,e0:5a:1b:15:b2:ee,MF01CB
RX_DELTAE_SWEEP_20260115,46340,ADV,-43,e0:5a:1b:15:b2:ee,MF01CC
RX_DELTAE_SWEEP_20260115,46440,ADV,-45,e0:5a:1b:15:b2:ee,MF01CD
RX_DELTAE_SWEEP_20260115,46541,ADV,-49,e0:5a:1b:15:b2:ee,MF01CE
RX_DELTAE_SWEEP_20260115,46638,ADV,-43,e0:5a:1b:15:b2:ee,MF01CF
RX_DELTAE_SWEEP_20260115,46841,ADV,-49,e0:5a:1b:15:b2:ee,MF01D1
RX_DELTAE_SWEEP_20260115,46951,ADV,-43,e0:5a:1b:15:b2:ee,MF01D2
RX_DELTAE_SWEEP_20260115,47043,ADV,-43,e0:5a:1b:15:b2:ee,MF01D3
RX_DELTAE_SWEEP_20260115,47141,ADV,-48,e0:5a:1b:15:b2:ee,MF01D4
RX_DELTAE_SWEEP_20260115,47238,ADV,-43,e0:5a:1b:15:b2:ee,MF01D5
RX_DELTAE_SWEEP_20260115,47340,ADV,-99,e0:5a:1b:15:b2:ee,MF01D6
RX_DELTAE_SWEEP_20260115,47441,ADV,-48,e0:5a:1b:15:b2:ee,MF01D7
RX_DELTAE_SWEEP_20260115,47549,ADV,-43,e0:5a:1b:15:b2:ee,MF01D8
RX_DELTAE_SWEEP_20260115,47641,ADV,-44,e0:5a:1b:15:b2:ee,MF01D9
RX_DELTAE_SWEEP_20260115,47748,ADV,-48,e0:5a:1b:15:b2:ee,MF01DA
RX_DELTAE_SWEEP_20260115,47844,ADV,-43,e0:5a:1b:15:b2:ee,MF01DB
RX_DELTAE_SWEEP_20260115,47942,ADV,-44,e0:5a:1b:15:b2:ee,MF01DC
RX_DELTAE_SWEEP_20260115,48041,ADV,-49,e0:5a:1b:15:b2:ee,MF01DD
RX_DELTAE_SWEEP_20260115,48138,ADV,-44,e0:5a:1b:15:b2:ee,MF01DE
RX_DELTAE_SWEEP_20260115,48240,ADV,-45,e0:5a:1b:15:b2:ee,MF01DF
RX_DELTAE_SWEEP_20260115,48365,ADV,-50,e0:5a:1b:15:b2:ee,MF01E0
RX_DELTAE_SWEEP_20260115,48442,ADV,-43,e0:5a:1b:15:b2:ee,MF01E1
RX_DELTAE_SWEEP_20260115,48557,ADV,-44,e0:5a:1b:15:b2:ee,MF01E2
RX_DELTAE_SWEEP_20260115,48641,ADV,-49,e0:5a:1b:15:b2:ee,MF01E3
RX_DELTAE_SWEEP_20260115,48739,ADV,-44,e0:5a:1b:15:b2:ee,MF01E4
RX_DELTAE_SWEEP_20260115,48840,ADV,-45,e0:5a:1b:15:b2:ee,MF01E5
RX_DELTAE_SWEEP_20260115,48941,ADV,-49,e0:5a:1b:15:b2:ee,MF01E6
RX_DELTAE_SWEEP_20260115,49038,ADV,-43,e0:5a:1b:15:b2:ee,MF01E7
RX_DELTAE_SWEEP_20260115,49140,ADV,-46,e0:5a:1b:15:b2:ee,MF01E8
RX_DELTAE_SWEEP_20260115,49241,ADV,-49,e0:5a:1b:15:b2:ee,MF01E9
RX_DELTAE_SWEEP_20260115,49342,ADV,-43,e0:5a:1b:15:b2:ee,MF01EA
RX_DELTAE_SWEEP_20260115,49541,ADV,-50,e0:5a:1b:15:b2:ee,MF01EC
RX_DELTAE_SWEEP_20260115,49638,ADV,-43,e0:5a:1b:15:b2:ee,MF01ED
RX_DELTAE_SWEEP_20260115,49751,ADV,-45,e0:5a:1b:15:b2:ee,MF01EE
RX_DELTAE_SWEEP_20260115,49844,ADV,-49,e0:5a:1b:15:b2:ee,MF01EF
RX_DELTAE_SWEEP_20260115,49940,ADV,-43,e0:5a:1b:15:b2:ee,MF01F0
RX_DELTAE_SWEEP_20260115,50044,ADV,-45,e0:5a:1b:15:b2:ee,MF01F1
RX_DELTAE_SWEEP_20260115,50142,ADV,-50,e0:5a:1b:15:b2:ee,MF01F2
RX_DELTAE_SWEEP_20260115,50343,ADV,-45,e0:5a:1b:15:b2:ee,MF01F4
RX_DELTAE_SWEEP_20260115,50441,ADV,-48,e0:5a:1b:15:b2:ee,MF01F5
RX_DELTAE_SWEEP_20260115,50546,ADV,-43,e0:5a:1b:15:b2:ee,MF01F6
RX_DELTAE_SWEEP_20260115,50640,ADV,-44,e0:5a:1b:15:b2:ee,MF01F7
RX_DELTAE_SWEEP_20260115,50760,ADV,-49,e0:5a:1b:15:b2:ee,MF01F8
RX_DELTAE_SWEEP_20260115,50853,ADV,-43,e0:5a:1b:15:b2:ee,MF01F9
RX_DELTAE_SWEEP_20260115,50945,ADV,-45,e0:5a:1b:15:b2:ee,MF01FA
RX_DELTAE_SWEEP_20260115,51044,ADV,-49,e0:5a:1b:15:b2:ee,MF01FB
RX_DELTAE_SWEEP_20260115,51156,ADV,-43,e0:5a:1b:15:b2:ee,MF01FC
RX_DELTAE_SWEEP_20260115,51251,ADV,-45,e0:5a:1b:15:b2:ee,MF01FD
RX_DELTAE_SWEEP_20260115,51342,ADV,-47,e0:5a:1b:15:b2:ee,MF01FE
RX_DELTAE_SWEEP_20260115,51444,ADV,-43,e0:5a:1b:15:b2:ee,MF01FF
RX_DELTAE_SWEEP_20260115,51542,ADV,-46,e0:5a:1b:15:b2:ee,MF0200
RX_DELTAE_SWEEP_20260115,51650,ADV,-49,e0:5a:1b:15:b2:ee,MF0201
RX_DELTAE_SWEEP_20260115,51739,ADV,-43,e0:5a:1b:15:b2:ee,MF0202
RX_DELTAE_SWEEP_20260115,51944,ADV,-49,e0:5a:1b:15:b2:ee,MF0204
RX_DELTAE_SWEEP_20260115,52042,ADV,-43,e0:5a:1b:15:b2:ee,MF0205
RX_DELTAE_SWEEP_20260115,52140,ADV,-43,e0:5a:1b:15:b2:ee,MF0206
RX_DELTAE_SWEEP_20260115,52252,ADV,-49,e0:5a:1b:15:b2:ee,MF0207
RX_DELTAE_SWEEP_20260115,52339,ADV,-43,e0:5a:1b:15:b2:ee,MF0208
RX_DELTAE_SWEEP_20260115,52465,ADV,-44,e0:5a:1b:15:b2:ee,MF0209
RX_DELTAE_SWEEP_20260115,52639,ADV,-43,e0:5a:1b:15:b2:ee,MF020B
RX_DELTAE_SWEEP_20260115,52842,ADV,-49,e0:5a:1b:15:b2:ee,MF020D
RX_DELTAE_SWEEP_20260115,52939,ADV,-44,e0:5a:1b:15:b2:ee,MF020E
RX_DELTAE_SWEEP_20260115,53040,ADV,-44,e0:5a:1b:15:b2:ee,MF020F
RX_DELTAE_SWEEP_20260115,53142,ADV,-49,e0:5a:1b:15:b2:ee,MF0210
RX_DELTAE_SWEEP_20260115,53245,ADV,-43,e0:5a:1b:15:b2:ee,MF0211
RX_DELTAE_SWEEP_20260115,53542,ADV,-45,e0:5a:1b:15:b2:ee,MF0214
RX_DELTAE_SWEEP_20260115,53640,ADV,-45,e0:5a:1b:15:b2:ee,MF0215
RX_DELTAE_SWEEP_20260115,53750,ADV,-49,e0:5a:1b:15:b2:ee,MF0216
RX_DELTAE_SWEEP_20260115,53852,ADV,-43,e0:5a:1b:15:b2:ee,MF0217
RX_DELTAE_SWEEP_20260115,53946,ADV,-45,e0:5a:1b:15:b2:ee,MF0218
RX_DELTAE_SWEEP_20260115,54046,ADV,-48,e0:5a:1b:15:b2:ee,MF0219
RX_DELTAE_SWEEP_20260115,54138,ADV,-43,e0:5a:1b:15:b2:ee,MF021A
RX_DELTAE_SWEEP_20260115,54244,ADV,-44,e0:5a:1b:15:b2:ee,MF021B
RX_DELTAE_SWEEP_20260115,54341,ADV,-50,e0:5a:1b:15:b2:ee,MF021C
RX_DELTAE_SWEEP_20260115,54438,ADV,-43,e0:5a:1b:15:b2:ee,MF021D
RX_DELTAE_SWEEP_20260115,54540,ADV,-45,e0:5a:1b:15:b2:ee,MF021E
RX_DELTAE_SWEEP_20260115,54641,ADV,-49,e0:5a:1b:15:b2:ee,MF021F
RX_DELTAE_SWEEP_20260115,54738,ADV,-43,e0:5a:1b:15:b2:ee,MF0220
RX_DELTAE_SWEEP_20260115,54941,ADV,-47,e0:5a:1b:15:b2:ee,MF0222
RX_DELTAE_SWEEP_20260115,55044,ADV,-44,e0:5a:1b:15:b2:ee,MF0223
RX_DELTAE_SWEEP_20260115,55140,ADV,-45,e0:5a:1b:15:b2:ee,MF0224
RX_DELTAE_SWEEP_20260115,55241,ADV,-49,e0:5a:1b:15:b2:ee,MF0225
RX_DELTAE_SWEEP_20260115,55341,ADV,-44,e0:5a:1b:15:b2:ee,MF0226
RX_DELTAE_SWEEP_20260115,55440,ADV,-44,e0:5a:1b:15:b2:ee,MF0227
RX_DELTAE_SWEEP_20260115,55549,ADV,-49,e0:5a:1b:15:b2:ee,MF0228
RX_DELTAE_SWEEP_20260115,55638,ADV,-43,e0:5a:1b:15:b2:ee,MF0229
RX_DELTAE_SWEEP_20260115,55740,ADV,-43,e0:5a:1b:15:b2:ee,MF022A
RX_DELTAE_SWEEP_20260115,55841,ADV,-48,e0:5a:1b:15:b2:ee,MF022B
RX_DELTAE_SWEEP_20260115,55938,ADV,-43,e0:5a:1b:15:b2:ee,MF022C
RX_DELTAE_SWEEP_20260115,56040,ADV,-45,e0:5a:1b:15:b2:ee,MF022D
RX_DELTAE_SWEEP_20260115,56141,ADV,-49,e0:5a:1b:15:b2:ee,MF022E
RX_DELTAE_SWEEP_20260115,56246,ADV,-44,e0:5a:1b:15:b2:ee,MF022F
RX_DELTAE_SWEEP_20260115,56340,ADV,-44,e0:5a:1b:15:b2:ee,MF0230
RX_DELTAE_SWEEP_20260115,56447,ADV,-49,e0:5a:1b:15:b2:ee,MF0231
RX_DELTAE_SWEEP_20260115,56539,ADV,-43,e0:5a:1b:15:b2:ee,MF0232
RX_DELTAE_SWEEP_20260115,56640,ADV,-45,e0:5a:1b:15:b2:ee,MF0233
RX_DELTAE_SWEEP_20260115,56741,ADV,-49,e0:5a:1b:15:b2:ee,MF0234
RX_DELTAE_SWEEP_20260115,56839,ADV,-43,e0:5a:1b:15:b2:ee,MF0235
RX_DELTAE_SWEEP_20260115,56940,ADV,-45,e0:5a:1b:15:b2:ee,MF0236
RX_DELTAE_SWEEP_20260115,57041,ADV,-49,e0:5a:1b:15:b2:ee,MF0237
RX_DELTAE_SWEEP_20260115,57138,ADV,-43,e0:5a:1b:15:b2:ee,MF0238
RX_DELTAE_SWEEP_20260115,57240,ADV,-44,e0:5a:1b:15:b2:ee,MF0239
RX_DELTAE_SWEEP_20260115,57345,ADV,-49,e0:5a:1b:15:b2:ee,MF023A
RX_DELTAE_SWEEP_20260115,57444,ADV,-44,e0:5a:1b:15:b2:ee,MF023B
RX_DELTAE_SWEEP_20260115,57549,ADV,-44,e0:5a:1b:15:b2:ee,MF023C
RX_DELTAE_SWEEP_20260115,57641,ADV,-50,e0:5a:1b:15:b2:ee,MF023D
RX_DELTAE_SWEEP_20260115,57738,ADV,-44,e0:5a:1b:15:b2:ee,MF023E
RX_DELTAE_SWEEP_20260115,57845,ADV,-45,e0:5a:1b:15:b2:ee,MF023F
RX_DELTAE_SWEEP_20260115,57941,ADV,-49,e0:5a:1b:15:b2:ee,MF0240
RX_DELTAE_SWEEP_20260115,58038,ADV,-44,e0:5a:1b:15:b2:ee,MF0241
RX_DELTAE_SWEEP_20260115,58140,ADV,-43,e0:5a:1b:15:b2:ee,MF0242
RX_DELTAE_SWEEP_20260115,58241,ADV,-48,e0:5a:1b:15:b2:ee,MF0243
RX_DELTAE_SWEEP_20260115,58338,ADV,-43,e0:5a:1b:15:b2:ee,MF0244
RX_DELTAE_SWEEP_20260115,58443,ADV,-46,e0:5a:1b:15:b2:ee,MF0245
RX_DELTAE_SWEEP_20260115,58555,ADV,-49,e0:5a:1b:15:b2:ee,MF0246
RX_DELTAE_SWEEP_20260115,58641,ADV,-43,e0:5a:1b:15:b2:ee,MF0247
RX_DELTAE_SWEEP_20260115,58743,ADV,-46,e0:5a:1b:15:b2:ee,MF0248
RX_DELTAE_SWEEP_20260115,58845,ADV,-48,e0:5a:1b:15:b2:ee,MF0249
RX_DELTAE_SWEEP_20260115,58964,ADV,-44,e0:5a:1b:15:b2:ee,MF024A
RX_DELTAE_SWEEP_20260115,59040,ADV,-44,e0:5a:1b:15:b2:ee,MF024B
RX_DELTAE_SWEEP_20260115,59165,ADV,-48,e0:5a:1b:15:b2:ee,MF024C
RX_DELTAE_SWEEP_20260115,59238,ADV,-45,e0:5a:1b:15:b2:ee,MF024D
RX_DELTAE_SWEEP_20260115,59354,ADV,-44,e0:5a:1b:15:b2:ee,MF024E
RX_DELTAE_SWEEP_20260115,59441,ADV,-49,e0:5a:1b:15:b2:ee,MF024F
